,ID,IL,IL_SMILE,mol%_IL,HL,HL_SMILE,mol%_HL,Chol,Chol_SMILE,mol%_Chol,PEG,PEG_SMILE,mol%_PEG,Fifth,Fifth_SMILE,mol%_Fifth,EE_before,EE_after,Aerosolization_Efficiency,mRNA_Recovery_Efficiency,cell_expression_before_1,cell_expression_before_2,cell_expression_after_1,cell_expression_after_2,AVG_before,AVG_after,Norm_before,Norm_after,备注,Unnamed: 29
294,4-F55,SM102,OCCN(CCCCCCCC(OC(CCCCCCCC)CCCCCCCC)=O)CCCCCC(OCCCCCCCCCCC)=O,31.4757281553398,DOPE,CCCCCCCC/C=C/CCCCCCCC(=O)OCC(COP(=O)([O-])OCC[NH3+])OC(=O)CCCCCCC/C=C/CCCCCCCC,20.5922330097087,Cholesterol,CC(C)CCCC(C)C1CCC2C1(CCC3C2CC=C4C3(CCC(C4)O)C)C,40.3203883495146,DMPE-PEG,CCCCCCCCCCCCCC(OCC(OC(CCCCCCCCCCCCC)=O)COP(OCCNC(OCCO)=O)(O)=O)=O,4.69902912621359,L-Tyr-UC18,C(CCCCCC)CCCCCCCCCCCNC(=O)N[C@@H](C(=O)OCC)CC1=CC=C(O)C=C1,2.9126213592233,62.65224882657,82.0111454229227,73.0361940888257,55.7958528904997,4962,4925,2090,2302,4943.5,2196.0,0.110869394574834,0.43889277505746,,100
195,3-F52,ALC0315,OCCCCN(CCCCCCOC(C(CCCCCC)CCCCCCCC)=O)CCCCCCOC(C(CCCCCC)CCCCCCCC)=O,44.6428571428571,DOPE,CCCCCCCC/C=C/CCCCCCCC(=O)OCC(COP(=O)([O-])OCC[NH3+])OC(=O)CCCCCCC/C=C/CCCCCCCC,8.92857142857143,Cholesterol,CC(C)CCCC(C)C1CCC2C1(CCC3C2CC=C4C3(CCC(C4)O)C)C,34.375,DMPE-PEG,CCCCCCCCCCCCCC(OCC(OC(CCCCCCCCCCCCC)=O)COP(OCCNC(OCCO)=O)(O)=O)=O,1.33928571428571,L-Leu-UC18,C(CCCCCC)CCCCCCCCCCCNC(=O)N[C@@H](C(=O)OCC)CC(C)C,10.7142857142857,80.55339864,78.52850414,35.85133006,36.7757735,1106529,1151761,1538577,1685261,1129145.0,1611919.0,2.24298833358826,11.1672047331375,,100
72,2-F25,SM102,OCCN(CCCCCCCC(OC(CCCCCCCC)CCCCCCCC)=O)CCCCCC(OCCCCCCCCCCC)=O,50.0,DOPC,CCCCCCCC/C=C\CCCCCCCC(=O)OCC(COP(=O)([O-])OCC[N+](C)(C)C)OC(=O)CCCCCCC/C=C\CCCCCCCC,10.0,β-sitosterol,CCC(CCC(C)C1CCC2C1(CCC3C2CC=C4C3(CCC(C4)O)C)C)C(C)C,38.5,DMPE-PEG,CCCCCCCCCCCCCC(OCC(OC(CCCCCCCCCCCCC)=O)COP(OCCNC(OCCO)=O)(O)=O)=O,1.5,,,,79.53979861,87.87698707,42.70758123,38.65576783,1093479,1089,40817,36722,547284.0,38769.5,0.845486756151123,0.154474006634061,,100
2,1-F3,SM102,OCCN(CCCCCCCC(OC(CCCCCCCC)CCCCCCCC)=O)CCCCCC(OCCCCCCCCCCC)=O,50.0,DSPC,CCCCCCCCCCCCCCCCCC(=O)OCC(COP(=O)([O-])OCC[N+](C)(C)C)OC(=O)CCCCCCCCCCCCCCCCC,5.0,Cholesterol,CC(C)CCCC(C)C1CCC2C1(CCC3C2CC=C4C3(CCC(C4)O)C)C,38.5,DSPE-PEG,CCCCCCCCCCCCCCCCCC(OCC(OC(CCCCCCCCCCCCCCCCC)=O)COP(OCCNC(OCCO)=O)(O)=O)=O,1.5,L-His-UC18,C(CCCCCC)CCCCCCCCCCCNC(=O)N[C@H](C(OCC)=O)CC1=CN=CN1,5.0,74.37583893,71.89027274,38.56928777,39.90279943,20252,18859,12554,8962,19555.5,10758.0,0.308797056594239,0.663705348880252,,100
73,2-F26,SM102,OCCN(CCCCCCCC(OC(CCCCCCCC)CCCCCCCC)=O)CCCCCC(OCCCCCCCCCCC)=O,50.0,DOPC,CCCCCCCC/C=C\CCCCCCCC(=O)OCC(COP(=O)([O-])OCC[N+](C)(C)C)OC(=O)CCCCCCC/C=C\CCCCCCCC,5.0,β-sitosterol,CCC(CCC(C)C1CCC2C1(CCC3C2CC=C4C3(CCC(C4)O)C)C)C(C)C,38.5,DMPE-PEG,CCCCCCCCCCCCCC(OCC(OC(CCCCCCCCCCCCC)=O)COP(OCCNC(OCCO)=O)(O)=O)=O,1.5,L-His-UC12,CCCCCCCCCCCCNC(=O)N[C@H](C(OCC)=O)CC1=CN=CN1,5.0,78.47693958,85.28037383,35.88298765,33.02034134,416931,299757,20933,15233,358344.0,18083.0,0.553597594934656,0.072050283391938,,100
215,3-F72,ALC0315,OCCCCN(CCCCCCOC(C(CCCCCC)CCCCCCCC)=O)CCCCCCOC(C(CCCCCC)CCCCCCCC)=O,42.3728813559322,DOPE,CCCCCCCC/C=C/CCCCCCCC(=O)OCC(COP(=O)([O-])OCC[NH3+])OC(=O)CCCCCCC/C=C/CCCCCCCC,8.47457627118644,Cholesterol,CC(C)CCCC(C)C1CCC2C1(CCC3C2CC=C4C3(CCC(C4)O)C)C,32.6271186440678,DMPE-PEG,CCCCCCCCCCCCCC(OCC(OC(CCCCCCCCCCCCC)=O)COP(OCCNC(OCCO)=O)(O)=O)=O,1.27118644067797,β-CD-UC18,[C@H]12OC3[C@H](O)[C@@H](O)[C@H](OC4[C@H](O)[C@@H](O)[C@H](OC5[C@H](O)[C@@H](O)[C@H](OC6[C@H](O)[C@@H](O)[C@H](OC7[C@H](O)[C@@H](O)[C@H](OC8[C@H](O)[C@@H](O)[C@H](OC([C@@H](O)[C@@H]1O)O[C@@H]2CNC(=O)NCCCCCCCCCCCCCCCCCC)CO8)CO7)CO6)CO5)CO4)CO3,15.2542372881356,64.0207248,65.6054028,48.6474402,47.47237648,202401,175286,251019,381505,188843.5,316262.0,0.375127877618884,2.19102976223466,,100
432,6-F4,SM102,OCCN(CCCCCCCC(OC(CCCCCCCC)CCCCCCCC)=O)CCCCCC(OCCCCCCCCCCC)=O,48.5436893203884,DOPE,CCCCCCCC/C=C/CCCCCCCC(=O)OCC(COP(=O)([O-])OCC[NH3+])OC(=O)CCCCCCC/C=C/CCCCCCCC,9.70873786407767,Cholesterol,CC(C)CCCC(C)C1CCC2C1(CCC3C2CC=C4C3(CCC(C4)O)C)C,37.378640776699,DMG-PEG,CCCCCCCCCCCCCC(=O)OCC(COCCO)OC(=O)CCCCCCCCCCCCC,1.45631067961165,L-Arg-Uc18,C(CCCCCC)CCCCCCCCCCCNC(=O)N[C@@H](C(=O)OCC)CCCNC(=N)N,2.9126213592233,81.8642283910012,76.7625680568223,55.7955002008839,59.5036837258256,4579979,5075255,2229491,2355267,4827617.0,2292379.0,1.63034499155129,3.66167529089293,,100
202,3-F59,ALC0315,OCCCCN(CCCCCCOC(C(CCCCCC)CCCCCCCC)=O)CCCCCCOC(C(CCCCCC)CCCCCCCC)=O,43.4782608695652,DOPE,CCCCCCCC/C=C/CCCCCCCC(=O)OCC(COP(=O)([O-])OCC[NH3+])OC(=O)CCCCCCC/C=C/CCCCCCCC,8.69565217391304,Cholesterol,CC(C)CCCC(C)C1CCC2C1(CCC3C2CC=C4C3(CCC(C4)O)C)C,33.4782608695652,DMPE-PEG,CCCCCCCCCCCCCC(OCC(OC(CCCCCCCCCCCCC)=O)COP(OCCNC(OCCO)=O)(O)=O)=O,1.30434782608696,L-Phg-UC18,C(CCCCCC)CCCCCCCCCCCNC(=O)N[C@H](C(OCC)=O)C1=CC=CC=C1,13.0434782608696,68.54861034,89.28970293,32.28672388,24.78684531,794258,802820,851684,877453,798539.0,864568.5,1.58625655776294,5.98963933381367,,100
369,5-F34,ALC0315,OCCCCN(CCCCCCOC(C(CCCCCC)CCCCCCCC)=O)CCCCCCOC(C(CCCCCC)CCCCCCCC)=O,45.0581395348837,DOPC,CCCCCCCC/C=C\CCCCCCCC(=O)OCC(COP(=O)([O-])OCC[N+](C)(C)C)OC(=O)CCCCCCC/C=C\CCCCCCCC,9.10852713178295,Cholesterol,CC(C)CCCC(C)C1CCC2C1(CCC3C2CC=C4C3(CCC(C4)O)C)C,41.3759689922481,DMPE-PEG,CCCCCCCCCCCCCC(OCC(OC(CCCCCCCCCCCCC)=O)COP(OCCNC(OCCO)=O)(O)=O)=O,1.55038759689923,DOPE-DC-Ome,CCCCCCCC/C=C\CCCCCCCC(=O)OC[C@]([H])(OC(=O)CCCCCCC/C=C\CCCCCCCC)COP(=O)(OCCNC(=O)CCSSCC(C(=O)OC)NC(=O)C(CO)NC(=O)C(CO)NC(=O)C(CC(=O)OC)N)O,2.90697674418605,95.5481884915936,85.704552381977,74.0396530359356,82.543511721525,179567,82196,188817,73693,130881.5,131255.0,0.954983911098788,3.55208854850277,,100
506,6-F80,ALC0315,OCCCCN(CCCCCCOC(C(CCCCCC)CCCCCCCC)=O)CCCCCCOC(C(CCCCCC)CCCCCCCC)=O,45.0581395348837,DOPE,CCCCCCCC/C=C/CCCCCCCC(=O)OCC(COP(=O)([O-])OCC[NH3+])OC(=O)CCCCCCC/C=C/CCCCCCCC,9.10852713178295,β-sitosterol,CCC(CCC(C)C1CCC2C1(CCC3C2CC=C4C3(CCC(C4)O)C)C)C(C)C,41.3759689922481,DMG-PEG,CCCCCCCCCCCCCC(=O)OCC(COCCO)OC(=O)CCCCCCCCCCCCC,1.55038759689923,DC-DOPE,CCCCCCCC/C=C\CCCCCCCC(=O)OC[C@]([H])(OC(=O)CCCCCCC/C=C\CCCCCCCC)COP(=O)(OCCNC(=O)CCSSCC(C(=O)O)NC(=O)C(CC(=O)O)N)O,2.90697674418605,91.0954411282388,83.5410330871424,59.7905245069962,65.1972330719461,1173090,1085928,544995,626451,1129509.0,585723.0,0.381448930406472,0.935590247689269,,100
173,3-F30,SM102,OCCN(CCCCCCCC(OC(CCCCCCCC)CCCCCCCC)=O)CCCCCC(OCCCCCCCCCCC)=O,42.3728813559322,DOPE,CCCCCCCC/C=C/CCCCCCCC(=O)OCC(COP(=O)([O-])OCC[NH3+])OC(=O)CCCCCCC/C=C/CCCCCCCC,8.47457627118644,Cholesterol,CC(C)CCCC(C)C1CCC2C1(CCC3C2CC=C4C3(CCC(C4)O)C)C,32.6271186440678,DMPE-PEG,CCCCCCCCCCCCCC(OCC(OC(CCCCCCCCCCCCC)=O)COP(OCCNC(OCCO)=O)(O)=O)=O,1.27118644067797,L-Leu-UC12,CCCCCCCCCCCCNC(=O)N[C@@H](C(=O)OCC)CC(C)C,15.2542372881356,81.40352672,77.80094077,22.86365064,23.92235592,1927078,2218062,231217,276521,2072570.0,253869.0,4.1170534612871,1.75877764229895,,100
462,6-F34,SM102,OCCN(CCCCCCCC(OC(CCCCCCCC)CCCCCCCC)=O)CCCCCC(OCCCCCCCCCCC)=O,48.5436893203884,DOPE,CCCCCCCC/C=C/CCCCCCCC(=O)OCC(COP(=O)([O-])OCC[NH3+])OC(=O)CCCCCCC/C=C/CCCCCCCC,9.70873786407767,β-sitosterol,CCC(CCC(C)C1CCC2C1(CCC3C2CC=C4C3(CCC(C4)O)C)C)C(C)C,37.378640776699,DMG-PEG,CCCCCCCCCCCCCC(=O)OCC(COCCO)OC(=O)CCCCCCCCCCCCC,1.45631067961165,DRC-DOPE,CCCCCCCC/C=C\CCCCCCCC(=O)OC[C@]([H])(OC(=O)CCCCCCC/C=C\CCCCCCCC)COP(=O)(OCCNC(=O)CCSSCC(C(=O)O)NC(=O)C(CCCNC(=N)N)NC(=O)C(N)CC(=O)O)O,2.9126213592233,83.1137937981373,94.5129660326469,31.3615811308442,27.5790729749415,2107798,2219925,721526,812514,2163861.5,767020.0,0.73076235313109,1.22518055767423,,100
216,3-F73,ALC0315,OCCCCN(CCCCCCOC(C(CCCCCC)CCCCCCCC)=O)CCCCCCOC(C(CCCCCC)CCCCCCCC)=O,48.5436893203884,DOPE,CCCCCCCC/C=C/CCCCCCCC(=O)OCC(COP(=O)([O-])OCC[NH3+])OC(=O)CCCCCCC/C=C/CCCCCCCC,9.70873786407767,Cholesterol,CC(C)CCCC(C)C1CCC2C1(CCC3C2CC=C4C3(CCC(C4)O)C)C,37.378640776699,DMPE-PEG,CCCCCCCCCCCCCC(OCC(OC(CCCCCCCCCCCCC)=O)COP(OCCNC(OCCO)=O)(O)=O)=O,1.45631067961165,L-Leu-UC12,CCCCCCCCCCCCNC(=O)N[C@@H](C(=O)OCC)CC(C)C,2.9126213592233,78.49164873,87.2008702,71.76426706,64.59678246,2213184,1978661,1613246,1862138,2095922.5,1737692.0,4.16344199868497,12.0385468048551,,100
474,6-F46,SM102,OCCN(CCCCCCCC(OC(CCCCCCCC)CCCCCCCC)=O)CCCCCC(OCCCCCCCCCCC)=O,48.5436893203884,DOPE,CCCCCCCC/C=C/CCCCCCCC(=O)OCC(COP(=O)([O-])OCC[NH3+])OC(=O)CCCCCCC/C=C/CCCCCCCC,9.70873786407767,β-sitosterol,CCC(CCC(C)C1CCC2C1(CCC3C2CC=C4C3(CCC(C4)O)C)C)C(C)C,37.378640776699,DMG-PEG,CCCCCCCCCCCCCC(=O)OCC(COCCO)OC(=O)CCCCCCCCCCCCC,1.45631067961165,L-BQGA,C1=CC=C2N=C(C3=NC4=CC=CC=C4C(C(NC(CCC(=O)O)C(=O)O)=O)=C3)C=C(C(NC(CCC(=O)O)C(=O)O)=O)C2=C1,2.9126213592233,87.4518167247295,95.9331301797055,51.0224174492578,46.511597101718,159134,1077668,69979,211328,618401.0,140653.5,0.208841540892806,0.224669413533979,,100
412,5-F79,ALC0315,OCCCCN(CCCCCCOC(C(CCCCCC)CCCCCCCC)=O)CCCCCCOC(C(CCCCCC)CCCCCCCC)=O,45.4412195836998,DOPE,CCCCCCCC/C=C/CCCCCCCC(=O)OCC(COP(=O)([O-])OCC[NH3+])OC(=O)CCCCCCC/C=C/CCCCCCCC,9.18596696960813,Cholesterol,CC(C)CCCC(C)C1CCC2C1(CCC3C2CC=C4C3(CCC(C4)O)C)C,41.7277435747093,DSPE-PEG,CCCCCCCCCCCCCCCCCC(OCC(OC(CCCCCCCCCCCCCCCCC)=O)COP(OCCNC(OCCO)=O)(O)=O)=O,1.56356884589075,DRDRC-DOPE,CCCCCCCC/C=C\CCCCCCCC(=O)OC[C@]([H])(OC(=O)CCCCCCC/C=C\CCCCCCCC)COP(=O)(OCCNC(=O)CCSSCC(C(=O)O)NC(=O)C(CCCNC(=N)N)NC(=O)C(CC(O)=O)NC(=O)C(CCCNC(=N)N)NC(=O)C(CC(O)=O)N)O,2.08150102609206,87.9986801376428,89.126923900142,81.7873404160343,80.7520072906683,549,691,232,392,620.0,312.0,0.004523863379326,0.008443500263859,,100
30,1-F31,SM102,OCCN(CCCCCCCC(OC(CCCCCCCC)CCCCCCCC)=O)CCCCCC(OCCCCCCCCCCC)=O,50.0,DSPC,CCCCCCCCCCCCCCCCCC(=O)OCC(COP(=O)([O-])OCC[N+](C)(C)C)OC(=O)CCCCCCCCCCCCCCCCC,5.0,β-sitosterol,CCC(CCC(C)C1CCC2C1(CCC3C2CC=C4C3(CCC(C4)O)C)C)C(C)C,38.5,DMG-PEG,CCCCCCCCCCCCCC(=O)OCC(COCCO)OC(=O)CCCCCCCCCCCCC,1.5,L-Phe-UC18,C(CCCCCC)CCCCCCCCCCCNC(=O)N[C@H](C(OCC)=O)CC1=CC=CC=C1,5.0,70.60348019,77.12256359,45.86345672,41.9866704,655855,538376,317475,245915,597115.5,281695.0,9.42893348913593,17.37892528842,,100
141,2-F94,SM102,OCCN(CCCCCCCC(OC(CCCCCCCC)CCCCCCCC)=O)CCCCCC(OCCCCCCCCCCC)=O,50.0,DOPE,CCCCCCCC/C=C/CCCCCCCC(=O)OCC(COP(=O)([O-])OCC[NH3+])OC(=O)CCCCCCC/C=C/CCCCCCCC,5.0,β-sitosterol,CCC(CCC(C)C1CCC2C1(CCC3C2CC=C4C3(CCC(C4)O)C)C)C(C)C,38.5,DMPE-PEG,CCCCCCCCCCCCCC(OCC(OC(CCCCCCCCCCCCC)=O)COP(OCCNC(OCCO)=O)(O)=O)=O,1.5,β-CD-UC6,[C@H]12OC3[C@H](O)[C@@H](O)[C@H](OC4[C@H](O)[C@@H](O)[C@H](OC5[C@H](O)[C@@H](O)[C@H](OC6[C@H](O)[C@@H](O)[C@H](OC7[C@H](O)[C@@H](O)[C@H](OC8[C@H](O)[C@@H](O)[C@H](OC([C@@H](O)[C@@H]1O)O[C@@H]2CNC(=O)NCCCCCC)CO8)CO7)CO6)CO5)CO4)CO3,5.0,75.13909597,37.59852304,12.81306715,25.60638569,359569,365195,34211,33655,362382.0,33933.0,0.559835810415719,0.13520335488241,,100
48,2-F1-SM102-LNP,SM102,OCCN(CCCCCCCC(OC(CCCCCCCC)CCCCCCCC)=O)CCCCCC(OCCCCCCCCCCC)=O,50.0,DSPC,CCCCCCCCCCCCCCCCCC(=O)OCC(COP(=O)([O-])OCC[N+](C)(C)C)OC(=O)CCCCCCCCCCCCCCCCC,10.0,β-sitosterol,CCC(CCC(C)C1CCC2C1(CCC3C2CC=C4C3(CCC(C4)O)C)C)C(C)C,38.5,DMG-PEG,CCCCCCCCCCCCCC(=O)OCC(COCCO)OC(=O)CCCCCCCCCCCCC,1.5,,,,86.33308633,53.73897636,20.09486523,32.28293228,914085,380516,209008,292947,647300.5,250977.5,1.0,1.0,,100
98,2-F51,SM102,OCCN(CCCCCCCC(OC(CCCCCCCC)CCCCCCCC)=O)CCCCCC(OCCCCCCCCCCC)=O,50.0,DOPE,CCCCCCCC/C=C/CCCCCCCC(=O)OCC(COP(=O)([O-])OCC[NH3+])OC(=O)CCCCCCC/C=C/CCCCCCCC,5.0,β-sitosterol,CCC(CCC(C)C1CCC2C1(CCC3C2CC=C4C3(CCC(C4)O)C)C)C(C)C,38.5,DMPE-PEG,CCCCCCCCCCCCCC(OCC(OC(CCCCCCCCCCCCC)=O)COP(OCCNC(OCCO)=O)(O)=O)=O,1.5,L-His-UC18,C(CCCCCC)CCCCCCCCCCCNC(=O)N[C@H](C(OCC)=O)CC1=CN=CN1,5.0,93.2880604,29.32878558,11.34272453,36.07857436,1249026,1320685,189116,114472,1284855.5,151794.0,1.98494439599537,0.604811188253927,,100
54,2-F7,SM102,OCCN(CCCCCCCC(OC(CCCCCCCC)CCCCCCCC)=O)CCCCCC(OCCCCCCCCCCC)=O,50.0,DOPC,CCCCCCCC/C=C\CCCCCCCC(=O)OCC(COP(=O)([O-])OCC[N+](C)(C)C)OC(=O)CCCCCCC/C=C\CCCCCCCC,5.0,β-sitosterol,CCC(CCC(C)C1CCC2C1(CCC3C2CC=C4C3(CCC(C4)O)C)C)C(C)C,38.5,DMG-PEG,CCCCCCCCCCCCCC(=O)OCC(COCCO)OC(=O)CCCCCCCCCCCCC,1.5,L-Phe-UC18,C(CCCCCC)CCCCCCCCCCCNC(=O)N[C@H](C(OCC)=O)CC1=CC=CC=C1,5.0,75.66867146,34.20877343,15.48734518,34.25749352,449180,483,29665,10631,224831.5,20148.0,0.347337133217107,0.080278112579813,,100
366,5-F31,ALC0315,OCCCCN(CCCCCCOC(C(CCCCCC)CCCCCCCC)=O)CCCCCCOC(C(CCCCCC)CCCCCCCC)=O,45.4412195836998,DOPC,CCCCCCCC/C=C\CCCCCCCC(=O)OCC(COP(=O)([O-])OCC[N+](C)(C)C)OC(=O)CCCCCCC/C=C\CCCCCCCC,9.18596696960813,Cholesterol,CC(C)CCCC(C)C1CCC2C1(CCC3C2CC=C4C3(CCC(C4)O)C)C,41.7277435747093,DMPE-PEG,CCCCCCCCCCCCCC(OCC(OC(CCCCCCCCCCCCC)=O)COP(OCCNC(OCCO)=O)(O)=O)=O,1.56356884589075,DRDRC-DOPE,CCCCCCCC/C=C\CCCCCCCC(=O)OC[C@]([H])(OC(=O)CCCCCCC/C=C\CCCCCCCC)COP(=O)(OCCNC(=O)CCSSCC(C(=O)O)NC(=O)C(CCCNC(=N)N)NC(=O)C(CC(O)=O)NC(=O)C(CCCNC(=N)N)NC(=O)C(CC(O)=O)N)O,2.08150102609206,94.2359364280814,94.4923290706627,76.3175855008721,76.1105076606449,76211,69628,53204,49927,72919.5,51565.5,0.532061057562513,1.39549138735911,,100
108,2-F61,SM102,OCCN(CCCCCCCC(OC(CCCCCCCC)CCCCCCCC)=O)CCCCCC(OCCCCCCCCCCC)=O,50.0,DOPE,CCCCCCCC/C=C/CCCCCCCC(=O)OCC(COP(=O)([O-])OCC[NH3+])OC(=O)CCCCCCC/C=C/CCCCCCCC,5.0,β-sitosterol,CCC(CCC(C)C1CCC2C1(CCC3C2CC=C4C3(CCC(C4)O)C)C)C(C)C,38.5,DMPE-PEG,CCCCCCCCCCCCCC(OCC(OC(CCCCCCCCCCCCC)=O)COP(OCCNC(OCCO)=O)(O)=O)=O,1.5,L-Met-UC18,C(CCCCCC)CCCCCCCCCCCNC(=O)N[C@@H](C(=O)OCC)CCSC,5.0,59.92927601,32.84802963,18.02653868,32.88834746,511326,498995,202299,166970,505160.5,184634.5,0.780411107360492,0.735661563287546,,100
39,1-F40,SM102,OCCN(CCCCCCCC(OC(CCCCCCCC)CCCCCCCC)=O)CCCCCC(OCCCCCCCCCCC)=O,50.0,DOPC,CCCCCCCC/C=C\CCCCCCCC(=O)OCC(COP(=O)([O-])OCC[N+](C)(C)C)OC(=O)CCCCCCC/C=C\CCCCCCCC,5.0,β-sitosterol,CCC(CCC(C)C1CCC2C1(CCC3C2CC=C4C3(CCC(C4)O)C)C)C(C)C,38.5,DSPE-PEG,CCCCCCCCCCCCCCCCCC(OCC(OC(CCCCCCCCCCCCCCCCC)=O)COP(OCCNC(OCCO)=O)(O)=O)=O,1.5,L-Glu-UC12,CCCCCCCCCCCCNC(=O)N[C@H](C(OCC)=O)CCC(=O)OCC,5.0,79.7120542,67.53025396,44.25289875,52.23569078,12566,13852,7182,6961,13209.0,7071.5,0.208580722587165,0.436269973471528,,100
509,6-F83,ALC0315,OCCCCN(CCCCCCOC(C(CCCCCC)CCCCCCCC)=O)CCCCCCOC(C(CCCCCC)CCCCCCCC)=O,45.0581395348837,DOPE,CCCCCCCC/C=C/CCCCCCCC(=O)OCC(COP(=O)([O-])OCC[NH3+])OC(=O)CCCCCCC/C=C/CCCCCCCC,9.10852713178295,β-sitosterol,CCC(CCC(C)C1CCC2C1(CCC3C2CC=C4C3(CCC(C4)O)C)C)C(C)C,41.3759689922481,DMG-PEG,CCCCCCCCCCCCCC(=O)OCC(COCCO)OC(=O)CCCCCCCCCCCCC,1.55038759689923,SSC-DOPE,CCCCCCCC/C=C\CCCCCCCC(=O)OC[C@]([H])(OC(=O)CCCCCCC/C=C\CCCCCCCC)COP(=O)(OCCNC(=O)CCSSCC(C(=O)O)NC(=O)C(CO)NC(=O)C(CO)N)O,2.90697674418605,89.0110302393637,84.3274173213073,54.9736564805058,58.0269377954529,2482392,1855448,1104768,1058290,2168920.0,1081529.0,0.732470670120561,1.72755378394416,,100
6,1-F7,SM102,OCCN(CCCCCCCC(OC(CCCCCCCC)CCCCCCCC)=O)CCCCCC(OCCCCCCCCCCC)=O,50.0,DOPC,CCCCCCCC/C=C\CCCCCCCC(=O)OCC(COP(=O)([O-])OCC[N+](C)(C)C)OC(=O)CCCCCCC/C=C\CCCCCCCC,5.0,Cholesterol,CC(C)CCCC(C)C1CCC2C1(CCC3C2CC=C4C3(CCC(C4)O)C)C,38.5,DMG-PEG,CCCCCCCCCCCCCC(=O)OCC(COCCO)OC(=O)CCCCCCCCCCCCC,1.5,L-Phe-UC18,C(CCCCCC)CCCCCCCCCCCNC(=O)N[C@H](C(OCC)=O)CC1=CC=CC=C1,5.0,78.54467975,79.0073776,46.09027242,45.82034991,626828,422648,185050,175477,524738.0,180263.5,8.28603461344113,11.1211980998211,,100
460,6-F32,SM102,OCCN(CCCCCCCC(OC(CCCCCCCC)CCCCCCCC)=O)CCCCCC(OCCCCCCCCCCC)=O,48.5436893203884,DOPE,CCCCCCCC/C=C/CCCCCCCC(=O)OCC(COP(=O)([O-])OCC[NH3+])OC(=O)CCCCCCC/C=C/CCCCCCCC,9.70873786407767,β-sitosterol,CCC(CCC(C)C1CCC2C1(CCC3C2CC=C4C3(CCC(C4)O)C)C)C(C)C,37.378640776699,DMG-PEG,CCCCCCCCCCCCCC(=O)OCC(COCCO)OC(=O)CCCCCCCCCCCCC,1.45631067961165,DC-DOPE,CCCCCCCC/C=C\CCCCCCCC(=O)OC[C@]([H])(OC(=O)CCCCCCC/C=C\CCCCCCCC)COP(=O)(OCCNC(=O)CCSSCC(C(=O)O)NC(=O)C(CC(=O)O)N)O,2.9126213592233,76.7553367024064,97.8384357809136,27.5880964424212,21.6431672738332,1684012,1772943,475296,566509,1728477.5,520902.5,0.583727879642086,0.832050814116843,,100
351,5-F16,ALC0315,OCCCCN(CCCCCCOC(C(CCCCCC)CCCCCCCC)=O)CCCCCCOC(C(CCCCCC)CCCCCCCC)=O,45.0581395348837,DOPE,CCCCCCCC/C=C/CCCCCCCC(=O)OCC(COP(=O)([O-])OCC[NH3+])OC(=O)CCCCCCC/C=C/CCCCCCCC,9.10852713178295,Cholesterol,CC(C)CCCC(C)C1CCC2C1(CCC3C2CC=C4C3(CCC(C4)O)C)C,41.3759689922481,DMPE-PEG,CCCCCCCCCCCCCC(OCC(OC(CCCCCCCCCCCCC)=O)COP(OCCNC(OCCO)=O)(O)=O)=O,1.55038759689923,DDSC-DOPE,CCCCCCCC/C=C\CCCCCCCC(=O)OC[C@]([H])(OC(=O)CCCCCCC/C=C\CCCCCCCC)COP(=O)(OCCNC(=O)CCSSCC(C(=O)O)NC(=O)C(CO)NC(=O)C(CC(O)=O)NC(=O)C(CC(O)=O)N)O,2.90697674418605,81.9351112238141,85.4693300335867,74.8194635488308,71.7256244452897,115610,90089,34259,35348,102849.5,34803.5,0.750446913922554,0.94186974818343,,100
32,1-F33,SM102,OCCN(CCCCCCCC(OC(CCCCCCCC)CCCCCCCC)=O)CCCCCC(OCCCCCCCCCCC)=O,50.0,DSPC,CCCCCCCCCCCCCCCCCC(=O)OCC(COP(=O)([O-])OCC[N+](C)(C)C)OC(=O)CCCCCCCCCCCCCCCCC,5.0,β-sitosterol,CCC(CCC(C)C1CCC2C1(CCC3C2CC=C4C3(CCC(C4)O)C)C)C(C)C,38.5,DSPE-PEG,CCCCCCCCCCCCCCCCCC(OCC(OC(CCCCCCCCCCCCCCCCC)=O)COP(OCCNC(OCCO)=O)(O)=O)=O,1.5,L-Tyr-UC18,C(CCCCCC)CCCCCCCCCCCNC(=O)N[C@@H](C(=O)OCC)CC1=CC=C(O)C=C1,5.0,82.76943547,72.14986977,38.27454103,43.90807862,25753,22846,6573,6257,24299.5,6415.0,0.383708628094998,0.395767783330249,,100
22,1-F23,SM102,OCCN(CCCCCCCC(OC(CCCCCCCC)CCCCCCCC)=O)CCCCCC(OCCCCCCCCCCC)=O,50.0,DOPC,CCCCCCCC/C=C\CCCCCCCC(=O)OCC(COP(=O)([O-])OCC[N+](C)(C)C)OC(=O)CCCCCCC/C=C\CCCCCCCC,5.0,Cholesterol,CC(C)CCCC(C)C1CCC2C1(CCC3C2CC=C4C3(CCC(C4)O)C)C,38.5,DMPE-PEG,CCCCCCCCCCCCCC(OCC(OC(CCCCCCCCCCCCC)=O)COP(OCCNC(OCCO)=O)(O)=O)=O,1.5,β-CD-UC12,[C@H]12OC3[C@H](O)[C@@H](O)[C@H](OC4[C@H](O)[C@@H](O)[C@H](OC5[C@H](O)[C@@H](O)[C@H](OC6[C@H](O)[C@@H](O)[C@H](OC7[C@H](O)[C@@H](O)[C@H](OC8[C@H](O)[C@@H](O)[C@H](OC([C@@H](O)[C@@H]1O)O[C@@H]2CNC(=O)NCCCCCCCCCCCC)CO8)CO7)CO6)CO5)CO4)CO3,5.0,83.90780586,63.26002587,26.13822846,34.66962539,448915,387398,116272,112501,418156.5,114386.5,6.6030270970187,7.05697452032821,,100
176,3-F33,SM102,OCCN(CCCCCCCC(OC(CCCCCCCC)CCCCCCCC)=O)CCCCCC(OCCCCCCCCCCC)=O,45.8715596330275,DOPE,CCCCCCCC/C=C/CCCCCCCC(=O)OCC(COP(=O)([O-])OCC[NH3+])OC(=O)CCCCCCC/C=C/CCCCCCCC,9.1743119266055,Cholesterol,CC(C)CCCC(C)C1CCC2C1(CCC3C2CC=C4C3(CCC(C4)O)C)C,35.3211009174312,DMPE-PEG,CCCCCCCCCCCCCC(OCC(OC(CCCCCCCCCCCCC)=O)COP(OCCNC(OCCO)=O)(O)=O)=O,1.37614678899083,L-Met-UC18,C(CCCCCC)CCCCCCCCCCCNC(=O)N[C@@H](C(=O)OCC)CCSC,8.25688073394496,80.40596904,74.02585325,13.10827501,14.23804669,1968605,2055804,55236,65170,2012204.5,60203.0,3.99714050745812,0.417080031036967,,100
105,2-F58,SM102,OCCN(CCCCCCCC(OC(CCCCCCCC)CCCCCCCC)=O)CCCCCC(OCCCCCCCCCCC)=O,50.0,DOPE,CCCCCCCC/C=C/CCCCCCCC(=O)OCC(COP(=O)([O-])OCC[NH3+])OC(=O)CCCCCCC/C=C/CCCCCCCC,5.0,β-sitosterol,CCC(CCC(C)C1CCC2C1(CCC3C2CC=C4C3(CCC(C4)O)C)C)C(C)C,38.5,DMPE-PEG,CCCCCCCCCCCCCC(OCC(OC(CCCCCCCCCCCCC)=O)COP(OCCNC(OCCO)=O)(O)=O)=O,1.5,L-Phg-UC12,CCCCCCCCCCCCNC(=O)N[C@H](C(OCC)=O)C1=CC=CC=C1,5.0,73.61492796,30.18969945,13.81870682,33.69570168,287044,316604,544,33636,301824.0,17090.0,0.466281116730174,0.068093753424112,,100
293,4-F54,SM102,OCCN(CCCCCCCC(OC(CCCCCCCC)CCCCCCCC)=O)CCCCCC(OCCCCCCCCCCC)=O,45.3009708737864,DOPE,CCCCCCCC/C=C/CCCCCCCC(=O)OCC(COP(=O)([O-])OCC[NH3+])OC(=O)CCCCCCC/C=C/CCCCCCCC,37.6796116504854,Cholesterol,CC(C)CCCC(C)C1CCC2C1(CCC3C2CC=C4C3(CCC(C4)O)C)C,10.4466019417476,DMPE-PEG,CCCCCCCCCCCCCC(OCC(OC(CCCCCCCCCCCCC)=O)COP(OCCNC(OCCO)=O)(O)=O)=O,3.66019417475728,L-Tyr-UC18,C(CCCCCC)CCCCCCCCCCCNC(=O)N[C@@H](C(=O)OCC)CC1=CC=C(O)C=C1,2.9126213592233,81.473639914259,76.6208814842428,43.1280768299572,45.85957944847,17372,11942,7124,6264,14657.0,6694.0,0.328717045875057,1.33786349555311,,100
244,4-F5,SM102,OCCN(CCCCCCCC(OC(CCCCCCCC)CCCCCCCC)=O)CCCCCC(OCCCCCCCCCCC)=O,46.3962264150943,DOPE,CCCCCCCC/C=C/CCCCCCCC(=O)OCC(COP(=O)([O-])OCC[NH3+])OC(=O)CCCCCCC/C=C/CCCCCCCC,7.04716981132075,Cholesterol,CC(C)CCCC(C)C1CCC2C1(CCC3C2CC=C4C3(CCC(C4)O)C)C,36.4433962264151,DMPE-PEG,CCCCCCCCCCCCCC(OCC(OC(CCCCCCCCCCCCC)=O)COP(OCCNC(OCCO)=O)(O)=O)=O,4.45283018867925,L-Tyr-UC18,C(CCCCCC)CCCCCCCCCCCNC(=O)N[C@@H](C(=O)OCC)CC1=CC=C(O)C=C1,5.66037735849057,79.4982625646241,82.1045472812143,80.9016143770942,78.3335149467873,8915,8146,11578,9413,8530.5,10495.5,0.191316146540027,2.09763165783951,,100
449,6-F21,SM102,OCCN(CCCCCCCC(OC(CCCCCCCC)CCCCCCCC)=O)CCCCCC(OCCCCCCCCCCC)=O,48.5436893203884,DOPE,CCCCCCCC/C=C/CCCCCCCC(=O)OCC(COP(=O)([O-])OCC[NH3+])OC(=O)CCCCCCC/C=C/CCCCCCCC,9.70873786407767,Cholesterol,CC(C)CCCC(C)C1CCC2C1(CCC3C2CC=C4C3(CCC(C4)O)C)C,37.378640776699,DMG-PEG,CCCCCCCCCCCCCC(=O)OCC(COCCO)OC(=O)CCCCCCCCCCCCC,1.45631067961165,L-BQGE,C1=CC=C2N=C(C3=NC4=CC=CC=C4C(C(NC(CCC(=O)OCC)C(=O)OCC)=O)=C3)C=C(C(NC(CCC(=O)OCC)C(=O)OCC)=O)C2=C1,2.9126213592233,88.6211832061069,95.2315388498784,58.7943614082312,54.7132382482925,155186,1321798,33807,360620,738492.0,197213.5,0.249397732566749,0.315014140323442,,100
424,5-F91,SM102,OCCN(CCCCCCCC(OC(CCCCCCCC)CCCCCCCC)=O)CCCCCC(OCCCCCCCCCCC)=O,48.9572113972388,DSPC,CCCCCCCCCCCCCCCCCC(=O)OCC(COP(=O)([O-])OCC[N+](C)(C)C)OC(=O)CCCCCCCCCCCCCCCCC,9.79144227944776,Cholesterol,CC(C)CCCC(C)C1CCC2C1(CCC3C2CC=C4C3(CCC(C4)O)C)C,37.6970527758739,DMG-PEG,CCCCCCCCCCCCCC(=O)OCC(COCCO)OC(=O)CCCCCCCCCCCCC,1.46871634191716,DRDRC-DOPE,CCCCCCCC/C=C\CCCCCCCC(=O)OC[C@]([H])(OC(=O)CCCCCCC/C=C\CCCCCCCC)COP(=O)(OCCNC(=O)CCSSCC(C(=O)O)NC(=O)C(CCCNC(=N)N)NC(=O)C(CC(O)=O)NC(=O)C(CCCNC(=N)N)NC(=O)C(CC(O)=O)N)O,2.08557720552237,84.1766731337284,92.0575121833201,55.3052325581395,50.5706744970549,30572,30903,60888,109989,30737.5,85438.5,0.224277823583921,2.31217947850561,,100
109,2-F62,SM102,OCCN(CCCCCCCC(OC(CCCCCCCC)CCCCCCCC)=O)CCCCCC(OCCCCCCCCCCC)=O,50.0,DOPE,CCCCCCCC/C=C/CCCCCCCC(=O)OCC(COP(=O)([O-])OCC[NH3+])OC(=O)CCCCCCC/C=C/CCCCCCCC,5.0,β-sitosterol,CCC(CCC(C)C1CCC2C1(CCC3C2CC=C4C3(CCC(C4)O)C)C)C(C)C,38.5,DMPE-PEG,CCCCCCCCCCCCCC(OCC(OC(CCCCCCCCCCCCC)=O)COP(OCCNC(OCCO)=O)(O)=O)=O,1.5,L-Asp-UC12,CCCCCCCCCCCCNC(=O)N[C@H](C(OCC)=O)CC(=O)OCC,5.0,63.94142358,25.19529101,12.08443272,30.6682638,381291,387126,29489,19037,384208.5,24263.0,0.593555079904928,0.09667400464185,,100
61,2-F14,SM102,OCCN(CCCCCCCC(OC(CCCCCCCC)CCCCCCCC)=O)CCCCCC(OCCCCCCCCCCC)=O,50.0,DOPC,CCCCCCCC/C=C\CCCCCCCC(=O)OCC(COP(=O)([O-])OCC[N+](C)(C)C)OC(=O)CCCCCCC/C=C\CCCCCCCC,5.0,β-sitosterol,CCC(CCC(C)C1CCC2C1(CCC3C2CC=C4C3(CCC(C4)O)C)C)C(C)C,38.5,DMG-PEG,CCCCCCCCCCCCCC(=O)OCC(COCCO)OC(=O)CCCCCCCCCCCCC,1.5,L-Asp-UC12,CCCCCCCCCCCCNC(=O)N[C@H](C(OCC)=O)CC(=O)OCC,5.0,71.61689745,70.70654166,36.81483501,37.28883073,88812,310559,5082,14678,199685.5,9880.0,0.308489642754795,0.039366078632547,,100
28,1-F29,SM102,OCCN(CCCCCCCC(OC(CCCCCCCC)CCCCCCCC)=O)CCCCCC(OCCCCCCCCCCC)=O,50.0,DOPC,CCCCCCCC/C=C\CCCCCCCC(=O)OCC(COP(=O)([O-])OCC[N+](C)(C)C)OC(=O)CCCCCCC/C=C\CCCCCCCC,5.0,β-sitosterol,CCC(CCC(C)C1CCC2C1(CCC3C2CC=C4C3(CCC(C4)O)C)C)C(C)C,38.5,DMPE-PEG,CCCCCCCCCCCCCC(OCC(OC(CCCCCCCCCCCCC)=O)COP(OCCNC(OCCO)=O)(O)=O)=O,1.5,L-Arg-Uc18,C(CCCCCC)CCCCCCCCCCCNC(=O)N[C@@H](C(=O)OCC)CCCNC(=N)N,5.0,67.11954271,73.6520677,48.75725305,44.43275838,446386,399612,13877,13284,422999.0,13580.5,6.67949406265791,0.837837004133506,,100
226,3-F83,ALC0315,OCCCCN(CCCCCCOC(C(CCCCCC)CCCCCCCC)=O)CCCCCCOC(C(CCCCCC)CCCCCCCC)=O,43.4782608695652,DOPE,CCCCCCCC/C=C/CCCCCCCC(=O)OCC(COP(=O)([O-])OCC[NH3+])OC(=O)CCCCCCC/C=C/CCCCCCCC,8.69565217391304,Cholesterol,CC(C)CCCC(C)C1CCC2C1(CCC3C2CC=C4C3(CCC(C4)O)C)C,33.4782608695652,DMPE-PEG,CCCCCCCCCCCCCC(OCC(OC(CCCCCCCCCCCCC)=O)COP(OCCNC(OCCO)=O)(O)=O)=O,1.30434782608696,L-Met-UC18,C(CCCCCC)CCCCCCCCCCCNC(=O)N[C@@H](C(=O)OCC)CCSC,13.0434782608696,87.64807937,71.79620361,23.51349262,28.70503402,887875,1178613,692319,822314,1033244.0,757316.5,2.0524859409111,5.24660879565483,,100
311,4-F72,SM102,OCCN(CCCCCCCC(OC(CCCCCCCC)CCCCCCCC)=O)CCCCCC(OCCCCCCCCCCC)=O,31.6893203883495,DOPE,CCCCCCCC/C=C/CCCCCCCC(=O)OCC(COP(=O)([O-])OCC[NH3+])OC(=O)CCCCCCC/C=C/CCCCCCCC,26.3592233009709,Cholesterol,CC(C)CCCC(C)C1CCC2C1(CCC3C2CC=C4C3(CCC(C4)O)C)C,37.4077669902913,DMPE-PEG,CCCCCCCCCCCCCC(OCC(OC(CCCCCCCCCCCCC)=O)COP(OCCNC(OCCO)=O)(O)=O)=O,1.63106796116505,L-Tyr-UC18,C(CCCCCC)CCCCCCCCCCCNC(=O)N[C@@H](C(=O)OCC)CC1=CC=C(O)C=C1,2.9126213592233,78.9595304484464,68.5275740287965,39.3717686079407,45.3653351408809,20013,29787,4076,7773,24900.0,5924.5,0.558439956491023,1.18407115019486,,100
49,2-F2,SM102,OCCN(CCCCCCCC(OC(CCCCCCCC)CCCCCCCC)=O)CCCCCC(OCCCCCCCCCCC)=O,50.0,DOPC,CCCCCCCC/C=C\CCCCCCCC(=O)OCC(COP(=O)([O-])OCC[N+](C)(C)C)OC(=O)CCCCCCC/C=C\CCCCCCCC,5.0,β-sitosterol,CCC(CCC(C)C1CCC2C1(CCC3C2CC=C4C3(CCC(C4)O)C)C)C(C)C,38.5,DMG-PEG,CCCCCCCCCCCCCC(=O)OCC(COCCO)OC(=O)CCCCCCCCCCCCC,1.5,L-His-UC12,CCCCCCCCCCCCNC(=O)N[C@H](C(OCC)=O)CC1=CN=CN1,5.0,71.42139544,54.31675243,26.72605791,35.14224001,160033,694979,9448,29309,427506.0,19378.5,0.660444414920118,0.077212100686317,,100
397,5-F64,ALC0315,OCCCCN(CCCCCCOC(C(CCCCCC)CCCCCCCC)=O)CCCCCCOC(C(CCCCCC)CCCCCCCC)=O,45.0581395348837,DOPE,CCCCCCCC/C=C/CCCCCCCC(=O)OCC(COP(=O)([O-])OCC[NH3+])OC(=O)CCCCCCC/C=C/CCCCCCCC,9.10852713178295,Cholesterol,CC(C)CCCC(C)C1CCC2C1(CCC3C2CC=C4C3(CCC(C4)O)C)C,41.3759689922481,DMG-PEG,CCCCCCCCCCCCCC(=O)OCC(COCCO)OC(=O)CCCCCCCCCCCCC,1.55038759689923,DDSC-DOPE,CCCCCCCC/C=C\CCCCCCCC(=O)OC[C@]([H])(OC(=O)CCCCCCC/C=C\CCCCCCCC)COP(=O)(OCCNC(=O)CCSSCC(C(=O)O)NC(=O)C(CO)NC(=O)C(CC(O)=O)NC(=O)C(CC(O)=O)N)O,2.90697674418605,82.0636968528478,82.472321313051,78.8199964670553,78.4294681298291,123286,79585,35519,31375,101435.5,33447.0,0.740129586796156,0.905159465786233,,100
201,3-F58,ALC0315,OCCCCN(CCCCCCOC(C(CCCCCC)CCCCCCCC)=O)CCCCCCOC(C(CCCCCC)CCCCCCCC)=O,44.6428571428571,DOPE,CCCCCCCC/C=C/CCCCCCCC(=O)OCC(COP(=O)([O-])OCC[NH3+])OC(=O)CCCCCCC/C=C/CCCCCCCC,8.92857142857143,Cholesterol,CC(C)CCCC(C)C1CCC2C1(CCC3C2CC=C4C3(CCC(C4)O)C)C,34.375,DMPE-PEG,CCCCCCCCCCCCCC(OCC(OC(CCCCCCCCCCCCC)=O)COP(OCCNC(OCCO)=O)(O)=O)=O,1.33928571428571,L-Phg-UC18,C(CCCCCC)CCCCCCCCCCCNC(=O)N[C@H](C(OCC)=O)C1=CC=CC=C1,10.7142857142857,71.17842134,64.72481892,20.99608394,23.08956803,2127494,1908885,852286,638966,2018189.5,745626.0,4.00902940142349,5.16561824530289,,100
25,1-F26,SM102,OCCN(CCCCCCCC(OC(CCCCCCCC)CCCCCCCC)=O)CCCCCC(OCCCCCCCCCCC)=O,50.0,DOPC,CCCCCCCC/C=C\CCCCCCCC(=O)OCC(COP(=O)([O-])OCC[N+](C)(C)C)OC(=O)CCCCCCC/C=C\CCCCCCCC,5.0,β-sitosterol,CCC(CCC(C)C1CCC2C1(CCC3C2CC=C4C3(CCC(C4)O)C)C)C(C)C,38.5,DMG-PEG,CCCCCCCCCCCCCC(=O)OCC(COCCO)OC(=O)CCCCCCCCCCCCC,1.5,L-His-UC12,CCCCCCCCCCCCNC(=O)N[C@H](C(OCC)=O)CC1=CN=CN1,5.0,73.83562773,69.50434503,45.57158147,48.41145288,290868,319377,51574,39633,305122.5,45603.5,4.81812942142496,2.81346782651613,,100
510,6-F84,ALC0315,OCCCCN(CCCCCCOC(C(CCCCCC)CCCCCCCC)=O)CCCCCCOC(C(CCCCCC)CCCCCCCC)=O,45.0581395348837,DOPE,CCCCCCCC/C=C/CCCCCCCC(=O)OCC(COP(=O)([O-])OCC[NH3+])OC(=O)CCCCCCC/C=C/CCCCCCCC,9.10852713178295,β-sitosterol,CCC(CCC(C)C1CCC2C1(CCC3C2CC=C4C3(CCC(C4)O)C)C)C(C)C,41.3759689922481,DMG-PEG,CCCCCCCCCCCCCC(=O)OCC(COCCO)OC(=O)CCCCCCCCCCCCC,1.55038759689923,DSSC-DOPE,CCCCCCCC/C=C\CCCCCCCC(=O)OC[C@]([H])(OC(=O)CCCCCCC/C=C\CCCCCCCC)COP(=O)(OCCNC(=O)CCSSCC(C(=O)O)NC(=O)C(CO)NC(=O)C(CO)NC(=O)C(CC(=O)O)N)O,2.90697674418605,90.3159382500944,87.4289535272484,28.2225969645869,29.1545331595044,277927,258280,157012,146219,268103.5,151615.5,0.090541813578494,0.242179294988471,,100
454,6-F26,SM102,OCCN(CCCCCCCC(OC(CCCCCCCC)CCCCCCCC)=O)CCCCCC(OCCCCCCCCCCC)=O,48.5436893203884,DOPE,CCCCCCCC/C=C/CCCCCCCC(=O)OCC(COP(=O)([O-])OCC[NH3+])OC(=O)CCCCCCC/C=C/CCCCCCCC,9.70873786407767,β-sitosterol,CCC(CCC(C)C1CCC2C1(CCC3C2CC=C4C3(CCC(C4)O)C)C)C(C)C,37.378640776699,DMG-PEG,CCCCCCCCCCCCCC(=O)OCC(COCCO)OC(=O)CCCCCCCCCCCCC,1.45631067961165,L-Leu-UC18,C(CCCCCC)CCCCCCCCCCCNC(=O)N[C@@H](C(=O)OCC)CC(C)C,2.9126213592233,89.2014530787429,92.7798714855082,49.5942028985507,47.6814086072938,1706292,1991067,875590,813408,1848679.5,844499.0,0.624321557366406,1.3489397353072,,100
414,5-F81,ALC0315,OCCCCN(CCCCCCOC(C(CCCCCC)CCCCCCCC)=O)CCCCCCOC(C(CCCCCC)CCCCCCCC)=O,45.0581395348837,DOPE,CCCCCCCC/C=C/CCCCCCCC(=O)OCC(COP(=O)([O-])OCC[NH3+])OC(=O)CCCCCCC/C=C/CCCCCCCC,9.10852713178295,Cholesterol,CC(C)CCCC(C)C1CCC2C1(CCC3C2CC=C4C3(CCC(C4)O)C)C,41.3759689922481,DSPE-PEG,CCCCCCCCCCCCCCCCCC(OCC(OC(CCCCCCCCCCCCCCCCC)=O)COP(OCCNC(OCCO)=O)(O)=O)=O,1.55038759689923,DOPE-D-OMe,CCCCCCCC/C=C\CCCCCCCC(=O)OC[C@]([H])(OC(=O)CCCCCCC/C=C\CCCCCCCC)COP(=O)(OCCNC(=O)CCSSCC(C(=O)O)NC(=O)C(CO)NC(=O)C(CO)NC(=O)C(CC(=O)OC)N)O,2.90697674418605,92.6007073773827,92.1882035119316,62.286631739057,62.5653385082475,126,717,103,387,421.5,245.0,0.003075497442558,0.006630312707197,,100
208,3-F65,ALC0315,OCCCCN(CCCCCCOC(C(CCCCCC)CCCCCCCC)=O)CCCCCCOC(C(CCCCCC)CCCCCCCC)=O,43.4782608695652,DOPE,CCCCCCCC/C=C/CCCCCCCC(=O)OCC(COP(=O)([O-])OCC[NH3+])OC(=O)CCCCCCC/C=C/CCCCCCCC,8.69565217391304,Cholesterol,CC(C)CCCC(C)C1CCC2C1(CCC3C2CC=C4C3(CCC(C4)O)C)C,33.4782608695652,DMPE-PEG,CCCCCCCCCCCCCC(OCC(OC(CCCCCCCCCCCCC)=O)COP(OCCNC(OCCO)=O)(O)=O)=O,1.30434782608696,L-Arg-UC18,C(CCCCCC)CCCCCCCCCCCNC(=O)N[C@@H](C(=O)OCC)CCCNC(=N)N,13.0434782608696,78.19245056,71.54650523,29.20879474,31.92199578,2310857,3146238,602119,678440,2728547.5,640279.5,5.42011894853311,4.43578881006485,,100
409,5-F76,ALC0315,OCCCCN(CCCCCCOC(C(CCCCCC)CCCCCCCC)=O)CCCCCCOC(C(CCCCCC)CCCCCCCC)=O,45.0581395348837,DOPE,CCCCCCCC/C=C/CCCCCCCC(=O)OCC(COP(=O)([O-])OCC[NH3+])OC(=O)CCCCCCC/C=C/CCCCCCCC,9.10852713178295,Cholesterol,CC(C)CCCC(C)C1CCC2C1(CCC3C2CC=C4C3(CCC(C4)O)C)C,41.3759689922481,DSPE-PEG,CCCCCCCCCCCCCCCCCC(OCC(OC(CCCCCCCCCCCCCCCCC)=O)COP(OCCNC(OCCO)=O)(O)=O)=O,1.55038759689923,DDSC-DOPE,CCCCCCCC/C=C\CCCCCCCC(=O)OC[C@]([H])(OC(=O)CCCCCCC/C=C\CCCCCCCC)COP(=O)(OCCNC(=O)CCSSCC(C(=O)O)NC(=O)C(CO)NC(=O)C(CC(O)=O)NC(=O)C(CC(O)=O)N)O,2.90697674418605,86.1852387420943,75.1011696878985,45.9198373019236,52.697077253407,76,127,7211,75,101.5,3643.0,0.000740600214519,0.098588690580897,,100
493,6-F66,ALC0315,OCCCCN(CCCCCCOC(C(CCCCCC)CCCCCCCC)=O)CCCCCCOC(C(CCCCCC)CCCCCCCC)=O,45.0581395348837,DOPE,CCCCCCCC/C=C/CCCCCCCC(=O)OCC(COP(=O)([O-])OCC[NH3+])OC(=O)CCCCCCC/C=C/CCCCCCCC,9.10852713178295,Cholesterol,CC(C)CCCC(C)C1CCC2C1(CCC3C2CC=C4C3(CCC(C4)O)C)C,41.3759689922481,DMG-PEG,CCCCCCCCCCCCCC(=O)OCC(COCCO)OC(=O)CCCCCCCCCCCCC,1.55038759689923,8RC-DOPE,CCCCCCCC/C=C\CCCCCCCC(=O)OC[C@]([H])(OC(=O)CCCCCCC/C=C\CCCCCCCC)COP(=O)(OCCNC(=O)CCSSCC(C(=O)O)NC(=O)C(CCCNC(=N)N)NC(=O)C(CCCNC(N)=N)NC(=O)C(CCCNC(=N)N)NC(=O)C(CCCNC(N)=N)NC(=O)C(CCCNC(=N)N)NC(=O)C(CCCNC(N)=N)NC(=O)C(CCCNC(=N)N)NC(=O)C(CCCNC(N)=N)N)O,2.90697674418605,77.773177489729,85.6227907465089,50.0921375921376,45.4998566833339,1490851,435155,224289,267703,963003.0,245996.0,0.325217828568186,0.392935668516636,,100
3,1-F4,SM102,OCCN(CCCCCCCC(OC(CCCCCCCC)CCCCCCCC)=O)CCCCCC(OCCCCCCCCCCC)=O,50.0,DSPC,CCCCCCCCCCCCCCCCCC(=O)OCC(COP(=O)([O-])OCC[N+](C)(C)C)OC(=O)CCCCCCCCCCCCCCCCC,5.0,Cholesterol,CC(C)CCCC(C)C1CCC2C1(CCC3C2CC=C4C3(CCC(C4)O)C)C,38.5,DSPE-PEG,CCCCCCCCCCCCCCCCCC(OCC(OC(CCCCCCCCCCCCCCCCC)=O)COP(OCCNC(OCCO)=O)(O)=O)=O,1.5,L-Arg-Uc12,CCCCCCCCCCCCNC(=O)N[C@@H](C(=O)OCC)CCCNC(=N)N,5.0,69.4208,78.00177883,45.68891403,40.66267476,13142,13078,5179,5606,13110.0,5392.5,0.207017433046993,0.332685545067555,,100
501,6-F74,ALC0315,OCCCCN(CCCCCCOC(C(CCCCCC)CCCCCCCC)=O)CCCCCCOC(C(CCCCCC)CCCCCCCC)=O,45.0581395348837,DOPE,CCCCCCCC/C=C/CCCCCCCC(=O)OCC(COP(=O)([O-])OCC[NH3+])OC(=O)CCCCCCC/C=C/CCCCCCCC,9.10852713178295,β-sitosterol,CCC(CCC(C)C1CCC2C1(CCC3C2CC=C4C3(CCC(C4)O)C)C)C(C)C,41.3759689922481,DMG-PEG,CCCCCCCCCCCCCC(=O)OCC(COCCO)OC(=O)CCCCCCCCCCCCC,1.55038759689923,L-Leu-UC18,C(CCCCCC)CCCCCCCCCCCNC(=O)N[C@@H](C(=O)OCC)CC(C)C,2.90697674418605,79.4008772202694,81.1482714949107,33.8883447600392,33.15861511183,1214089,1498047,573067,611119,1356068.0,592093.0,0.457960660922971,0.945765210731152,,100
475,6-F47,SM102,OCCN(CCCCCCCC(OC(CCCCCCCC)CCCCCCCC)=O)CCCCCC(OCCCCCCCCCCC)=O,48.5436893203884,DOPE,CCCCCCCC/C=C/CCCCCCCC(=O)OCC(COP(=O)([O-])OCC[NH3+])OC(=O)CCCCCCC/C=C/CCCCCCCC,9.70873786407767,β-sitosterol,CCC(CCC(C)C1CCC2C1(CCC3C2CC=C4C3(CCC(C4)O)C)C)C(C)C,37.378640776699,DMG-PEG,CCCCCCCCCCCCCC(=O)OCC(COCCO)OC(=O)CCCCCCCCCCCCC,1.45631067961165,L-PyGlu,C1=C(C(NCC2=CC(C(=O)NC(C(OCC)=O)CCC(OCC)=O)=CC(CNC(=O)C3=CC=C4C5=C6C(C=CC=C6C=C4)=CC=C35)=C2)=O)C2C=CC3C4C=2C(C=CC=4C=CC=3)=C1,2.9126213592233,87.4364434400939,96.4278613559547,48.2107355864811,43.715324554923,460147,1778581,54197,249520,1119364.0,151858.5,0.378022840486893,0.242567445069975,,100
430,6-F2,SM102,OCCN(CCCCCCCC(OC(CCCCCCCC)CCCCCCCC)=O)CCCCCC(OCCCCCCCCCCC)=O,50.0,DOPE,CCCCCCCC/C=C/CCCCCCCC(=O)OCC(COP(=O)([O-])OCC[NH3+])OC(=O)CCCCCCC/C=C/CCCCCCCC,10.0,Cholesterol,CC(C)CCCC(C)C1CCC2C1(CCC3C2CC=C4C3(CCC(C4)O)C)C,38.5,DMG-PEG,CCCCCCCCCCCCCC(=O)OCC(COCCO)OC(=O)CCCCCCCCCCCCC,1.5,,,,88.1802341488703,81.9355521456162,50.5756511798808,54.4302521492447,3711989,3721953,1828923,1905856,3716971.0,1867389.5,1.25526632572372,2.98282875153842,,100
420,5-F87,SM102,OCCN(CCCCCCCC(OC(CCCCCCCC)CCCCCCCC)=O)CCCCCC(OCCCCCCCCCCC)=O,48.5436893203884,DSPC,CCCCCCCCCCCCCCCCCC(=O)OCC(COP(=O)([O-])OCC[N+](C)(C)C)OC(=O)CCCCCCCCCCCCCCCCC,9.70873786407767,Cholesterol,CC(C)CCCC(C)C1CCC2C1(CCC3C2CC=C4C3(CCC(C4)O)C)C,37.378640776699,DMG-PEG,CCCCCCCCCCCCCC(=O)OCC(COCCO)OC(=O)CCCCCCCCCCCCC,1.45631067961165,SSC-DOPE,CCCCCCCC/C=C\CCCCCCCC(=O)OC[C@]([H])(OC(=O)CCCCCCC/C=C\CCCCCCCC)COP(=O)(OCCNC(=O)CCSSCC(C(=O)O)NC(=O)C(CO)NC(=O)C(CO)N)O,2.9126213592233,82.5014613966455,74.6832593735932,63.2920016351001,69.9177121273439,247462,200764,111399,94406,224113.0,102902.5,1.63525257021109,2.78479899327497,,100
174,3-F31,SM102,OCCN(CCCCCCCC(OC(CCCCCCCC)CCCCCCCC)=O)CCCCCC(OCCCCCCCCCCC)=O,48.5436893203884,DOPE,CCCCCCCC/C=C/CCCCCCCC(=O)OCC(COP(=O)([O-])OCC[NH3+])OC(=O)CCCCCCC/C=C/CCCCCCCC,9.70873786407767,Cholesterol,CC(C)CCCC(C)C1CCC2C1(CCC3C2CC=C4C3(CCC(C4)O)C)C,37.378640776699,DMPE-PEG,CCCCCCCCCCCCCC(OCC(OC(CCCCCCCCCCCCC)=O)COP(OCCNC(OCCO)=O)(O)=O)=O,1.45631067961165,L-Met-UC18,C(CCCCCC)CCCCCCCCCCCNC(=O)N[C@@H](C(=O)OCC)CCSC,2.9126213592233,90.66389731,67.54319018,16.04449938,21.53669142,3287078,3920012,134467,124442,3603545.0,129454.5,7.15825637500968,0.896847115224741,,100
47,1-F48,SM102,OCCN(CCCCCCCC(OC(CCCCCCCC)CCCCCCCC)=O)CCCCCC(OCCCCCCCCCCC)=O,50.0,DSPC,CCCCCCCCCCCCCCCCCC(=O)OCC(COP(=O)([O-])OCC[N+](C)(C)C)OC(=O)CCCCCCCCCCCCCCCCC,5.0,β-sitosterol,CCC(CCC(C)C1CCC2C1(CCC3C2CC=C4C3(CCC(C4)O)C)C)C(C)C,38.5,DMPE-PEG,CCCCCCCCCCCCCC(OCC(OC(CCCCCCCCCCCCC)=O)COP(OCCNC(OCCO)=O)(O)=O)=O,1.5,β-CD-UC18,[C@H]12OC3[C@H](O)[C@@H](O)[C@H](OC4[C@H](O)[C@@H](O)[C@H](OC5[C@H](O)[C@@H](O)[C@H](OC6[C@H](O)[C@@H](O)[C@H](OC7[C@H](O)[C@@H](O)[C@H](OC8[C@H](O)[C@@H](O)[C@H](OC([C@@H](O)[C@@H]1O)O[C@@H]2CNC(=O)NCCCCCCCCCCCCCCCCCC)CO8)CO7)CO6)CO5)CO4)CO3,5.0,84.40384432,75.70879824,43.77249925,48.79970754,127565,168196,41931,50376,147880.5,46153.5,2.33515190752906,2.8473995928188,,100
42,1-F43,SM102,OCCN(CCCCCCCC(OC(CCCCCCCC)CCCCCCCC)=O)CCCCCC(OCCCCCCCCCCC)=O,50.0,DSPC,CCCCCCCCCCCCCCCCCC(=O)OCC(COP(=O)([O-])OCC[N+](C)(C)C)OC(=O)CCCCCCCCCCCCCCCCC,5.0,β-sitosterol,CCC(CCC(C)C1CCC2C1(CCC3C2CC=C4C3(CCC(C4)O)C)C)C(C)C,38.5,DMG-PEG,CCCCCCCCCCCCCC(=O)OCC(COCCO)OC(=O)CCCCCCCCCCCCC,1.5,L-Val-UC18,C(CCCCCC)CCCCCCCCCCCNC(=O)N[C@@H](C(=O)OCC)C(C)C,5.0,69.6497612,71.78217822,40.25595375,39.06007919,900785,791216,158120,135491,846000.5,146805.5,13.3590276023244,9.05703621444876,,100
185,3-F42,SM102,OCCN(CCCCCCCC(OC(CCCCCCCC)CCCCCCCC)=O)CCCCCC(OCCCCCCCCCCC)=O,42.3728813559322,DOPE,CCCCCCCC/C=C/CCCCCCCC(=O)OCC(COP(=O)([O-])OCC[NH3+])OC(=O)CCCCCCC/C=C/CCCCCCCC,8.47457627118644,Cholesterol,CC(C)CCCC(C)C1CCC2C1(CCC3C2CC=C4C3(CCC(C4)O)C)C,32.6271186440678,DMPE-PEG,CCCCCCCCCCCCCC(OCC(OC(CCCCCCCCCCCCC)=O)COP(OCCNC(OCCO)=O)(O)=O)=O,1.27118644067797,L-Tyr-UC18,C(CCCCCC)CCCCCCCCCCCNC(=O)N[C@@H](C(=O)OCC)CC1=CC=C(O)C=C1,15.2542372881356,87.35963666,76.9630515,23.61853122,26.80905013,1583554,3024656,315959,800992,2304105.0,558475.5,4.57698580285294,3.86905933048828,,100
343,5-F8,ALC0315,OCCCCN(CCCCCCOC(C(CCCCCC)CCCCCCCC)=O)CCCCCCOC(C(CCCCCC)CCCCCCCC)=O,46.4071856287425,DOPE,CCCCCCCC/C=C/CCCCCCCC(=O)OCC(COP(=O)([O-])OCC[NH3+])OC(=O)CCCCCCC/C=C/CCCCCCCC,9.3812375249501,Cholesterol,CC(C)CCCC(C)C1CCC2C1(CCC3C2CC=C4C3(CCC(C4)O)C)C,42.6147704590819,DSPE-PEG,CCCCCCCCCCCCCCCCCC(OCC(OC(CCCCCCCCCCCCCCCCC)=O)COP(OCCNC(OCCO)=O)(O)=O)=O,1.59680638722555,,,,92.5798958974646,87.3823104941241,57.6513262298798,61.0804835730677,754,846,589,637,800.0,613.0,0.005837243070098,0.016589313018416,,100
340,5-F5,ALC0315,OCCCCN(CCCCCCOC(C(CCCCCC)CCCCCCCC)=O)CCCCCCOC(C(CCCCCC)CCCCCCCC)=O,46.4071856287425,DOPE,CCCCCCCC/C=C/CCCCCCCC(=O)OCC(COP(=O)([O-])OCC[NH3+])OC(=O)CCCCCCC/C=C/CCCCCCCC,9.3812375249501,Cholesterol,CC(C)CCCC(C)C1CCC2C1(CCC3C2CC=C4C3(CCC(C4)O)C)C,42.6147704590819,DMPE-PEG,CCCCCCCCCCCCCC(OCC(OC(CCCCCCCCCCCCC)=O)COP(OCCNC(OCCO)=O)(O)=O)=O,1.59680638722555,,,,82.7506689849925,83.3018035061168,68.8994858803368,68.4436387850986,66090,79083,59137,76055,72586.5,67596.0,0.529631305134585,1.82931680716615,,100
473,6-F45,SM102,OCCN(CCCCCCCC(OC(CCCCCCCC)CCCCCCCC)=O)CCCCCC(OCCCCCCCCCCC)=O,48.5436893203884,DOPE,CCCCCCCC/C=C/CCCCCCCC(=O)OCC(COP(=O)([O-])OCC[NH3+])OC(=O)CCCCCCC/C=C/CCCCCCCC,9.70873786407767,β-sitosterol,CCC(CCC(C)C1CCC2C1(CCC3C2CC=C4C3(CCC(C4)O)C)C)C(C)C,37.378640776699,DMG-PEG,CCCCCCCCCCCCCC(=O)OCC(COCCO)OC(=O)CCCCCCCCCCCCC,1.45631067961165,L-BQGE,C1=CC=C2N=C(C3=NC4=CC=CC=C4C(C(NC(CCC(=O)OCC)C(=O)OCC)=O)=C3)C=C(C(NC(CCC(=O)OCC)C(=O)OCC)=O)C2=C1,2.9126213592233,92.3153438073862,94.0034037441185,51.8856195607128,50.9538869618445,142426,635180,49506,175390,388803.0,112448.0,0.131303503105179,0.179616050884399,,100
219,3-F76,ALC0315,OCCCCN(CCCCCCOC(C(CCCCCC)CCCCCCCC)=O)CCCCCCOC(C(CCCCCC)CCCCCCCC)=O,44.6428571428571,DOPE,CCCCCCCC/C=C/CCCCCCCC(=O)OCC(COP(=O)([O-])OCC[NH3+])OC(=O)CCCCCCC/C=C/CCCCCCCC,8.92857142857143,Cholesterol,CC(C)CCCC(C)C1CCC2C1(CCC3C2CC=C4C3(CCC(C4)O)C)C,34.375,DMPE-PEG,CCCCCCCCCCCCCC(OCC(OC(CCCCCCCCCCCCC)=O)COP(OCCNC(OCCO)=O)(O)=O)=O,1.33928571428571,L-Leu-UC12,CCCCCCCCCCCCNC(=O)N[C@@H](C(=O)OCC)CC(C)C,10.7142857142857,57.09283773,1.971608833,1.035062751,29.97281645,631622,569578,97096,108595,600600.0,102845.5,1.19306093827906,0.71250277115779,,100
284,4-F45,SM102,OCCN(CCCCCCCC(OC(CCCCCCCC)CCCCCCCC)=O)CCCCCC(OCCCCCCCCCCC)=O,37.3867924528302,DOPE,CCCCCCCC/C=C/CCCCCCCC(=O)OCC(COP(=O)([O-])OCC[NH3+])OC(=O)CCCCCCC/C=C/CCCCCCCC,37.4528301886793,Cholesterol,CC(C)CCCC(C)C1CCC2C1(CCC3C2CC=C4C3(CCC(C4)O)C)C,18.2264150943396,DMPE-PEG,CCCCCCCCCCCCCC(OCC(OC(CCCCCCCCCCCCC)=O)COP(OCCNC(OCCO)=O)(O)=O)=O,1.27358490566038,L-Tyr-UC18,C(CCCCCC)CCCCCCCCCCCNC(=O)N[C@@H](C(=O)OCC)CC1=CC=C(O)C=C1,5.66037735849057,80.397938776404,75.2533280349692,41.2619155696777,44.0827409018583,33820,39964,3998,8378,36892.0,6188.0,0.827388227906299,1.2367342859998,,100
431,6-F3,SM102,OCCN(CCCCCCCC(OC(CCCCCCCC)CCCCCCCC)=O)CCCCCC(OCCCCCCCCCCC)=O,48.5436893203884,DOPE,CCCCCCCC/C=C/CCCCCCCC(=O)OCC(COP(=O)([O-])OCC[NH3+])OC(=O)CCCCCCC/C=C/CCCCCCCC,9.70873786407767,Cholesterol,CC(C)CCCC(C)C1CCC2C1(CCC3C2CC=C4C3(CCC(C4)O)C)C,37.378640776699,DMG-PEG,CCCCCCCCCCCCCC(=O)OCC(COCCO)OC(=O)CCCCCCCCCCCCC,1.45631067961165,L-His-UC18,C(CCCCCC)CCCCCCCCCCCNC(=O)N[C@H](C(OCC)=O)CC1=CN=CN1,2.9126213592233,91.2594174869382,78.0609801521843,46.4020243555274,54.2476113500563,3170523,2919965,1370151,1261397,3045244.0,1315774.0,1.02841594589041,2.1017192812355,,100
198,3-F55,ALC0315,OCCCCN(CCCCCCOC(C(CCCCCC)CCCCCCCC)=O)CCCCCCOC(C(CCCCCC)CCCCCCCC)=O,48.5436893203884,DOPE,CCCCCCCC/C=C/CCCCCCCC(=O)OCC(COP(=O)([O-])OCC[NH3+])OC(=O)CCCCCCC/C=C/CCCCCCCC,9.70873786407767,Cholesterol,CC(C)CCCC(C)C1CCC2C1(CCC3C2CC=C4C3(CCC(C4)O)C)C,37.378640776699,DMPE-PEG,CCCCCCCCCCCCCC(OCC(OC(CCCCCCCCCCCCC)=O)COP(OCCNC(OCCO)=O)(O)=O)=O,1.45631067961165,L-Phg-UC18,C(CCCCCC)CCCCCCCCCCCNC(=O)N[C@H](C(OCC)=O)C1=CC=CC=C1,2.9126213592233,75.92420914,76.70347202,61.11900979,60.49807602,777177,1964037,659907,1709373,1370607.0,1184640.0,2.72264014890418,8.20706091004822,,100
238,3-F95,ALC0315,OCCCCN(CCCCCCOC(C(CCCCCC)CCCCCCCC)=O)CCCCCCOC(C(CCCCCC)CCCCCCCC)=O,43.4782608695652,DOPE,CCCCCCCC/C=C/CCCCCCCC(=O)OCC(COP(=O)([O-])OCC[NH3+])OC(=O)CCCCCCC/C=C/CCCCCCCC,8.69565217391304,Cholesterol,CC(C)CCCC(C)C1CCC2C1(CCC3C2CC=C4C3(CCC(C4)O)C)C,33.4782608695652,DMPE-PEG,CCCCCCCCCCCCCC(OCC(OC(CCCCCCCCCCCCC)=O)COP(OCCNC(OCCO)=O)(O)=O)=O,1.30434782608696,L-His-UC18,C(CCCCCC)CCCCCCCCCCCNC(=O)N[C@H](C(OCC)=O)CC1=CN=CN1,13.0434782608696,89.3819715,89.88179193,39.95372444,39.73154721,1772,2021,522763,1387,1896.5,262075.0,0.003767299482927,1.81562794435515,,100
497,6-F70,ALC0315,OCCCCN(CCCCCCOC(C(CCCCCC)CCCCCCCC)=O)CCCCCCOC(C(CCCCCC)CCCCCCCC)=O,45.0581395348837,DOPE,CCCCCCCC/C=C/CCCCCCCC(=O)OCC(COP(=O)([O-])OCC[NH3+])OC(=O)CCCCCCC/C=C/CCCCCCCC,9.10852713178295,Cholesterol,CC(C)CCCC(C)C1CCC2C1(CCC3C2CC=C4C3(CCC(C4)O)C)C,41.3759689922481,DMG-PEG,CCCCCCCCCCCCCC(=O)OCC(COCCO)OC(=O)CCCCCCCCCCCCC,1.55038759689923,L-BQGA,C1=CC=C2N=C(C3=NC4=CC=CC=C4C(C(NC(CCC(=O)O)C(=O)O)=O)=C3)C=C(C(NC(CCC(=O)O)C(=O)O)=O)C2=C1,2.90697674418605,91.0770882586746,94.3973415323457,68.907277261392,66.4835902253699,389802,1487277,155953,536124,938539.5,346038.5,0.316956207006075,0.552736098676376,,100
189,3-F46,SM102,OCCN(CCCCCCCC(OC(CCCCCCCC)CCCCCCCC)=O)CCCCCC(OCCCCCCCCCCC)=O,44.6428571428571,DOPE,CCCCCCCC/C=C/CCCCCCCC(=O)OCC(COP(=O)([O-])OCC[NH3+])OC(=O)CCCCCCC/C=C/CCCCCCCC,8.92857142857143,Cholesterol,CC(C)CCCC(C)C1CCC2C1(CCC3C2CC=C4C3(CCC(C4)O)C)C,34.375,DMPE-PEG,CCCCCCCCCCCCCC(OCC(OC(CCCCCCCCCCCCC)=O)COP(OCCNC(OCCO)=O)(O)=O)=O,1.33928571428571,L-His-UC18,C(CCCCCC)CCCCCCCCCCCNC(=O)N[C@H](C(OCC)=O)CC1=CN=CN1,10.7142857142857,82.00096369,87.3794452,70.41933761,66.08480442,200380,799817,661522,239264,500098.5,450393.0,0.993419889513737,3.12027517596852,,100
62,2-F15,SM102,OCCN(CCCCCCCC(OC(CCCCCCCC)CCCCCCCC)=O)CCCCCC(OCCCCCCCCCCC)=O,50.0,DOPC,CCCCCCCC/C=C\CCCCCCCC(=O)OCC(COP(=O)([O-])OCC[N+](C)(C)C)OC(=O)CCCCCCC/C=C\CCCCCCCC,5.0,β-sitosterol,CCC(CCC(C)C1CCC2C1(CCC3C2CC=C4C3(CCC(C4)O)C)C)C(C)C,38.5,DMG-PEG,CCCCCCCCCCCCCC(=O)OCC(COCCO)OC(=O)CCCCCCCCCCCCC,1.5,L-Asp-UC18,C(CCCCCC)CCCCCCCCCCCNC(=O)N[C@H](C(OCC)=O)CC(=O)OCC,5.0,76.24801838,48.64465039,23.7191047,37.1784917,90568,159364,37543,34967,124966.0,36255.0,0.193057165875818,0.144455180245241,,100
331,4-F92,SM102,OCCN(CCCCCCCC(OC(CCCCCCCC)CCCCCCCC)=O)CCCCCC(OCCCCCCCCCCC)=O,47.0,DOPE,CCCCCCCC/C=C/CCCCCCCC(=O)OCC(COP(=O)([O-])OCC[NH3+])OC(=O)CCCCCCC/C=C/CCCCCCCC,30.8932038834951,Cholesterol,CC(C)CCCC(C)C1CCC2C1(CCC3C2CC=C4C3(CCC(C4)O)C)C,15.7572815533981,DMPE-PEG,CCCCCCCCCCCCCC(OCC(OC(CCCCCCCCCCCCC)=O)COP(OCCNC(OCCO)=O)(O)=O)=O,3.4368932038835,L-Tyr-UC18,C(CCCCCC)CCCCCCCCCCCNC(=O)N[C@@H](C(=O)OCC)CC1=CC=C(O)C=C1,2.9126213592233,78.9828405152125,83.4110454875143,65.4205607476636,61.9474517523215,5335,5914,1822,1370,5624.5,1596.0,0.126142390975251,0.318976716298591,,100
471,6-F43,SM102,OCCN(CCCCCCCC(OC(CCCCCCCC)CCCCCCCC)=O)CCCCCC(OCCCCCCCCCCC)=O,48.5436893203884,DOPE,CCCCCCCC/C=C/CCCCCCCC(=O)OCC(COP(=O)([O-])OCC[NH3+])OC(=O)CCCCCCC/C=C/CCCCCCCC,9.70873786407767,β-sitosterol,CCC(CCC(C)C1CCC2C1(CCC3C2CC=C4C3(CCC(C4)O)C)C)C(C)C,37.378640776699,DMG-PEG,CCCCCCCCCCCCCC(=O)OCC(COCCO)OC(=O)CCCCCCCCCCCCC,1.45631067961165,L-PyHis,C1=CC2=CC=CC3=C2C2=C(C=C3)C(C(NC(C(OC)=O)CC3N=CNC=3)=O)=CC=C12,2.9126213592233,88.7115518710777,92.1243457973391,63.7991266375546,61.4356550708918,2271030,2639597,80755,254716,2455313.5,167735.5,0.829189239207099,0.267928181053644,,100
204,3-F61,ALC0315,OCCCCN(CCCCCCOC(C(CCCCCC)CCCCCCCC)=O)CCCCCCOC(C(CCCCCC)CCCCCCCC)=O,48.5436893203884,DOPE,CCCCCCCC/C=C/CCCCCCCC(=O)OCC(COP(=O)([O-])OCC[NH3+])OC(=O)CCCCCCC/C=C/CCCCCCCC,9.70873786407767,Cholesterol,CC(C)CCCC(C)C1CCC2C1(CCC3C2CC=C4C3(CCC(C4)O)C)C,37.378640776699,DMPE-PEG,CCCCCCCCCCCCCC(OCC(OC(CCCCCCCCCCCCC)=O)COP(OCCNC(OCCO)=O)(O)=O)=O,1.45631067961165,L-Arg-UC18,C(CCCCCC)CCCCCCCCCCCNC(=O)N[C@@H](C(=O)OCC)CCCNC(=N)N,2.9126213592233,90.22317107,93.4226527,64.35920047,62.1550661,675096,804227,804118,1021757,739661.5,912937.5,1.4692994392256,6.32473466164163,,100
206,3-F63,ALC0315,OCCCCN(CCCCCCOC(C(CCCCCC)CCCCCCCC)=O)CCCCCCOC(C(CCCCCC)CCCCCCCC)=O,45.8715596330275,DOPE,CCCCCCCC/C=C/CCCCCCCC(=O)OCC(COP(=O)([O-])OCC[NH3+])OC(=O)CCCCCCC/C=C/CCCCCCCC,9.1743119266055,Cholesterol,CC(C)CCCC(C)C1CCC2C1(CCC3C2CC=C4C3(CCC(C4)O)C)C,35.3211009174312,DMPE-PEG,CCCCCCCCCCCCCC(OCC(OC(CCCCCCCCCCCCC)=O)COP(OCCNC(OCCO)=O)(O)=O)=O,1.37614678899083,L-Arg-UC18,C(CCCCCC)CCCCCCCCCCCNC(=O)N[C@@H](C(=O)OCC)CCCNC(=N)N,8.25688073394496,76.59978852,92.01711195,39.83924515,33.16424183,2495418,2588012,1180798,1133200,2541715.0,1156999.0,5.04898581874453,8.01556697888378,,100
477,6-F50,ALC0315,OCCCCN(CCCCCCOC(C(CCCCCC)CCCCCCCC)=O)CCCCCCOC(C(CCCCCC)CCCCCCCC)=O,46.4071856287425,DOPE,CCCCCCCC/C=C/CCCCCCCC(=O)OCC(COP(=O)([O-])OCC[NH3+])OC(=O)CCCCCCC/C=C/CCCCCCCC,9.3812375249501,Cholesterol,CC(C)CCCC(C)C1CCC2C1(CCC3C2CC=C4C3(CCC(C4)O)C)C,42.6147704590819,DMG-PEG,CCCCCCCCCCCCCC(=O)OCC(COCCO)OC(=O)CCCCCCCCCCCCC,1.59680638722555,,,,92.3824252023496,62.7064569863632,59.9662504218697,88.3454098749112,4468,5618,3381,3731,5043.0,3556.0,0.001703082450906,0.005680089258546,,100
521,6-F95,ALC0315,OCCCCN(CCCCCCOC(C(CCCCCC)CCCCCCCC)=O)CCCCCCOC(C(CCCCCC)CCCCCCCC)=O,45.0581395348837,DOPE,CCCCCCCC/C=C/CCCCCCCC(=O)OCC(COP(=O)([O-])OCC[NH3+])OC(=O)CCCCCCC/C=C/CCCCCCCC,9.10852713178295,β-sitosterol,CCC(CCC(C)C1CCC2C1(CCC3C2CC=C4C3(CCC(C4)O)C)C)C(C)C,41.3759689922481,DMG-PEG,CCCCCCCCCCCCCC(=O)OCC(COCCO)OC(=O)CCCCCCCCCCCCC,1.55038759689923,L-PyGlu,C1=C(C(NCC2=CC(C(=O)NC(C(OCC)=O)CCC(OCC)=O)=CC(CNC(=O)C3=CC=C4C5=C6C(C=CC=C6C=C4)=CC=C35)=C2)=O)C2C=CC3C4C=2C(C=CC=4C=CC=3)=C1,2.90697674418605,62.1397694524496,66.3042238527925,43.9571518588532,41.1962786618218,222365,754279,90768,342368,488322.0,216568.0,0.164912280109277,0.345929575518751,,100
468,6-F40,SM102,OCCN(CCCCCCCC(OC(CCCCCCCC)CCCCCCCC)=O)CCCCCC(OCCCCCCCCCCC)=O,48.5436893203884,DOPE,CCCCCCCC/C=C/CCCCCCCC(=O)OCC(COP(=O)([O-])OCC[NH3+])OC(=O)CCCCCCC/C=C/CCCCCCCC,9.70873786407767,β-sitosterol,CCC(CCC(C)C1CCC2C1(CCC3C2CC=C4C3(CCC(C4)O)C)C)C(C)C,37.378640776699,DMG-PEG,CCCCCCCCCCCCCC(=O)OCC(COCCO)OC(=O)CCCCCCCCCCCCC,1.45631067961165,DRDRC-DOPE,CCCCCCCC/C=C\CCCCCCCC(=O)OC[C@]([H])(OC(=O)CCCCCCC/C=C\CCCCCCCC)COP(=O)(OCCNC(=O)CCSSCC(C(=O)O)NC(=O)C(CCCNC(=N)N)NC(=O)C(CC(O)=O)NC(=O)C(CCCNC(=N)N)NC(=O)C(CC(O)=O)N)O,2.9126213592233,86.3698298975869,95.877761516482,46.6751484308736,42.0465034503978,308522,176609,380095,42176,242565.5,211135.5,0.081917320294492,0.337252105075262,,100
393,5-F60,ALC0315,OCCCCN(CCCCCCOC(C(CCCCCC)CCCCCCCC)=O)CCCCCCOC(C(CCCCCC)CCCCCCCC)=O,45.0581395348837,DOPE,CCCCCCCC/C=C/CCCCCCCC(=O)OCC(COP(=O)([O-])OCC[NH3+])OC(=O)CCCCCCC/C=C/CCCCCCCC,9.10852713178295,β-sitosterol,CCC(CCC(C)C1CCC2C1(CCC3C2CC=C4C3(CCC(C4)O)C)C)C(C)C,41.3759689922481,DMPE-PEG,CCCCCCCCCCCCCC(OCC(OC(CCCCCCCCCCCCC)=O)COP(OCCNC(OCCO)=O)(O)=O)=O,1.55038759689923,HA-DSSC,CCCCCCCCCCCCCCCCC(NC(CC(=O)O)C(=O)NC(CO)C(=O)NC(CO)C(=O)NC(C(=O)O)CS)=O,2.90697674418605,78.9849060448598,15.5410728353506,3.99889431493596,20.3237122105294,22484,30381,12970,14798,26432.5,13884.0,0.192866159312957,0.375735761741743,,100
305,4-F66,SM102,OCCN(CCCCCCCC(OC(CCCCCCCC)CCCCCCCC)=O)CCCCCC(OCCCCCCCCCCC)=O,49.0,DOPE,CCCCCCCC/C=C/CCCCCCCC(=O)OCC(COP(=O)([O-])OCC[NH3+])OC(=O)CCCCCCC/C=C/CCCCCCCC,14.5242718446602,Cholesterol,CC(C)CCCC(C)C1CCC2C1(CCC3C2CC=C4C3(CCC(C4)O)C)C,30.504854368932,DMPE-PEG,CCCCCCCCCCCCCC(OCC(OC(CCCCCCCCCCCCC)=O)COP(OCCNC(OCCO)=O)(O)=O)=O,3.05825242718447,L-Tyr-UC18,C(CCCCCC)CCCCCCCCCCCNC(=O)N[C@@H](C(=O)OCC)CC1=CC=C(O)C=C1,2.9126213592233,75.5922428902584,73.4603409150879,52.0568436798803,53.5675920167355,7168,7351,6916,7356,7259.5,7136.0,0.162811038720746,1.42620165883881,,100
14,1-F15,SM102,OCCN(CCCCCCCC(OC(CCCCCCCC)CCCCCCCC)=O)CCCCCC(OCCCCCCCCCCC)=O,50.0,DSPC,CCCCCCCCCCCCCCCCCC(=O)OCC(COP(=O)([O-])OCC[N+](C)(C)C)OC(=O)CCCCCCCCCCCCCCCCC,5.0,Cholesterol,CC(C)CCCC(C)C1CCC2C1(CCC3C2CC=C4C3(CCC(C4)O)C)C,38.5,DSPE-PEG,CCCCCCCCCCCCCCCCCC(OCC(OC(CCCCCCCCCCCCCCCCC)=O)COP(OCCNC(OCCO)=O)(O)=O)=O,1.5,L-Asp-UC18,C(CCCCCC)CCCCCCCCCCCNC(=O)N[C@H](C(OCC)=O)CC(=O)OCC,5.0,88.61001027,70.78756284,29.02011133,36.32661247,2904,3041,4070,3240,2972.5,3655.0,0.046938163213744,0.225492010611389,,100
376,5-F41,ALC0315,OCCCCN(CCCCCCOC(C(CCCCCC)CCCCCCCC)=O)CCCCCCOC(C(CCCCCC)CCCCCCCC)=O,45.0581395348837,DSPC,CCCCCCCCCCCCCCCCCC(=O)OCC(COP(=O)([O-])OCC[N+](C)(C)C)OC(=O)CCCCCCCCCCCCCCCCC,9.10852713178295,Cholesterol,CC(C)CCCC(C)C1CCC2C1(CCC3C2CC=C4C3(CCC(C4)O)C)C,41.3759689922481,DMPE-PEG,CCCCCCCCCCCCCC(OCC(OC(CCCCCCCCCCCCC)=O)COP(OCCNC(OCCO)=O)(O)=O)=O,1.55038759689923,4DC-DOPE,C(C)CCCCCC/C=C\CCCCCCCC(=O)OC[C@]([H])(OC(=O)CCCCCCC/C=C\CCCCCCCC)COP(=O)(OCCNC(=O)CCSSCC(C(=O)O)NC(=O)C(NC(=O)C(NC(=O)C(NC(=O)C(N)CC(=O)O)CC(=O)O)CC(=O)O)CC(=O)O)O,2.90697674418605,92.6272762071417,76.5311952464386,59.3092760681869,71.78323399136,84549,115675,48049,35137,100112.0,41593.0,0.730472597792063,1.12561059767533,,100
134,2-F87,SM102,OCCN(CCCCCCCC(OC(CCCCCCCC)CCCCCCCC)=O)CCCCCC(OCCCCCCCCCCC)=O,50.0,DOPE,CCCCCCCC/C=C/CCCCCCCC(=O)OCC(COP(=O)([O-])OCC[NH3+])OC(=O)CCCCCCC/C=C/CCCCCCCC,5.0,β-sitosterol,CCC(CCC(C)C1CCC2C1(CCC3C2CC=C4C3(CCC(C4)O)C)C)C(C)C,38.5,DMPE-PEG,CCCCCCCCCCCCCC(OCC(OC(CCCCCCCCCCCCC)=O)COP(OCCNC(OCCO)=O)(O)=O)=O,1.5,L-Asp-UC18,C(CCCCCC)CCCCCCCCCCCNC(=O)N[C@H](C(OCC)=O)CC(=O)OCC,5.0,75.59460819,52.08710339,19.81640849,28.75978003,710766,705902,156322,172298,708334.0,164310.0,1.09428928295282,0.654680200416372,,100
303,4-F64,SM102,OCCN(CCCCCCCC(OC(CCCCCCCC)CCCCCCCC)=O)CCCCCC(OCCCCCCCCCCC)=O,59.4757281553398,DOPE,CCCCCCCC/C=C/CCCCCCCC(=O)OCC(COP(=O)([O-])OCC[NH3+])OC(=O)CCCCCCC/C=C/CCCCCCCC,19.2135922330097,Cholesterol,CC(C)CCCC(C)C1CCC2C1(CCC3C2CC=C4C3(CCC(C4)O)C)C,14.8349514563107,DMPE-PEG,CCCCCCCCCCCCCC(OCC(OC(CCCCCCCCCCCCC)=O)COP(OCCNC(OCCO)=O)(O)=O)=O,3.5631067961165,L-Tyr-UC18,C(CCCCCC)CCCCCCCCCCCNC(=O)N[C@@H](C(=O)OCC)CC1=CC=C(O)C=C1,2.9126213592233,78.9340761942663,75.0047172778162,46.2478184991274,48.6706564829412,1826,1947,871,689,1886.5,780.0,0.042309115579129,0.155890876386529,,100
253,4-F14,SM102,OCCN(CCCCCCCC(OC(CCCCCCCC)CCCCCCCC)=O)CCCCCC(OCCCCCCCCCCC)=O,46.188679245283,DOPE,CCCCCCCC/C=C/CCCCCCCC(=O)OCC(COP(=O)([O-])OCC[NH3+])OC(=O)CCCCCCC/C=C/CCCCCCCC,21.8301886792453,Cholesterol,CC(C)CCCC(C)C1CCC2C1(CCC3C2CC=C4C3(CCC(C4)O)C)C,23.1603773584906,DMPE-PEG,CCCCCCCCCCCCCC(OCC(OC(CCCCCCCCCCCCC)=O)COP(OCCNC(OCCO)=O)(O)=O)=O,3.16037735849057,L-Tyr-UC18,C(CCCCCC)CCCCCCCCCCCNC(=O)N[C@@H](C(=O)OCC)CC1=CC=C(O)C=C1,5.66037735849057,82.9673929711569,75.0770046712768,61.8415525497774,68.3409309522814,9414,9979,5531,5174,9696.5,5352.5,0.2174663870729,1.06975117417808,,100
278,4-F39,SM102,OCCN(CCCCCCCC(OC(CCCCCCCC)CCCCCCCC)=O)CCCCCC(OCCCCCCCCCCC)=O,29.3490566037736,DOPE,CCCCCCCC/C=C/CCCCCCCC(=O)OCC(COP(=O)([O-])OCC[NH3+])OC(=O)CCCCCCC/C=C/CCCCCCCC,29.8679245283019,Cholesterol,CC(C)CCCC(C)C1CCC2C1(CCC3C2CC=C4C3(CCC(C4)O)C)C,30.2924528301887,DMPE-PEG,CCCCCCCCCCCCCC(OCC(OC(CCCCCCCCCCCCC)=O)COP(OCCNC(OCCO)=O)(O)=O)=O,4.83018867924528,L-Tyr-UC18,C(CCCCCC)CCCCCCCCCCCNC(=O)N[C@@H](C(=O)OCC)CC1=CC=C(O)C=C1,5.66037735849057,83.9903237531805,81.1057909817524,64.206834800776,66.4903550881767,31548,35149,15199,11351,33348.5,13275.0,0.747917063816903,2.65314280003997,,100
162,3-F19,SM102,OCCN(CCCCCCCC(OC(CCCCCCCC)CCCCCCCC)=O)CCCCCC(OCCCCCCCCCCC)=O,48.5436893203884,DOPE,CCCCCCCC/C=C/CCCCCCCC(=O)OCC(COP(=O)([O-])OCC[NH3+])OC(=O)CCCCCCC/C=C/CCCCCCCC,9.70873786407767,Cholesterol,CC(C)CCCC(C)C1CCC2C1(CCC3C2CC=C4C3(CCC(C4)O)C)C,37.378640776699,DMPE-PEG,CCCCCCCCCCCCCC(OCC(OC(CCCCCCCCCCCCC)=O)COP(OCCNC(OCCO)=O)(O)=O)=O,1.45631067961165,β-CD-UC18,[C@H]12OC3[C@H](O)[C@@H](O)[C@H](OC4[C@H](O)[C@@H](O)[C@H](OC5[C@H](O)[C@@H](O)[C@H](OC6[C@H](O)[C@@H](O)[C@H](OC7[C@H](O)[C@@H](O)[C@H](OC8[C@H](O)[C@@H](O)[C@H](OC([C@@H](O)[C@@H]1O)O[C@@H]2CNC(=O)NCCCCCCCCCCCCCCCCCC)CO8)CO7)CO6)CO5)CO4)CO3,2.9126213592233,75.86679279,88.76704791,48.54901118,41.49352556,1281794,2191663,761244,616435,1736728.5,688839.5,3.4499216346087,4.77220736573741,,100
324,4-F85,SM102,OCCN(CCCCCCCC(OC(CCCCCCCC)CCCCCCCC)=O)CCCCCC(OCCCCCCCCCCC)=O,30.3106796116505,DOPE,CCCCCCCC/C=C/CCCCCCCC(=O)OCC(COP(=O)([O-])OCC[NH3+])OC(=O)CCCCCCC/C=C/CCCCCCCC,15.0291262135922,Cholesterol,CC(C)CCCC(C)C1CCC2C1(CCC3C2CC=C4C3(CCC(C4)O)C)C,48.2427184466019,DMPE-PEG,CCCCCCCCCCCCCC(OCC(OC(CCCCCCCCCCCCC)=O)COP(OCCNC(OCCO)=O)(O)=O)=O,3.50485436893204,L-Tyr-UC18,C(CCCCCC)CCCCCCCCCCCNC(=O)N[C@@H](C(=O)OCC)CC1=CC=C(O)C=C1,2.9126213592233,80.1655930203316,79.9686882003955,70.2582046332046,70.4311995821485,7251,8240,3987,5893,7745.5,4940.0,0.173710710160692,0.987308883781353,,100
277,4-F38,SM102,OCCN(CCCCCCCC(OC(CCCCCCCC)CCCCCCCC)=O)CCCCCC(OCCCCCCCCCCC)=O,32.877358490566,DOPE,CCCCCCCC/C=C/CCCCCCCC(=O)OCC(COP(=O)([O-])OCC[NH3+])OC(=O)CCCCCCC/C=C/CCCCCCCC,25.311320754717,Cholesterol,CC(C)CCCC(C)C1CCC2C1(CCC3C2CC=C4C3(CCC(C4)O)C)C,30.8584905660377,DMPE-PEG,CCCCCCCCCCCCCC(OCC(OC(CCCCCCCCCCCCC)=O)COP(OCCNC(OCCO)=O)(O)=O)=O,5.29245283018868,L-Tyr-UC18,C(CCCCCC)CCCCCCCCCCCNC(=O)N[C@@H](C(=O)OCC)CC1=CC=C(O)C=C1,5.66037735849057,84.8261968822249,82.0693436113834,78.737647433854,81.3825831834837,35288,41946,21377,21630,38617.0,21503.5,0.866075333325857,4.29769161586889,,100
443,6-F15,SM102,OCCN(CCCCCCCC(OC(CCCCCCCC)CCCCCCCC)=O)CCCCCC(OCCCCCCCCCCC)=O,48.5436893203884,DOPE,CCCCCCCC/C=C/CCCCCCCC(=O)OCC(COP(=O)([O-])OCC[NH3+])OC(=O)CCCCCCC/C=C/CCCCCCCC,9.70873786407767,Cholesterol,CC(C)CCCC(C)C1CCC2C1(CCC3C2CC=C4C3(CCC(C4)O)C)C,37.378640776699,DMG-PEG,CCCCCCCCCCCCCC(=O)OCC(COCCO)OC(=O)CCCCCCCCCCCCC,1.45631067961165,4RC-DOPE,CCCCCCCC/C=C\CCCCCCCC(=O)OC[C@]([H])(OC(=O)CCCCCCC/C=C\CCCCCCCC)COP(=O)(OCCNC(=O)CCSSCC(C(=O)O)NC(=O)C(CCCNC(=N)N)NC(=O)C(CCCNC(N)=N)NC(=O)C(CCCNC(=N)N)NC(=O)C(CCCNC(N)=N)N)O,2.9126213592233,86.154091986471,99.4946304485155,51.1205564142195,44.2661588857227,2550795,446184,129532,120017,1498489.5,124774.5,0.506058134109891,0.199305482899433,,100
332,4-F93,SM102,OCCN(CCCCCCCC(OC(CCCCCCCC)CCCCCCCC)=O)CCCCCC(OCCCCCCCCCCC)=O,44.5436893203884,DOPE,CCCCCCCC/C=C/CCCCCCCC(=O)OCC(COP(=O)([O-])OCC[NH3+])OC(=O)CCCCCCC/C=C/CCCCCCCC,27.0194174757281,Cholesterol,CC(C)CCCC(C)C1CCC2C1(CCC3C2CC=C4C3(CCC(C4)O)C)C,21.2135922330097,DMPE-PEG,CCCCCCCCCCCCCC(OCC(OC(CCCCCCCCCCCCC)=O)COP(OCCNC(OCCO)=O)(O)=O)=O,4.31067961165049,L-Tyr-UC18,C(CCCCCC)CCCCCCCCCCCNC(=O)N[C@@H](C(=O)OCC)CC1=CC=C(O)C=C1,2.9126213592233,77.2330487384663,81.8943232344122,58.8920560168546,55.5400283318657,4350,5662,2474,2238,5006.0,2356.0,0.112271101292934,0.470870390726491,,100
450,6-F22,SM102,OCCN(CCCCCCCC(OC(CCCCCCCC)CCCCCCCC)=O)CCCCCC(OCCCCCCCCCCC)=O,48.5436893203884,DOPE,CCCCCCCC/C=C/CCCCCCCC(=O)OCC(COP(=O)([O-])OCC[NH3+])OC(=O)CCCCCCC/C=C/CCCCCCCC,9.70873786407767,Cholesterol,CC(C)CCCC(C)C1CCC2C1(CCC3C2CC=C4C3(CCC(C4)O)C)C,37.378640776699,DMG-PEG,CCCCCCCCCCCCCC(=O)OCC(COCCO)OC(=O)CCCCCCCCCCCCC,1.45631067961165,L-BQGA,C1=CC=C2N=C(C3=NC4=CC=CC=C4C(C(NC(CCC(=O)O)C(=O)O)=O)=C3)C=C(C(NC(CCC(=O)O)C(=O)O)=O)C2=C1,2.9126213592233,93.1255751799604,97.5677871432924,52.0238256396372,49.6552071908526,199985,1354750,24301,396861,777367.5,210581.0,0.262526461858873,0.336366388119732,,100
492,6-F65,ALC0315,OCCCCN(CCCCCCOC(C(CCCCCC)CCCCCCCC)=O)CCCCCCOC(C(CCCCCC)CCCCCCCC)=O,45.0581395348837,DOPE,CCCCCCCC/C=C/CCCCCCCC(=O)OCC(COP(=O)([O-])OCC[NH3+])OC(=O)CCCCCCC/C=C/CCCCCCCC,9.10852713178295,Cholesterol,CC(C)CCCC(C)C1CCC2C1(CCC3C2CC=C4C3(CCC(C4)O)C)C,41.3759689922481,DMG-PEG,CCCCCCCCCCCCCC(=O)OCC(COCCO)OC(=O)CCCCCCCCCCCCC,1.55038759689923,8DC-DOPE,C(C)CCCCCC/C=C\CCCCCCCC(=O)OC[C@]([H])(OC(=O)CCCCCCC/C=C\CCCCCCCC)COP(=O)(OCCNC(=O)CCSSCC(C(=O)O)NC(=O)C(NC(=O)C(NC(=O)C(NC(=O)C(NC(=O)C(NC(=O)C(NC(=O)C(NC(=O)C(N)CC(=O)O)CC(=O)O)CC(=O)O)CC(=O)O)CC(=O)O)CC(=O)O)CC(=O)O)CC(=O)O)O,2.90697674418605,95.4947218808759,92.1792580321723,65.5658914728682,67.9241372162919,1852780,592853,93318,28857,1222816.5,61087.5,0.412960008294211,0.097576617711304,,100
335,4-F96,SM102,OCCN(CCCCCCCC(OC(CCCCCCCC)CCCCCCCC)=O)CCCCCC(OCCCCCCCCCCC)=O,32.6407766990291,DOPE,CCCCCCCC/C=C/CCCCCCCC(=O)OCC(COP(=O)([O-])OCC[NH3+])OC(=O)CCCCCCC/C=C/CCCCCCCC,14.8349514563107,Cholesterol,CC(C)CCCC(C)C1CCC2C1(CCC3C2CC=C4C3(CCC(C4)O)C)C,48.1553398058252,DMPE-PEG,CCCCCCCCCCCCCC(OCC(OC(CCCCCCCCCCCCC)=O)COP(OCCNC(OCCO)=O)(O)=O)=O,1.45631067961165,L-Tyr-UC18,C(CCCCCC)CCCCCCCCCCCNC(=O)N[C@@H](C(=O)OCC)CC1=CC=C(O)C=C1,2.9126213592233,81.4671218872365,75.1919696549172,38.4870368178051,41.698975753718,10675,10208,7951,1537,10441.5,4744.0,0.234174731152651,0.948136304586789,,100
258,4-F19,SM102,OCCN(CCCCCCCC(OC(CCCCCCCC)CCCCCCCC)=O)CCCCCC(OCCCCCCCCCCC)=O,60.0188679245283,DOPE,CCCCCCCC/C=C/CCCCCCCC(=O)OCC(COP(=O)([O-])OCC[NH3+])OC(=O)CCCCCCC/C=C/CCCCCCCC,15.811320754717,Cholesterol,CC(C)CCCC(C)C1CCC2C1(CCC3C2CC=C4C3(CCC(C4)O)C)C,16.8490566037736,DMPE-PEG,CCCCCCCCCCCCCC(OCC(OC(CCCCCCCCCCCCC)=O)COP(OCCNC(OCCO)=O)(O)=O)=O,1.66037735849057,L-Tyr-UC18,C(CCCCCC)CCCCCCCCCCCNC(=O)N[C@@H](C(=O)OCC)CC1=CC=C(O)C=C1,5.66037735849057,84.1217363068794,80.4951395202462,40.3895078515659,42.2092010685874,2440,1030,869,378,1735.0,623.5,0.038911378494455,0.124612771060258,,100
334,4-F95,SM102,OCCN(CCCCCCCC(OC(CCCCCCCC)CCCCCCCC)=O)CCCCCC(OCCCCCCCCCCC)=O,34.7184466019417,DOPE,CCCCCCCC/C=C/CCCCCCCC(=O)OCC(COP(=O)([O-])OCC[NH3+])OC(=O)CCCCCCC/C=C/CCCCCCCC,18.4174757281553,Cholesterol,CC(C)CCCC(C)C1CCC2C1(CCC3C2CC=C4C3(CCC(C4)O)C)C,42.7669902912621,DMPE-PEG,CCCCCCCCCCCCCC(OCC(OC(CCCCCCCCCCCCC)=O)COP(OCCNC(OCCO)=O)(O)=O)=O,1.18446601941748,L-Tyr-UC18,C(CCCCCC)CCCCCCCCCCCNC(=O)N[C@@H](C(=O)OCC)CC1=CC=C(O)C=C1,2.9126213592233,80.4437261240082,81.8086023565476,38.9954337899544,38.3448427857773,9519,11864,7518,1370,10691.5,4444.0,0.239781558025051,0.888178275207355,,100
99,2-F52,SM102,OCCN(CCCCCCCC(OC(CCCCCCCC)CCCCCCCC)=O)CCCCCC(OCCCCCCCCCCC)=O,50.0,DOPE,CCCCCCCC/C=C/CCCCCCCC(=O)OCC(COP(=O)([O-])OCC[NH3+])OC(=O)CCCCCCC/C=C/CCCCCCCC,5.0,β-sitosterol,CCC(CCC(C)C1CCC2C1(CCC3C2CC=C4C3(CCC(C4)O)C)C)C(C)C,38.5,DMPE-PEG,CCCCCCCCCCCCCC(OCC(OC(CCCCCCCCCCCCC)=O)COP(OCCNC(OCCO)=O)(O)=O)=O,1.5,L-Arg-Uc12,CCCCCCCCCCCCNC(=O)N[C@@H](C(=O)OCC)CCCNC(=N)N,5.0,76.04322605,64.78427906,39.07515636,45.86608034,757849,823394,97472,112386,790621.5,104929.0,1.2214133930068,0.418081302108755,,100
464,6-F36,SM102,OCCN(CCCCCCCC(OC(CCCCCCCC)CCCCCCCC)=O)CCCCCC(OCCCCCCCCCCC)=O,48.5436893203884,DOPE,CCCCCCCC/C=C/CCCCCCCC(=O)OCC(COP(=O)([O-])OCC[NH3+])OC(=O)CCCCCCC/C=C/CCCCCCCC,9.70873786407767,β-sitosterol,CCC(CCC(C)C1CCC2C1(CCC3C2CC=C4C3(CCC(C4)O)C)C)C(C)C,37.378640776699,DMG-PEG,CCCCCCCCCCCCCC(=O)OCC(COCCO)OC(=O)CCCCCCCCCCCCC,1.45631067961165,DSSC-DOPE,CCCCCCCC/C=C\CCCCCCCC(=O)OC[C@]([H])(OC(=O)CCCCCCC/C=C\CCCCCCCC)COP(=O)(OCCNC(=O)CCSSCC(C(=O)O)NC(=O)C(CO)NC(=O)C(CO)NC(=O)C(CC(=O)O)N)O,2.9126213592233,89.6524324250271,93.8589392430279,46.0803789731052,44.0151795377639,2161299,1535979,1311627,1324912,1848639.0,1318269.5,0.624307880023701,2.10570540686674,,100
394,5-F61,ALC0315,OCCCCN(CCCCCCOC(C(CCCCCC)CCCCCCCC)=O)CCCCCCOC(C(CCCCCC)CCCCCCCC)=O,45.6867753979171,DOPE,CCCCCCCC/C=C/CCCCCCCC(=O)OCC(COP(=O)([O-])OCC[NH3+])OC(=O)CCCCCCC/C=C/CCCCCCCC,9.23560620947141,Cholesterol,CC(C)CCCC(C)C1CCC2C1(CCC3C2CC=C4C3(CCC(C4)O)C)C,41.9532324621733,DMG-PEG,CCCCCCCCCCCCCC(=O)OCC(COCCO)OC(=O)CCCCCCCCCCCCC,1.5720180782079,RC-DOPE,CCCCCCCC/C=C\CCCCCCCC(=O)OC[C@]([H])(OC(=O)CCCCCCC/C=C\CCCCCCCC)COP(=O)(OCCNC(=O)CCSSCC(C(=O)O)NC(=O)C(CCCNC(=N)N)N)O,1.5523678522303,83.5026800966013,77.9016665678192,69.4912265232343,74.4875419685457,46399,42561,46714,31417,44480.0,39065.5,0.324550714697448,1.05721012678782,,100
267,4-F28,SM102,OCCN(CCCCCCCC(OC(CCCCCCCC)CCCCCCCC)=O)CCCCCC(OCCCCCCCCCCC)=O,59.5660377358491,DOPE,CCCCCCCC/C=C/CCCCCCCC(=O)OCC(COP(=O)([O-])OCC[NH3+])OC(=O)CCCCCCC/C=C/CCCCCCCC,13.1037735849057,Cholesterol,CC(C)CCCC(C)C1CCC2C1(CCC3C2CC=C4C3(CCC(C4)O)C)C,17.6320754716981,DMPE-PEG,CCCCCCCCCCCCCC(OCC(OC(CCCCCCCCCCCCC)=O)COP(OCCNC(OCCO)=O)(O)=O)=O,4.0377358490566,L-Tyr-UC18,C(CCCCCC)CCCCCCCCCCCNC(=O)N[C@@H](C(=O)OCC)CC1=CC=C(O)C=C1,5.66037735849057,83.3702050065028,76.4219647850536,39.9967835316822,43.6332676347157,4508,3354,3904,3587,3931.0,3745.5,0.088161745741615,0.748575996802238,,100
218,3-F75,ALC0315,OCCCCN(CCCCCCOC(C(CCCCCC)CCCCCCCC)=O)CCCCCCOC(C(CCCCCC)CCCCCCCC)=O,45.8715596330275,DOPE,CCCCCCCC/C=C/CCCCCCCC(=O)OCC(COP(=O)([O-])OCC[NH3+])OC(=O)CCCCCCC/C=C/CCCCCCCC,9.1743119266055,Cholesterol,CC(C)CCCC(C)C1CCC2C1(CCC3C2CC=C4C3(CCC(C4)O)C)C,35.3211009174312,DMPE-PEG,CCCCCCCCCCCCCC(OCC(OC(CCCCCCCCCCCCC)=O)COP(OCCNC(OCCO)=O)(O)=O)=O,1.37614678899083,L-Leu-UC12,CCCCCCCCCCCCNC(=O)N[C@@H](C(=O)OCC)CC(C)C,8.25688073394496,76.34029385,83.66744292,63.63553364,58.0626725,2213076,2930924,1693802,1874811,2572000.0,1784306.5,5.10914541001289,12.3614871418279,,100
299,4-F60,SM102,OCCN(CCCCCCCC(OC(CCCCCCCC)CCCCCCCC)=O)CCCCCC(OCCCCCCCCCCC)=O,37.3009708737864,DOPE,CCCCCCCC/C=C/CCCCCCCC(=O)OCC(COP(=O)([O-])OCC[NH3+])OC(=O)CCCCCCC/C=C/CCCCCCCC,29.4466019417476,Cholesterol,CC(C)CCCC(C)C1CCC2C1(CCC3C2CC=C4C3(CCC(C4)O)C)C,28.9611650485437,DMPE-PEG,CCCCCCCCCCCCCC(OCC(OC(CCCCCCCCCCCCC)=O)COP(OCCNC(OCCO)=O)(O)=O)=O,1.37864077669903,L-Tyr-UC18,C(CCCCCC)CCCCCCCCCCCNC(=O)N[C@@H](C(=O)OCC)CC1=CC=C(O)C=C1,2.9126213592233,75.6112198676822,75.0558692072454,48.2377397713314,48.5946587028278,21602,23233,12255,12394,22417.5,12324.5,0.502764165648093,2.46317577695613,,100
413,5-F80,ALC0315,OCCCCN(CCCCCCOC(C(CCCCCC)CCCCCCCC)=O)CCCCCCOC(C(CCCCCC)CCCCCCCC)=O,45.0581395348837,DOPE,CCCCCCCC/C=C/CCCCCCCC(=O)OCC(COP(=O)([O-])OCC[NH3+])OC(=O)CCCCCCC/C=C/CCCCCCCC,9.10852713178295,Cholesterol,CC(C)CCCC(C)C1CCC2C1(CCC3C2CC=C4C3(CCC(C4)O)C)C,41.3759689922481,DSPE-PEG,CCCCCCCCCCCCCCCCCC(OCC(OC(CCCCCCCCCCCCCCCCC)=O)COP(OCCNC(OCCO)=O)(O)=O)=O,1.55038759689923,RSSC-DOPE,CCCCCCCC/C=C\CCCCCCCC(=O)OC[C@]([H])(OC(=O)CCCCCCC/C=C\CCCCCCCC)COP(=O)(OCCNC(=O)CCSSCC(C(=O)O)NC(=O)C(CO)NC(=O)C(CO)NC(=O)C(CCCNC(=N)N)N)O,2.90697674418605,91.2787254632906,88.5467922583064,59.7990347337606,61.6440136928921,137,371,170,317,254.0,243.5,0.001853324674756,0.006589718955929,,100
396,5-F63,ALC0315,OCCCCN(CCCCCCOC(C(CCCCCC)CCCCCCCC)=O)CCCCCCOC(C(CCCCCC)CCCCCCCC)=O,45.0581395348837,DOPE,CCCCCCCC/C=C/CCCCCCCC(=O)OCC(COP(=O)([O-])OCC[NH3+])OC(=O)CCCCCCC/C=C/CCCCCCCC,9.10852713178295,Cholesterol,CC(C)CCCC(C)C1CCC2C1(CCC3C2CC=C4C3(CCC(C4)O)C)C,41.3759689922481,DMG-PEG,CCCCCCCCCCCCCC(=O)OCC(COCCO)OC(=O)CCCCCCCCCCCCC,1.55038759689923,SSC-DOPE,CCCCCCCC/C=C\CCCCCCCC(=O)OC[C@]([H])(OC(=O)CCCCCCC/C=C\CCCCCCCC)COP(=O)(OCCNC(=O)CCSSCC(C(=O)O)NC(=O)C(CO)NC(=O)C(CO)N)O,2.90697674418605,86.0509039952477,83.8582378386583,78.2370121249668,80.2826984296224,93486,161160,93167,74533,127323.0,83850.0,0.929019124267608,2.26919069591221,,100
251,4-F12,SM102,OCCN(CCCCCCCC(OC(CCCCCCCC)CCCCCCCC)=O)CCCCCC(OCCCCCCCCCCC)=O,41.9811320754717,DOPE,CCCCCCCC/C=C/CCCCCCCC(=O)OCC(COP(=O)([O-])OCC[NH3+])OC(=O)CCCCCCC/C=C/CCCCCCCC,35.3490566037736,Cholesterol,CC(C)CCCC(C)C1CCC2C1(CCC3C2CC=C4C3(CCC(C4)O)C)C,15.8207547169811,DMPE-PEG,CCCCCCCCCCCCCC(OCC(OC(CCCCCCCCCCCCC)=O)COP(OCCNC(OCCO)=O)(O)=O)=O,1.18867924528302,L-Tyr-UC18,C(CCCCCC)CCCCCCCCCCCNC(=O)N[C@@H](C(=O)OCC)CC1=CC=C(O)C=C1,5.66037735849057,82.333897934652,72.4658163445571,34.0273745333886,38.6610752923178,17642,23559,9489,9053,20600.5,9271.0,0.462013747939491,1.85290296792245,,100
469,6-F41,SM102,OCCN(CCCCCCCC(OC(CCCCCCCC)CCCCCCCC)=O)CCCCCC(OCCCCCCCCCCC)=O,48.5436893203884,DOPE,CCCCCCCC/C=C/CCCCCCCC(=O)OCC(COP(=O)([O-])OCC[NH3+])OC(=O)CCCCCCC/C=C/CCCCCCCC,9.70873786407767,β-sitosterol,CCC(CCC(C)C1CCC2C1(CCC3C2CC=C4C3(CCC(C4)O)C)C)C(C)C,37.378640776699,DMG-PEG,CCCCCCCCCCCCCC(=O)OCC(COCCO)OC(=O)CCCCCCCCCCCCC,1.45631067961165,8DC-DOPE,C(C)CCCCCC/C=C\CCCCCCCC(=O)OC[C@]([H])(OC(=O)CCCCCCC/C=C\CCCCCCCC)COP(=O)(OCCNC(=O)CCSSCC(C(=O)O)NC(=O)C(NC(=O)C(NC(=O)C(NC(=O)C(NC(=O)C(NC(=O)C(NC(=O)C(NC(=O)C(N)CC(=O)O)CC(=O)O)CC(=O)O)CC(=O)O)CC(=O)O)CC(=O)O)CC(=O)O)CC(=O)O)O,2.9126213592233,88.7871723432081,93.0606522904383,36.1351264809478,34.4757491328822,1072838,665350,322045,46835,869094.0,184440.0,0.293503616812865,0.294610703837494,,100
26,1-F27,SM102,OCCN(CCCCCCCC(OC(CCCCCCCC)CCCCCCCC)=O)CCCCCC(OCCCCCCCCCCC)=O,50.0,DOPC,CCCCCCCC/C=C\CCCCCCCC(=O)OCC(COP(=O)([O-])OCC[N+](C)(C)C)OC(=O)CCCCCCC/C=C\CCCCCCCC,5.0,β-sitosterol,CCC(CCC(C)C1CCC2C1(CCC3C2CC=C4C3(CCC(C4)O)C)C)C(C)C,38.5,DSPE-PEG,CCCCCCCCCCCCCCCCCC(OCC(OC(CCCCCCCCCCCCCCCCC)=O)COP(OCCNC(OCCO)=O)(O)=O)=O,1.5,L-His-UC18,C(CCCCCC)CCCCCCCCCCCNC(=O)N[C@H](C(OCC)=O)CC1=CN=CN1,5.0,68.8285078,67.61571762,49.70299588,50.5944943,4474,4562,5186,3922,4518.0,4554.0,0.071342849924204,0.280955024986119,,100
296,4-F57,SM102,OCCN(CCCCCCCC(OC(CCCCCCCC)CCCCCCCC)=O)CCCCCC(OCCCCCCCCCCC)=O,45.252427184466,DOPE,CCCCCCCC/C=C/CCCCCCCC(=O)OCC(COP(=O)([O-])OCC[NH3+])OC(=O)CCCCCCC/C=C/CCCCCCCC,18.5728155339806,Cholesterol,CC(C)CCCC(C)C1CCC2C1(CCC3C2CC=C4C3(CCC(C4)O)C)C,29.2815533980583,DMPE-PEG,CCCCCCCCCCCCCC(OCC(OC(CCCCCCCCCCCCC)=O)COP(OCCNC(OCCO)=O)(O)=O)=O,3.98058252427184,L-Tyr-UC18,C(CCCCCC)CCCCCCCCCCCNC(=O)N[C@@H](C(=O)OCC)CC1=CC=C(O)C=C1,2.9126213592233,77.4928514935816,71.4212731174006,54.8773307163886,59.5424955892195,17457,18471,8275,7287,17964.0,7781.0,0.402884151743162,1.5551114220046,,100
200,3-F57,ALC0315,OCCCCN(CCCCCCOC(C(CCCCCC)CCCCCCCC)=O)CCCCCCOC(C(CCCCCC)CCCCCCCC)=O,45.8715596330275,DOPE,CCCCCCCC/C=C/CCCCCCCC(=O)OCC(COP(=O)([O-])OCC[NH3+])OC(=O)CCCCCCC/C=C/CCCCCCCC,9.1743119266055,Cholesterol,CC(C)CCCC(C)C1CCC2C1(CCC3C2CC=C4C3(CCC(C4)O)C)C,35.3211009174312,DMPE-PEG,CCCCCCCCCCCCCC(OCC(OC(CCCCCCCCCCCCC)=O)COP(OCCNC(OCCO)=O)(O)=O)=O,1.37614678899083,L-Phg-UC18,C(CCCCCC)CCCCCCCCCCCNC(=O)N[C@H](C(OCC)=O)C1=CC=CC=C1,8.25688073394496,70.46238978,92.80208229,36.76747645,27.91666084,2165470,2136032,898391,1027738,2150751.0,963064.5,4.27235598745359,6.67200922795544,,100
193,3-F50,ALC0315,OCCCCN(CCCCCCOC(C(CCCCCC)CCCCCCCC)=O)CCCCCCOC(C(CCCCCC)CCCCCCCC)=O,47.1698113207547,DOPE,CCCCCCCC/C=C/CCCCCCCC(=O)OCC(COP(=O)([O-])OCC[NH3+])OC(=O)CCCCCCC/C=C/CCCCCCCC,9.43396226415094,Cholesterol,CC(C)CCCC(C)C1CCC2C1(CCC3C2CC=C4C3(CCC(C4)O)C)C,36.3207547169811,DMPE-PEG,CCCCCCCCCCCCCC(OCC(OC(CCCCCCCCCCCCC)=O)COP(OCCNC(OCCO)=O)(O)=O)=O,1.41509433962264,L-Leu-UC18,C(CCCCCC)CCCCCCCCCCCNC(=O)N[C@@H](C(=O)OCC)CC(C)C,5.66037735849057,90.07352941,70.56177868,27.26006065,34.79801559,867416,1069712,848368,922523,968564.0,885445.5,1.92400245525028,6.13427298675387,,100
257,4-F18,SM102,OCCN(CCCCCCCC(OC(CCCCCCCC)CCCCCCCC)=O)CCCCCC(OCCCCCCCCCCC)=O,53.811320754717,DOPE,CCCCCCCC/C=C/CCCCCCCC(=O)OCC(COP(=O)([O-])OCC[NH3+])OC(=O)CCCCCCC/C=C/CCCCCCCC,22.877358490566,Cholesterol,CC(C)CCCC(C)C1CCC2C1(CCC3C2CC=C4C3(CCC(C4)O)C)C,13.5188679245283,DMPE-PEG,CCCCCCCCCCCCCC(OCC(OC(CCCCCCCCCCCCC)=O)COP(OCCNC(OCCO)=O)(O)=O)=O,4.13207547169811,L-Tyr-UC18,C(CCCCCC)CCCCCCCCCCCNC(=O)N[C@@H](C(=O)OCC)CC1=CC=C(O)C=C1,5.66037735849057,74.0387649905323,86.8847267462903,68.2177426516295,58.1317062907637,5749,5746,4579,2753,5747.5,3666.0,0.128900949796472,0.732687119016688,,100
389,5-F56,ALC0315,OCCCCN(CCCCCCOC(C(CCCCCC)CCCCCCCC)=O)CCCCCCOC(C(CCCCCC)CCCCCCCC)=O,45.0581395348837,DOPE,CCCCCCCC/C=C/CCCCCCCC(=O)OCC(COP(=O)([O-])OCC[NH3+])OC(=O)CCCCCCC/C=C/CCCCCCCC,9.10852713178295,β-sitosterol,CCC(CCC(C)C1CCC2C1(CCC3C2CC=C4C3(CCC(C4)O)C)C)C(C)C,41.3759689922481,DMPE-PEG,CCCCCCCCCCCCCC(OCC(OC(CCCCCCCCCCCCC)=O)COP(OCCNC(OCCO)=O)(O)=O)=O,1.55038759689923,RSSC-DOPE,CCCCCCCC/C=C\CCCCCCCC(=O)OC[C@]([H])(OC(=O)CCCCCCC/C=C\CCCCCCCC)COP(=O)(OCCNC(=O)CCSSCC(C(=O)O)NC(=O)C(CO)NC(=O)C(CO)NC(=O)C(CCCNC(=N)N)N)O,2.90697674418605,65.2210871211536,59.3596676574867,39.2772511848341,43.1556496607576,18140,17525,14398,20191,17832.5,17294.5,0.130115796309403,0.468032420876013,,100
371,5-F36,ALC0315,OCCCCN(CCCCCCOC(C(CCCCCC)CCCCCCCC)=O)CCCCCCOC(C(CCCCCC)CCCCCCCC)=O,45.0581395348837,DOPC,CCCCCCCC/C=C\CCCCCCCC(=O)OCC(COP(=O)([O-])OCC[N+](C)(C)C)OC(=O)CCCCCCC/C=C\CCCCCCCC,9.10852713178295,Cholesterol,CC(C)CCCC(C)C1CCC2C1(CCC3C2CC=C4C3(CCC(C4)O)C)C,41.3759689922481,DMPE-PEG,CCCCCCCCCCCCCC(OCC(OC(CCCCCCCCCCCCC)=O)COP(OCCNC(OCCO)=O)(O)=O)=O,1.55038759689923,HA-DSSC,CCCCCCCCCCCCCCCCC(NC(CC(=O)O)C(=O)NC(CO)C(=O)NC(CO)C(=O)NC(C(=O)O)CS)=O,2.90697674418605,90.7705604075692,61.593107617896,30.6314206965673,45.1419213973799,124905,146782,60322,61184,135843.5,60753.0,0.991189411241071,1.644128113879,,100
59,2-F12,SM102,OCCN(CCCCCCCC(OC(CCCCCCCC)CCCCCCCC)=O)CCCCCC(OCCCCCCCCCCC)=O,50.0,DOPC,CCCCCCCC/C=C\CCCCCCCC(=O)OCC(COP(=O)([O-])OCC[N+](C)(C)C)OC(=O)CCCCCCC/C=C\CCCCCCCC,5.0,β-sitosterol,CCC(CCC(C)C1CCC2C1(CCC3C2CC=C4C3(CCC(C4)O)C)C)C(C)C,38.5,DMG-PEG,CCCCCCCCCCCCCC(=O)OCC(COCCO)OC(=O)CCCCCCCCCCCCC,1.5,L-Met-UC12,CCCCCCCCCCCCNC(=O)N[C@@H](C(=O)OCC)CCSC,5.0,71.29395899,67.81717676,48.79350067,51.29499637,158171,512442,10608,22814,335306.5,16711.0,0.518007478752141,0.06658365789762,,100
512,6-F86,ALC0315,OCCCCN(CCCCCCOC(C(CCCCCC)CCCCCCCC)=O)CCCCCCOC(C(CCCCCC)CCCCCCCC)=O,45.0581395348837,DOPE,CCCCCCCC/C=C/CCCCCCCC(=O)OCC(COP(=O)([O-])OCC[NH3+])OC(=O)CCCCCCC/C=C/CCCCCCCC,9.10852713178295,β-sitosterol,CCC(CCC(C)C1CCC2C1(CCC3C2CC=C4C3(CCC(C4)O)C)C)C(C)C,41.3759689922481,DMG-PEG,CCCCCCCCCCCCCC(=O)OCC(COCCO)OC(=O)CCCCCCCCCCCCC,1.55038759689923,4DC-DOPE,C(C)CCCCCC/C=C\CCCCCCCC(=O)OC[C@]([H])(OC(=O)CCCCCCC/C=C\CCCCCCCC)COP(=O)(OCCNC(=O)CCSSCC(C(=O)O)NC(=O)C(NC(=O)C(NC(=O)C(NC(=O)C(N)CC(=O)O)CC(=O)O)CC(=O)O)CC(=O)O)O,2.90697674418605,83.1445432678861,84.8419709132435,42.485913716256,41.6359008782234,98707,94959,24343,26274,96833.0,25308.5,0.032701682127411,0.040425910854865,,100
518,6-F92,ALC0315,OCCCCN(CCCCCCOC(C(CCCCCC)CCCCCCCC)=O)CCCCCCOC(C(CCCCCC)CCCCCCCC)=O,45.0581395348837,DOPE,CCCCCCCC/C=C/CCCCCCCC(=O)OCC(COP(=O)([O-])OCC[NH3+])OC(=O)CCCCCCC/C=C/CCCCCCCC,9.10852713178295,β-sitosterol,CCC(CCC(C)C1CCC2C1(CCC3C2CC=C4C3(CCC(C4)O)C)C)C(C)C,41.3759689922481,DMG-PEG,CCCCCCCCCCCCCC(=O)OCC(COCCO)OC(=O)CCCCCCCCCCCCC,1.55038759689923,L-PyC3His,C1=CC2=CC=CC3=C2C2=C(C=C3)C(CCCC(NC(C(OC)=O)CC3N=CNC=3)=O)=CC=C12,2.90697674418605,57.2021764032073,34.6260387811634,20.3379224030038,33.598224513173,175987,136140,52380,61889,156063.5,57134.5,0.052704542549453,0.091262390253759,,100
156,3-F13,SM102,OCCN(CCCCCCCC(OC(CCCCCCCC)CCCCCCCC)=O)CCCCCC(OCCCCCCCCCCC)=O,48.5436893203884,DOPE,CCCCCCCC/C=C/CCCCCCCC(=O)OCC(COP(=O)([O-])OCC[NH3+])OC(=O)CCCCCCC/C=C/CCCCCCCC,9.70873786407767,Cholesterol,CC(C)CCCC(C)C1CCC2C1(CCC3C2CC=C4C3(CCC(C4)O)C)C,37.378640776699,DMPE-PEG,CCCCCCCCCCCCCC(OCC(OC(CCCCCCCCCCCCC)=O)COP(OCCNC(OCCO)=O)(O)=O)=O,1.45631067961165,L-Arg-UC18,C(CCCCCC)CCCCCCCCCCCNC(=O)N[C@@H](C(=O)OCC)CCCNC(=N)N,2.9126213592233,87.21614041,74.4925316,26.90179806,31.49672789,1740687,3209712,490948,896809,2475199.5,693878.5,4.91685620695615,4.80711702599346,,100
314,4-F75,SM102,OCCN(CCCCCCCC(OC(CCCCCCCC)CCCCCCCC)=O)CCCCCC(OCCCCCCCCCCC)=O,27.6310679611651,DOPE,CCCCCCCC/C=C/CCCCCCCC(=O)OCC(COP(=O)([O-])OCC[NH3+])OC(=O)CCCCCCC/C=C/CCCCCCCC,52.8446601941748,Cholesterol,CC(C)CCCC(C)C1CCC2C1(CCC3C2CC=C4C3(CCC(C4)O)C)C,12.8543689320388,DMPE-PEG,CCCCCCCCCCCCCC(OCC(OC(CCCCCCCCCCCCC)=O)COP(OCCNC(OCCO)=O)(O)=O)=O,3.75728155339806,L-Tyr-UC18,C(CCCCCC)CCCCCCCCCCCNC(=O)N[C@@H](C(=O)OCC)CC1=CC=C(O)C=C1,2.9126213592233,81.9263349619821,76.2519346946927,53.8950154389061,57.9056925612189,7870,7145,3974,3221,7507.5,3597.5,0.168373010978167,0.718996702308384,,100
40,1-F41,SM102,OCCN(CCCCCCCC(OC(CCCCCCCC)CCCCCCCC)=O)CCCCCC(OCCCCCCCCCCC)=O,50.0,DOPC,CCCCCCCC/C=C\CCCCCCCC(=O)OCC(COP(=O)([O-])OCC[N+](C)(C)C)OC(=O)CCCCCCC/C=C\CCCCCCCC,5.0,β-sitosterol,CCC(CCC(C)C1CCC2C1(CCC3C2CC=C4C3(CCC(C4)O)C)C)C(C)C,38.5,DMPE-PEG,CCCCCCCCCCCCCC(OCC(OC(CCCCCCCCCCCCC)=O)COP(OCCNC(OCCO)=O)(O)=O)=O,1.5,L-Glu-UC18,C(CCCCCC)CCCCCCCCCCCNC(=O)N[C@H](C(OCC)=O)CCC(=O)OCC,5.0,75.37028412,72.85336856,37.23605492,38.52247459,219950,206165,19582,15756,213057.5,17669.0,3.36434910308236,1.09007341600345,,100
441,6-F13,SM102,OCCN(CCCCCCCC(OC(CCCCCCCC)CCCCCCCC)=O)CCCCCC(OCCCCCCCCCCC)=O,48.5436893203884,DOPE,CCCCCCCC/C=C/CCCCCCCC(=O)OCC(COP(=O)([O-])OCC[NH3+])OC(=O)CCCCCCC/C=C/CCCCCCCC,9.70873786407767,Cholesterol,CC(C)CCCC(C)C1CCC2C1(CCC3C2CC=C4C3(CCC(C4)O)C)C,37.378640776699,DMG-PEG,CCCCCCCCCCCCCC(=O)OCC(COCCO)OC(=O)CCCCCCCCCCCCC,1.45631067961165,RSSC-DOPE,CCCCCCCC/C=C\CCCCCCCC(=O)OC[C@]([H])(OC(=O)CCCCCCC/C=C\CCCCCCCC)COP(=O)(OCCNC(=O)CCSSCC(C(=O)O)NC(=O)C(CO)NC(=O)C(CO)NC(=O)C(CCCNC(=N)N)N)O,2.9126213592233,79.0138623260229,95.8523396670997,56.0600706713781,46.2119414236455,2777198,2716525,185758,187105,2746861.5,186431.5,0.927648545651002,0.297791777447841,,100
282,4-F43,SM102,OCCN(CCCCCCCC(OC(CCCCCCCC)CCCCCCCC)=O)CCCCCC(OCCCCCCCCCCC)=O,24.622641509434,DOPE,CCCCCCCC/C=C/CCCCCCCC(=O)OCC(COP(=O)([O-])OCC[NH3+])OC(=O)CCCCCCC/C=C/CCCCCCCC,32.2830188679245,Cholesterol,CC(C)CCCC(C)C1CCC2C1(CCC3C2CC=C4C3(CCC(C4)O)C)C,36.3584905660377,DMPE-PEG,CCCCCCCCCCCCCC(OCC(OC(CCCCCCCCCCCCC)=O)COP(OCCNC(OCCO)=O)(O)=O)=O,1.07547169811321,L-Tyr-UC18,C(CCCCCC)CCCCCCCCCCCNC(=O)N[C@@H](C(=O)OCC)CC1=CC=C(O)C=C1,5.66037735849057,60.5452939877842,0.0,0.0,47.9358304511002,29061,34644,1295,2538,31852.5,1916.5,0.714365811812463,0.38303187768562,,100
191,3-F48,SM102,OCCN(CCCCCCCC(OC(CCCCCCCC)CCCCCCCC)=O)CCCCCC(OCCCCCCCCCCC)=O,42.3728813559322,DOPE,CCCCCCCC/C=C/CCCCCCCC(=O)OCC(COP(=O)([O-])OCC[NH3+])OC(=O)CCCCCCC/C=C/CCCCCCCC,8.47457627118644,Cholesterol,CC(C)CCCC(C)C1CCC2C1(CCC3C2CC=C4C3(CCC(C4)O)C)C,32.6271186440678,DMPE-PEG,CCCCCCCCCCCCCC(OCC(OC(CCCCCCCCCCCCC)=O)COP(OCCNC(OCCO)=O)(O)=O)=O,1.27118644067797,L-His-UC18,C(CCCCCC)CCCCCCCCCCCNC(=O)N[C@H](C(OCC)=O)CC1=CN=CN1,15.2542372881356,81.08878548,90.24997636,54.40380048,48.88132146,981245,2897450,589343,1547810,1939347.5,1068576.5,3.85241383283242,7.40298522972898,,100
89,2-F42,SM102,OCCN(CCCCCCCC(OC(CCCCCCCC)CCCCCCCC)=O)CCCCCC(OCCCCCCCCCCC)=O,50.0,DOPC,CCCCCCCC/C=C\CCCCCCCC(=O)OCC(COP(=O)([O-])OCC[N+](C)(C)C)OC(=O)CCCCCCC/C=C\CCCCCCCC,5.0,β-sitosterol,CCC(CCC(C)C1CCC2C1(CCC3C2CC=C4C3(CCC(C4)O)C)C)C(C)C,38.5,DMPE-PEG,CCCCCCCCCCCCCC(OCC(OC(CCCCCCCCCCCCC)=O)COP(OCCNC(OCCO)=O)(O)=O)=O,1.5,L-Val-UC12,CCCCCCCCCCCCNC(=O)N[C@@H](C(=O)OCC)C(C)C,5.0,74.20832066,78.02797466,28.32745076,26.94075501,262301,542282,6380,12655,402291.5,9517.5,0.621491100346748,0.03792172605114,,100
106,2-F59,SM102,OCCN(CCCCCCCC(OC(CCCCCCCC)CCCCCCCC)=O)CCCCCC(OCCCCCCCCCCC)=O,50.0,DOPE,CCCCCCCC/C=C/CCCCCCCC(=O)OCC(COP(=O)([O-])OCC[NH3+])OC(=O)CCCCCCC/C=C/CCCCCCCC,5.0,β-sitosterol,CCC(CCC(C)C1CCC2C1(CCC3C2CC=C4C3(CCC(C4)O)C)C)C(C)C,38.5,DMPE-PEG,CCCCCCCCCCCCCC(OCC(OC(CCCCCCCCCCCCC)=O)COP(OCCNC(OCCO)=O)(O)=O)=O,1.5,L-Phg-UC18,C(CCCCCC)CCCCCCCCCCCNC(=O)N[C@H](C(OCC)=O)C1=CC=CC=C1,5.0,71.51899655,27.5320416,12.98067141,33.71942436,372447,214288,138881,136971,293367.5,137926.0,0.453216859866476,0.54955523901545,,100
138,2-F91,SM102,OCCN(CCCCCCCC(OC(CCCCCCCC)CCCCCCCC)=O)CCCCCC(OCCCCCCCCCCC)=O,50.0,DOPE,CCCCCCCC/C=C/CCCCCCCC(=O)OCC(COP(=O)([O-])OCC[NH3+])OC(=O)CCCCCCC/C=C/CCCCCCCC,5.0,β-sitosterol,CCC(CCC(C)C1CCC2C1(CCC3C2CC=C4C3(CCC(C4)O)C)C)C(C)C,38.5,DMPE-PEG,CCCCCCCCCCCCCC(OCC(OC(CCCCCCCCCCCCC)=O)COP(OCCNC(OCCO)=O)(O)=O)=O,1.5,L-Val-UC18,C(CCCCCC)CCCCCCCCCCCNC(=O)N[C@@H](C(=O)OCC)C(C)C,5.0,70.49096788,56.94243862,27.52087748,34.06902369,487062,579392,131725,183149,533227.0,157437.0,0.823770412659962,0.627295275472901,,100
0,1-F1-SM102-LNP,SM102,OCCN(CCCCCCCC(OC(CCCCCCCC)CCCCCCCC)=O)CCCCCC(OCCCCCCCCCCC)=O,50.0,DSPC,CCCCCCCCCCCCCCCCCC(=O)OCC(COP(=O)([O-])OCC[N+](C)(C)C)OC(=O)CCCCCCCCCCCCCCCCC,10.0,Cholesterol,CC(C)CCCC(C)C1CCC2C1(CCC3C2CC=C4C3(CCC(C4)O)C)C,38.5,DMG-PEG,CCCCCCCCCCCCCC(=O)OCC(COCCO)OC(=O)CCCCCCCCCCCCC,1.5,,,,74.4560838,80.21116139,49.50069673,45.94906695,66553,60103,20161,12257,63328.0,16209.0,1.0,1.0,,100
199,3-F56,ALC0315,OCCCCN(CCCCCCOC(C(CCCCCC)CCCCCCCC)=O)CCCCCCOC(C(CCCCCC)CCCCCCCC)=O,47.1698113207547,DOPE,CCCCCCCC/C=C/CCCCCCCC(=O)OCC(COP(=O)([O-])OCC[NH3+])OC(=O)CCCCCCC/C=C/CCCCCCCC,9.43396226415094,Cholesterol,CC(C)CCCC(C)C1CCC2C1(CCC3C2CC=C4C3(CCC(C4)O)C)C,36.3207547169811,DMPE-PEG,CCCCCCCCCCCCCC(OCC(OC(CCCCCCCCCCCCC)=O)COP(OCCNC(OCCO)=O)(O)=O)=O,1.41509433962264,L-Phg-UC18,C(CCCCCC)CCCCCCCCCCCNC(=O)N[C@H](C(OCC)=O)C1=CC=CC=C1,5.66037735849057,82.39957573,70.9110323,30.68735044,35.65911502,2740405,2781458,1362880,1439740,2760931.5,1401310.0,5.48444809509526,9.70812780579726,,100
410,5-F77,ALC0315,OCCCCN(CCCCCCOC(C(CCCCCC)CCCCCCCC)=O)CCCCCCOC(C(CCCCCC)CCCCCCCC)=O,45.0581395348837,DOPE,CCCCCCCC/C=C/CCCCCCCC(=O)OCC(COP(=O)([O-])OCC[NH3+])OC(=O)CCCCCCC/C=C/CCCCCCCC,9.10852713178295,Cholesterol,CC(C)CCCC(C)C1CCC2C1(CCC3C2CC=C4C3(CCC(C4)O)C)C,41.3759689922481,DSPE-PEG,CCCCCCCCCCCCCCCCCC(OCC(OC(CCCCCCCCCCCCCCCCC)=O)COP(OCCNC(OCCO)=O)(O)=O)=O,1.55038759689923,4DC-DOPE,C(C)CCCCCC/C=C\CCCCCCCC(=O)OC[C@]([H])(OC(=O)CCCCCCC/C=C\CCCCCCCC)COP(=O)(OCCNC(=O)CCSSCC(C(=O)O)NC(=O)C(NC(=O)C(NC(=O)C(NC(=O)C(N)CC(=O)O)CC(=O)O)CC(=O)O)CC(=O)O)O,2.90697674418605,85.0765183355257,53.6163649646887,24.9080795700952,39.5232442490936,3474,1263,1059,501,2368.5,780.0,0.017281887764409,0.021108750659649,,100
24,1-F25,SM102,OCCN(CCCCCCCC(OC(CCCCCCCC)CCCCCCCC)=O)CCCCCC(OCCCCCCCCCCC)=O,50.0,DOPC,CCCCCCCC/C=C\CCCCCCCC(=O)OCC(COP(=O)([O-])OCC[N+](C)(C)C)OC(=O)CCCCCCC/C=C\CCCCCCCC,10.0,β-sitosterol,CCC(CCC(C)C1CCC2C1(CCC3C2CC=C4C3(CCC(C4)O)C)C)C(C)C,38.5,DMG-PEG,CCCCCCCCCCCCCC(=O)OCC(COCCO)OC(=O)CCCCCCCCCCCCC,1.5,,,,76.35228345,72.653414,37.18377874,39.07684798,268824,208624,32784,23600,238724.0,28192.0,3.76964375947448,1.73928064655438,,100
346,5-F11,ALC0315,OCCCCN(CCCCCCOC(C(CCCCCC)CCCCCCCC)=O)CCCCCCOC(C(CCCCCC)CCCCCCCC)=O,46.4071856287425,DOPE,CCCCCCCC/C=C/CCCCCCCC(=O)OCC(COP(=O)([O-])OCC[NH3+])OC(=O)CCCCCCC/C=C/CCCCCCCC,9.3812375249501,β-sitosterol,CCC(CCC(C)C1CCC2C1(CCC3C2CC=C4C3(CCC(C4)O)C)C)C(C)C,42.6147704590819,DMG-PEG,CCCCCCCCCCCCCC(=O)OCC(COCCO)OC(=O)CCCCCCCCCCCCC,1.59680638722555,,,,34.6886741814278,0.0,0.0,44.243156199678,14695,13825,8889,9635,14260.0,9262.0,0.104048857724497,0.250652882832903,,100
248,4-F9,SM102,OCCN(CCCCCCCC(OC(CCCCCCCC)CCCCCCCC)=O)CCCCCC(OCCCCCCCCCCC)=O,47.2358490566038,DOPE,CCCCCCCC/C=C/CCCCCCCC(=O)OCC(COP(=O)([O-])OCC[NH3+])OC(=O)CCCCCCC/C=C/CCCCCCCC,9.76415094339623,Cholesterol,CC(C)CCCC(C)C1CCC2C1(CCC3C2CC=C4C3(CCC(C4)O)C)C,36.1132075471698,DMPE-PEG,CCCCCCCCCCCCCC(OCC(OC(CCCCCCCCCCCCC)=O)COP(OCCNC(OCCO)=O)(O)=O)=O,1.22641509433962,L-Tyr-UC18,C(CCCCCC)CCCCCCCCCCCNC(=O)N[C@@H](C(=O)OCC)CC1=CC=C(O)C=C1,5.66037735849057,81.9935253951413,74.4394949011523,33.5434638354346,36.9474142386899,12270,13260,4771,6992,12765.0,5881.5,0.286284580104736,1.17547716598381,,100
67,2-F20,SM102,OCCN(CCCCCCCC(OC(CCCCCCCC)CCCCCCCC)=O)CCCCCC(OCCCCCCCCCCC)=O,50.0,DOPC,CCCCCCCC/C=C\CCCCCCCC(=O)OCC(COP(=O)([O-])OCC[N+](C)(C)C)OC(=O)CCCCCCC/C=C\CCCCCCCC,5.0,β-sitosterol,CCC(CCC(C)C1CCC2C1(CCC3C2CC=C4C3(CCC(C4)O)C)C)C(C)C,38.5,DMG-PEG,CCCCCCCCCCCCCC(=O)OCC(COCCO)OC(=O)CCCCCCCCCCCCC,1.5,L-Leu-UC12,CCCCCCCCCCCCNC(=O)N[C@@H](C(=O)OCC)CC(C)C,5.0,77.8125673,81.84143223,46.32744305,44.04684989,210856,434236,28772,65518,322546.0,47145.0,0.498294068983417,0.187845524001156,,100
231,3-F88,ALC0315,OCCCCN(CCCCCCOC(C(CCCCCC)CCCCCCCC)=O)CCCCCCOC(C(CCCCCC)CCCCCCCC)=O,44.6428571428571,DOPE,CCCCCCCC/C=C/CCCCCCCC(=O)OCC(COP(=O)([O-])OCC[NH3+])OC(=O)CCCCCCC/C=C/CCCCCCCC,8.92857142857143,Cholesterol,CC(C)CCCC(C)C1CCC2C1(CCC3C2CC=C4C3(CCC(C4)O)C)C,34.375,DMPE-PEG,CCCCCCCCCCCCCC(OCC(OC(CCCCCCCCCCCCC)=O)COP(OCCNC(OCCO)=O)(O)=O)=O,1.33928571428571,L-Tyr-UC18,C(CCCCCC)CCCCCCCCCCCNC(=O)N[C@@H](C(=O)OCC)CC1=CC=C(O)C=C1,10.7142857142857,82.82907714,94.71317185,62.3541717,54.53030868,6410145,5356096,1623490,1243685,5883120.5,1433587.5,11.6865155906407,9.93174291969185,,100
245,4-F6,SM102,OCCN(CCCCCCCC(OC(CCCCCCCC)CCCCCCCC)=O)CCCCCC(OCCCCCCCCCCC)=O,56.3301886792453,DSPC,CCCCCCCCCCCCCCCCCC(=O)OCC(COP(=O)([O-])OCC[N+](C)(C)C)OC(=O)CCCCCCCCCCCCCCCCC,20.1320754716981,Cholesterol,CC(C)CCCC(C)C1CCC2C1(CCC3C2CC=C4C3(CCC(C4)O)C)C,14.811320754717,DMPE-PEG,CCCCCCCCCCCCCC(OCC(OC(CCCCCCCCCCCCC)=O)COP(OCCNC(OCCO)=O)(O)=O)=O,3.06603773584906,L-Tyr-UC18,C(CCCCCC)CCCCCCCCCCCNC(=O)N[C@@H](C(=O)OCC)CC1=CC=C(O)C=C1,5.66037735849057,74.5840036195455,71.8542365915474,35.3525992080209,36.6956565453449,3867,2782,2228,1889,3324.5,2058.5,0.074559583749173,0.411412011591886,,100
341,5-F6,ALC0315,OCCCCN(CCCCCCOC(C(CCCCCC)CCCCCCCC)=O)CCCCCCOC(C(CCCCCC)CCCCCCCC)=O,46.4071856287425,DOPC,CCCCCCCC/C=C\CCCCCCCC(=O)OCC(COP(=O)([O-])OCC[N+](C)(C)C)OC(=O)CCCCCCC/C=C\CCCCCCCC,9.3812375249501,Cholesterol,CC(C)CCCC(C)C1CCC2C1(CCC3C2CC=C4C3(CCC(C4)O)C)C,42.6147704590819,DMPE-PEG,CCCCCCCCCCCCCC(OCC(OC(CCCCCCCCCCCCC)=O)COP(OCCNC(OCCO)=O)(O)=O)=O,1.59680638722555,,,,94.1364972589317,91.5084856010881,65.3045435363624,67.1800100638258,23385,36778,17131,20473,30081.5,18802.0,0.219491284266441,0.508829140900911,,100
259,4-F20,SM102,OCCN(CCCCCCCC(OC(CCCCCCCC)CCCCCCCC)=O)CCCCCC(OCCCCCCCCCCC)=O,39.8867924528302,DOPE,CCCCCCCC/C=C/CCCCCCCC(=O)OCC(COP(=O)([O-])OCC[NH3+])OC(=O)CCCCCCC/C=C/CCCCCCCC,8.83962264150943,Cholesterol,CC(C)CCCC(C)C1CCC2C1(CCC3C2CC=C4C3(CCC(C4)O)C)C,43.3867924528302,DMPE-PEG,CCCCCCCCCCCCCC(OCC(OC(CCCCCCCCCCCCC)=O)COP(OCCNC(OCCO)=O)(O)=O)=O,2.22641509433962,L-Tyr-UC18,C(CCCCCC)CCCCCCCCCCCNC(=O)N[C@@H](C(=O)OCC)CC1=CC=C(O)C=C1,5.66037735849057,83.9257469626128,88.3390617531241,80.3769286527907,76.3613925920776,12445,1961,15133,3180,7203.0,9156.5,0.161543895847584,1.8300189867093,,100
426,5-F94,SM102,OCCN(CCCCCCCC(OC(CCCCCCCC)CCCCCCCC)=O)CCCCCC(OCCCCCCCCCCC)=O,48.5436893203884,DSPC,CCCCCCCCCCCCCCCCCC(=O)OCC(COP(=O)([O-])OCC[N+](C)(C)C)OC(=O)CCCCCCCCCCCCCCCCC,9.70873786407767,Cholesterol,CC(C)CCCC(C)C1CCC2C1(CCC3C2CC=C4C3(CCC(C4)O)C)C,37.378640776699,DMG-PEG,CCCCCCCCCCCCCC(=O)OCC(COCCO)OC(=O)CCCCCCCCCCCCC,1.45631067961165,DOPE-DC-Ome,CCCCCCCC/C=C\CCCCCCCC(=O)OC[C@]([H])(OC(=O)CCCCCCC/C=C\CCCCCCCC)COP(=O)(OCCNC(=O)CCSSCC(C(=O)OC)NC(=O)C(CO)NC(=O)C(CO)NC(=O)C(CC(=O)OC)N)O,2.9126213592233,46.8186149688344,78.2587343903466,74.4411077744411,44.5347038882727,124871,169945,58340,111475,147408.0,84907.5,1.07557040809626,2.29780929055654,,100
392,5-F59,ALC0315,OCCCCN(CCCCCCOC(C(CCCCCC)CCCCCCCC)=O)CCCCCCOC(C(CCCCCC)CCCCCCCC)=O,45.0581395348837,DOPE,CCCCCCCC/C=C/CCCCCCCC(=O)OCC(COP(=O)([O-])OCC[NH3+])OC(=O)CCCCCCC/C=C/CCCCCCCC,9.10852713178295,β-sitosterol,CCC(CCC(C)C1CCC2C1(CCC3C2CC=C4C3(CCC(C4)O)C)C)C(C)C,41.3759689922481,DMPE-PEG,CCCCCCCCCCCCCC(OCC(OC(CCCCCCCCCCCCC)=O)COP(OCCNC(OCCO)=O)(O)=O)=O,1.55038759689923,DOPE-C-Ome,CCCCCCCC/C=C\CCCCCCCC(=O)OC[C@]([H])(OC(=O)CCCCCCC/C=C\CCCCCCCC)COP(=O)(OCCNC(=O)CCSSCC(C(=O)OC)NC(=O)C(CO)NC(=O)C(CO)NC(=O)C(CC(=O)O)N)O,2.90697674418605,70.1857145088484,43.6142442003645,19.7062423500612,31.7120409852709,18699,20428,14495,17861,19563.5,16178.0,0.142746131002328,0.437817138681786,,100
456,6-F28,SM102,OCCN(CCCCCCCC(OC(CCCCCCCC)CCCCCCCC)=O)CCCCCC(OCCCCCCCCCCC)=O,48.5436893203884,DOPE,CCCCCCCC/C=C/CCCCCCCC(=O)OCC(COP(=O)([O-])OCC[NH3+])OC(=O)CCCCCCC/C=C/CCCCCCCC,9.70873786407767,β-sitosterol,CCC(CCC(C)C1CCC2C1(CCC3C2CC=C4C3(CCC(C4)O)C)C)C(C)C,37.378640776699,DMG-PEG,CCCCCCCCCCCCCC(=O)OCC(COCCO)OC(=O)CCCCCCCCCCCCC,1.45631067961165,L-Arg-Uc18,C(CCCCCC)CCCCCCCCCCCNC(=O)N[C@@H](C(=O)OCC)CCCNC(=N)N,2.9126213592233,92.9961238333248,95.9452404431812,45.3554534859807,43.9613403376345,1769556,2397191,1143226,1155693,2083373.5,1149459.5,0.703580576349713,1.83606089962966,,100
110,2-F63,SM102,OCCN(CCCCCCCC(OC(CCCCCCCC)CCCCCCCC)=O)CCCCCC(OCCCCCCCCCCC)=O,50.0,DOPE,CCCCCCCC/C=C/CCCCCCCC(=O)OCC(COP(=O)([O-])OCC[NH3+])OC(=O)CCCCCCC/C=C/CCCCCCCC,5.0,β-sitosterol,CCC(CCC(C)C1CCC2C1(CCC3C2CC=C4C3(CCC(C4)O)C)C)C(C)C,38.5,DMPE-PEG,CCCCCCCCCCCCCC(OCC(OC(CCCCCCCCCCCCC)=O)COP(OCCNC(OCCO)=O)(O)=O)=O,1.5,L-Asp-UC18,C(CCCCCC)CCCCCCCCCCCNC(=O)N[C@H](C(OCC)=O)CC(=O)OCC,5.0,70.90503004,44.43478948,24.95563443,39.82195099,604640,629176,175465,171997,616908.0,173731.0,0.953047309557153,0.692217429849289,,100
88,2-F41,SM102,OCCN(CCCCCCCC(OC(CCCCCCCC)CCCCCCCC)=O)CCCCCC(OCCCCCCCCCCC)=O,50.0,DOPC,CCCCCCCC/C=C\CCCCCCCC(=O)OCC(COP(=O)([O-])OCC[N+](C)(C)C)OC(=O)CCCCCCC/C=C\CCCCCCCC,5.0,β-sitosterol,CCC(CCC(C)C1CCC2C1(CCC3C2CC=C4C3(CCC(C4)O)C)C)C(C)C,38.5,DMPE-PEG,CCCCCCCCCCCCCC(OCC(OC(CCCCCCCCCCCCC)=O)COP(OCCNC(OCCO)=O)(O)=O)=O,1.5,L-Glu-UC18,C(CCCCCC)CCCCCCCCCCCNC(=O)N[C@H](C(OCC)=O)CCC(=O)OCC,5.0,81.43158118,74.54363264,37.19969562,40.63700582,166702,201914,25380,30921,184308.0,28150.5,0.284733288480389,0.112163440945902,,100
172,3-F29,SM102,OCCN(CCCCCCCC(OC(CCCCCCCC)CCCCCCCC)=O)CCCCCC(OCCCCCCCCCCC)=O,43.4782608695652,DOPE,CCCCCCCC/C=C/CCCCCCCC(=O)OCC(COP(=O)([O-])OCC[NH3+])OC(=O)CCCCCCC/C=C/CCCCCCCC,8.69565217391304,Cholesterol,CC(C)CCCC(C)C1CCC2C1(CCC3C2CC=C4C3(CCC(C4)O)C)C,33.4782608695652,DMPE-PEG,CCCCCCCCCCCCCC(OCC(OC(CCCCCCCCCCCCC)=O)COP(OCCNC(OCCO)=O)(O)=O)=O,1.30434782608696,L-Leu-UC12,CCCCCCCCCCCCNC(=O)N[C@@H](C(=O)OCC)CC(C)C,13.0434782608696,81.18495663,95.6892468,43.77396233,37.13883588,2103531,2312827,1137633,711728,2208179.0,924680.5,4.38643374896456,6.40608892645347,,100
272,4-F33,SM102,OCCN(CCCCCCCC(OC(CCCCCCCC)CCCCCCCC)=O)CCCCCC(OCCCCCCCCCCC)=O,36.5943396226415,DOPE,CCCCCCCC/C=C/CCCCCCCC(=O)OCC(COP(=O)([O-])OCC[NH3+])OC(=O)CCCCCCC/C=C/CCCCCCCC,8.66037735849057,Cholesterol,CC(C)CCCC(C)C1CCC2C1(CCC3C2CC=C4C3(CCC(C4)O)C)C,44.0566037735849,DMPE-PEG,CCCCCCCCCCCCCC(OCC(OC(CCCCCCCCCCCCC)=O)COP(OCCNC(OCCO)=O)(O)=O)=O,5.02830188679245,L-Tyr-UC18,C(CCCCCC)CCCCCCCCCCCNC(=O)N[C@@H](C(=O)OCC)CC1=CC=C(O)C=C1,5.66037735849057,79.053672121655,87.2570721092519,81.1213812347401,73.4948230460618,9805,9938,16573,17333,9871.5,16953.0,0.22139116588358,3.38822824023184,,100
16,1-F17,SM102,OCCN(CCCCCCCC(OC(CCCCCCCC)CCCCCCCC)=O)CCCCCC(OCCCCCCCCCCC)=O,50.0,DSPC,CCCCCCCCCCCCCCCCCC(=O)OCC(COP(=O)([O-])OCC[N+](C)(C)C)OC(=O)CCCCCCCCCCCCCCCCC,5.0,Cholesterol,CC(C)CCCC(C)C1CCC2C1(CCC3C2CC=C4C3(CCC(C4)O)C)C,38.5,DMPE-PEG,CCCCCCCCCCCCCC(OCC(OC(CCCCCCCCCCCCC)=O)COP(OCCNC(OCCO)=O)(O)=O)=O,1.5,L-Glu-UC18,C(CCCCCC)CCCCCCCCCCCNC(=O)N[C@H](C(OCC)=O)CCC(=O)OCC,5.0,84.8376015,68.56710394,35.1629105,43.50682496,205300,220518,46381,32074,212909.0,39227.5,3.36200416877211,2.42010611388735,,100
196,3-F53,ALC0315,OCCCCN(CCCCCCOC(C(CCCCCC)CCCCCCCC)=O)CCCCCCOC(C(CCCCCC)CCCCCCCC)=O,43.4782608695652,DOPE,CCCCCCCC/C=C/CCCCCCCC(=O)OCC(COP(=O)([O-])OCC[NH3+])OC(=O)CCCCCCC/C=C/CCCCCCCC,8.69565217391304,Cholesterol,CC(C)CCCC(C)C1CCC2C1(CCC3C2CC=C4C3(CCC(C4)O)C)C,33.4782608695652,DMPE-PEG,CCCCCCCCCCCCCC(OCC(OC(CCCCCCCCCCCCC)=O)COP(OCCNC(OCCO)=O)(O)=O)=O,1.30434782608696,L-Leu-UC18,C(CCCCCC)CCCCCCCCCCCNC(=O)N[C@@H](C(=O)OCC)CC(C)C,13.0434782608696,69.81767908,79.10050523,36.16955446,31.92488263,1324743,1301718,1279604,1382166,1313230.5,1330885.0,2.60866468948831,9.22023083744388,,100
104,2-F57,SM102,OCCN(CCCCCCCC(OC(CCCCCCCC)CCCCCCCC)=O)CCCCCC(OCCCCCCCCCCC)=O,50.0,DOPE,CCCCCCCC/C=C/CCCCCCCC(=O)OCC(COP(=O)([O-])OCC[NH3+])OC(=O)CCCCCCC/C=C/CCCCCCCC,5.0,β-sitosterol,CCC(CCC(C)C1CCC2C1(CCC3C2CC=C4C3(CCC(C4)O)C)C)C(C)C,38.5,DMPE-PEG,CCCCCCCCCCCCCC(OCC(OC(CCCCCCCCCCCCC)=O)COP(OCCNC(OCCO)=O)(O)=O)=O,1.5,L-Tyr-UC18,C(CCCCCC)CCCCCCCCCCCNC(=O)N[C@@H](C(=O)OCC)CC1=CC=C(O)C=C1,5.0,65.06592346,19.93858993,11.92045187,38.90020367,425103,438599,109877,71946,431851.0,90911.5,0.667156907804026,0.3622296819436,,100
203,3-F60,ALC0315,OCCCCN(CCCCCCOC(C(CCCCCC)CCCCCCCC)=O)CCCCCCOC(C(CCCCCC)CCCCCCCC)=O,42.3728813559322,DOPE,CCCCCCCC/C=C/CCCCCCCC(=O)OCC(COP(=O)([O-])OCC[NH3+])OC(=O)CCCCCCC/C=C/CCCCCCCC,8.47457627118644,Cholesterol,CC(C)CCCC(C)C1CCC2C1(CCC3C2CC=C4C3(CCC(C4)O)C)C,32.6271186440678,DMPE-PEG,CCCCCCCCCCCCCC(OCC(OC(CCCCCCCCCCCCC)=O)COP(OCCNC(OCCO)=O)(O)=O)=O,1.27118644067797,L-Phg-UC18,C(CCCCCC)CCCCCCCCCCCNC(=O)N[C@H](C(OCC)=O)C1=CC=CC=C1,15.2542372881356,76.16474071,89.69907407,30.39757533,25.81100716,1120728,1208085,1109497,965890,1164406.5,1037693.5,2.3130334855615,7.18903106467882,,100
167,3-F24,SM102,OCCN(CCCCCCCC(OC(CCCCCCCC)CCCCCCCC)=O)CCCCCC(OCCCCCCCCCCC)=O,50.0,DOPE,CCCCCCCC/C=C/CCCCCCCC(=O)OCC(COP(=O)([O-])OCC[NH3+])OC(=O)CCCCCCC/C=C/CCCCCCCC,10.0,Cholesterol,CC(C)CCCC(C)C1CCC2C1(CCC3C2CC=C4C3(CCC(C4)O)C)C,38.5,DMPE-PEG,CCCCCCCCCCCCCC(OCC(OC(CCCCCCCCCCCCC)=O)COP(OCCNC(OCCO)=O)(O)=O)=O,1.5,,,0.0,81.32742029,82.1668585,34.1855256,33.83627729,946209,1643870,425681,1456879,1295039.5,941280.0,2.57252920575832,6.5210885107798,,100
373,5-F38,ALC0315,OCCCCN(CCCCCCOC(C(CCCCCC)CCCCCCCC)=O)CCCCCCOC(C(CCCCCC)CCCCCCCC)=O,45.2775073028238,DSPC,CCCCCCCCCCCCCCCCCC(=O)OCC(COP(=O)([O-])OCC[N+](C)(C)C)OC(=O)CCCCCCCCCCCCCCCCC,9.15287244401169,Cholesterol,CC(C)CCCC(C)C1CCC2C1(CCC3C2CC=C4C3(CCC(C4)O)C)C,41.5774099318403,DMPE-PEG,CCCCCCCCCCCCCC(OCC(OC(CCCCCCCCCCCCC)=O)COP(OCCNC(OCCO)=O)(O)=O)=O,1.55793573515093,RRC-DOPE,CCCCCCCC/C=C\CCCCCCCC(=O)OC[C@]([H])(OC(=O)CCCCCCC/C=C\CCCCCCCC)COP(=O)(OCCNC(=O)CCSSCC(C(=O)O)NC(=O)C(CCCNC(=N)N)NC(=O)C(CCCNC(N)=N)N)O,2.43427458617332,91.706760424377,83.1892708314378,76.8706911047587,84.7412410560079,24719,7222,14374,15445,15970.5,14909.5,0.11652961306375,0.403488356359011,,100
519,6-F93,ALC0315,OCCCCN(CCCCCCOC(C(CCCCCC)CCCCCCCC)=O)CCCCCCOC(C(CCCCCC)CCCCCCCC)=O,45.0581395348837,DOPE,CCCCCCCC/C=C/CCCCCCCC(=O)OCC(COP(=O)([O-])OCC[NH3+])OC(=O)CCCCCCC/C=C/CCCCCCCC,9.10852713178295,β-sitosterol,CCC(CCC(C)C1CCC2C1(CCC3C2CC=C4C3(CCC(C4)O)C)C)C(C)C,41.3759689922481,DMG-PEG,CCCCCCCCCCCCCC(=O)OCC(COCCO)OC(=O)CCCCCCCCCCCCC,1.55038759689923,L-BQGE,C1=CC=C2N=C(C3=NC4=CC=CC=C4C(C(NC(CCC(=O)OCC)C(=O)OCC)=O)=C3)C=C(C(NC(CCC(=O)OCC)C(=O)OCC)=O)C2=C1,2.90697674418605,68.0689226948153,62.4158532480646,37.5902698593691,40.9948601193556,335197,795872,96377,208582,565534.5,152479.5,0.190987880692371,0.243559384167151,,100
18,1-F19,SM102,OCCN(CCCCCCCC(OC(CCCCCCCC)CCCCCCCC)=O)CCCCCC(OCCCCCCCCCCC)=O,50.0,DOPC,CCCCCCCC/C=C\CCCCCCCC(=O)OCC(COP(=O)([O-])OCC[N+](C)(C)C)OC(=O)CCCCCCC/C=C\CCCCCCCC,5.0,Cholesterol,CC(C)CCCC(C)C1CCC2C1(CCC3C2CC=C4C3(CCC(C4)O)C)C,38.5,DMG-PEG,CCCCCCCCCCCCCC(=O)OCC(COCCO)OC(=O)CCCCCCCCCCCCC,1.5,L-Val-UC18,C(CCCCCC)CCCCCCCCCCCNC(=O)N[C@@H](C(=O)OCC)C(C)C,5.0,77.5217659,70.64929778,36.17956496,39.69896168,649659,535295,156402,131727,592477.0,144064.5,9.35568784739768,8.88793263002036,,100
488,6-F61,ALC0315,OCCCCN(CCCCCCOC(C(CCCCCC)CCCCCCCC)=O)CCCCCCOC(C(CCCCCC)CCCCCCCC)=O,45.0581395348837,DOPE,CCCCCCCC/C=C/CCCCCCCC(=O)OCC(COP(=O)([O-])OCC[NH3+])OC(=O)CCCCCCC/C=C/CCCCCCCC,9.10852713178295,Cholesterol,CC(C)CCCC(C)C1CCC2C1(CCC3C2CC=C4C3(CCC(C4)O)C)C,41.3759689922481,DMG-PEG,CCCCCCCCCCCCCC(=O)OCC(COCCO)OC(=O)CCCCCCCCCCCCC,1.55038759689923,RSSC-DOPE,CCCCCCCC/C=C\CCCCCCCC(=O)OC[C@]([H])(OC(=O)CCCCCCC/C=C\CCCCCCCC)COP(=O)(OCCNC(=O)CCSSCC(C(=O)O)NC(=O)C(CO)NC(=O)C(CO)NC(=O)C(CCCNC(=N)N)N)O,2.90697674418605,90.6408495709993,90.8482825400061,100.0,100.0,2900153,3205131,446069,240399,3052642.0,343234.0,1.0309143404912,0.548256399484703,,100
20,1-F21,SM102,OCCN(CCCCCCCC(OC(CCCCCCCC)CCCCCCCC)=O)CCCCCC(OCCCCCCCCCCC)=O,50.0,DOPC,CCCCCCCC/C=C\CCCCCCCC(=O)OCC(COP(=O)([O-])OCC[N+](C)(C)C)OC(=O)CCCCCCC/C=C\CCCCCCCC,5.0,Cholesterol,CC(C)CCCC(C)C1CCC2C1(CCC3C2CC=C4C3(CCC(C4)O)C)C,38.5,DSPE-PEG,CCCCCCCCCCCCCCCCCC(OCC(OC(CCCCCCCCCCCCCCCCC)=O)COP(OCCNC(OCCO)=O)(O)=O)=O,1.5,L-Leu-UC18,C(CCCCCC)CCCCCCCCCCCNC(=O)N[C@@H](C(=O)OCC)CC(C)C,5.0,74.68603161,66.39648767,42.34774941,47.63482922,7168,5373,7605,9055,6270.5,8330.0,0.099016232945932,0.513912024184095,,100
212,3-F69,ALC0315,OCCCCN(CCCCCCOC(C(CCCCCC)CCCCCCCC)=O)CCCCCCOC(C(CCCCCC)CCCCCCCC)=O,45.8715596330275,DOPE,CCCCCCCC/C=C/CCCCCCCC(=O)OCC(COP(=O)([O-])OCC[NH3+])OC(=O)CCCCCCC/C=C/CCCCCCCC,9.1743119266055,Cholesterol,CC(C)CCCC(C)C1CCC2C1(CCC3C2CC=C4C3(CCC(C4)O)C)C,35.3211009174312,DMPE-PEG,CCCCCCCCCCCCCC(OCC(OC(CCCCCCCCCCCCC)=O)COP(OCCNC(OCCO)=O)(O)=O)=O,1.37614678899083,β-CD-UC18,[C@H]12OC3[C@H](O)[C@@H](O)[C@H](OC4[C@H](O)[C@@H](O)[C@H](OC5[C@H](O)[C@@H](O)[C@H](OC6[C@H](O)[C@@H](O)[C@H](OC7[C@H](O)[C@@H](O)[C@H](OC8[C@H](O)[C@@H](O)[C@H](OC([C@@H](O)[C@@H]1O)O[C@@H]2CNC(=O)NCCCCCCCCCCCCCCCCCC)CO8)CO7)CO6)CO5)CO4)CO3,8.25688073394496,62.33204568,80.69770197,61.1878298,47.26234464,465822,619235,164791,280484,542528.5,222637.5,1.07770489719136,1.5424091060245,,100
5,1-F6,SM102,OCCN(CCCCCCCC(OC(CCCCCCCC)CCCCCCCC)=O)CCCCCC(OCCCCCCCCCCC)=O,50.0,DSPC,CCCCCCCCCCCCCCCCCC(=O)OCC(COP(=O)([O-])OCC[N+](C)(C)C)OC(=O)CCCCCCCCCCCCCCCCC,5.0,Cholesterol,CC(C)CCCC(C)C1CCC2C1(CCC3C2CC=C4C3(CCC(C4)O)C)C,38.5,DMPE-PEG,CCCCCCCCCCCCCC(OCC(OC(CCCCCCCCCCCCC)=O)COP(OCCNC(OCCO)=O)(O)=O)=O,1.5,L-Phe-UC12,CCCCCCCCCCCCNC(=O)N[C@H](C(OCC)=O)CC1=CC=CC=C1,5.0,83.07736472,70.98417806,43.75367646,51.20775131,259798,175473,40334,50521,217635.5,45427.5,3.43663940121273,2.80260966129928,,100
70,2-F23,SM102,OCCN(CCCCCCCC(OC(CCCCCCCC)CCCCCCCC)=O)CCCCCC(OCCCCCCCCCCC)=O,50.0,DOPC,CCCCCCCC/C=C\CCCCCCCC(=O)OCC(COP(=O)([O-])OCC[N+](C)(C)C)OC(=O)CCCCCCC/C=C\CCCCCCCC,5.0,β-sitosterol,CCC(CCC(C)C1CCC2C1(CCC3C2CC=C4C3(CCC(C4)O)C)C)C(C)C,38.5,DMG-PEG,CCCCCCCCCCCCCC(=O)OCC(COCCO)OC(=O)CCCCCCCCCCCCC,1.5,β-CD-UC12,[C@H]12OC3[C@H](O)[C@@H](O)[C@H](OC4[C@H](O)[C@@H](O)[C@H](OC5[C@H](O)[C@@H](O)[C@H](OC6[C@H](O)[C@@H](O)[C@H](OC7[C@H](O)[C@@H](O)[C@H](OC8[C@H](O)[C@@H](O)[C@H](OC([C@@H](O)[C@@H]1O)O[C@@H]2CNC(=O)NCCCCCCCCCCCC)CO8)CO7)CO6)CO5)CO4)CO3,5.0,72.15768199,70.48757537,47.60503707,48.73297327,78287,94050,32181,31922,86168.5,32051.5,0.133119779762259,0.127706666932295,,100
57,2-F10,SM102,OCCN(CCCCCCCC(OC(CCCCCCCC)CCCCCCCC)=O)CCCCCC(OCCCCCCCCCCC)=O,50.0,DOPC,CCCCCCCC/C=C\CCCCCCCC(=O)OCC(COP(=O)([O-])OCC[N+](C)(C)C)OC(=O)CCCCCCC/C=C\CCCCCCCC,5.0,β-sitosterol,CCC(CCC(C)C1CCC2C1(CCC3C2CC=C4C3(CCC(C4)O)C)C)C(C)C,38.5,DMG-PEG,CCCCCCCCCCCCCC(=O)OCC(COCCO)OC(=O)CCCCCCCCCCCCC,1.5,L-Phg-UC12,CCCCCCCCCCCCNC(=O)N[C@H](C(OCC)=O)C1=CC=CC=C1,5.0,76.53341213,43.53504571,24.82073911,43.6341762,280721,233664,20010,16576,257192.5,18293.0,0.397330915085034,0.072887011783925,,100
160,3-F17,SM102,OCCN(CCCCCCCC(OC(CCCCCCCC)CCCCCCCC)=O)CCCCCC(OCCCCCCCCCCC)=O,43.4782608695652,DOPE,CCCCCCCC/C=C/CCCCCCCC(=O)OCC(COP(=O)([O-])OCC[NH3+])OC(=O)CCCCCCC/C=C/CCCCCCCC,8.69565217391304,Cholesterol,CC(C)CCCC(C)C1CCC2C1(CCC3C2CC=C4C3(CCC(C4)O)C)C,33.4782608695652,DMPE-PEG,CCCCCCCCCCCCCC(OCC(OC(CCCCCCCCCCCCC)=O)COP(OCCNC(OCCO)=O)(O)=O)=O,1.30434782608696,L-Arg-UC18,C(CCCCCC)CCCCCCCCCCCNC(=O)N[C@@H](C(=O)OCC)CCCNC(=N)N,13.0434782608696,76.80100687,91.59563662,36.9433559,30.9762237,2398839,1655664,891607,270421,2027251.5,581014.0,4.02703059726546,4.02520368009755,,100
146,3-F3,SM102,OCCN(CCCCCCCC(OC(CCCCCCCC)CCCCCCCC)=O)CCCCCC(OCCCCCCCCCCC)=O,45.8715596330275,DOPE,CCCCCCCC/C=C/CCCCCCCC(=O)OCC(COP(=O)([O-])OCC[NH3+])OC(=O)CCCCCCC/C=C/CCCCCCCC,9.1743119266055,Cholesterol,CC(C)CCCC(C)C1CCC2C1(CCC3C2CC=C4C3(CCC(C4)O)C)C,35.3211009174312,DMPE-PEG,CCCCCCCCCCCCCC(OCC(OC(CCCCCCCCCCCCC)=O)COP(OCCNC(OCCO)=O)(O)=O)=O,1.37614678899083,L-Leu-UC18,C(CCCCCC)CCCCCCCCCCCNC(=O)N[C@@H](C(=O)OCC)CC(C)C,8.25688073394496,81.37220207,93.33425721,36.61321011,31.92072901,1173554,1183502,890912,988619,1178528.0,939765.5,2.34108511732958,6.51059621459846,,100
270,4-F31,SM102,OCCN(CCCCCCCC(OC(CCCCCCCC)CCCCCCCC)=O)CCCCCC(OCCCCCCCCCCC)=O,38.5377358490566,DOPE,CCCCCCCC/C=C/CCCCCCCC(=O)OCC(COP(=O)([O-])OCC[NH3+])OC(=O)CCCCCCC/C=C/CCCCCCCC,40.2830188679245,Cholesterol,CC(C)CCCC(C)C1CCC2C1(CCC3C2CC=C4C3(CCC(C4)O)C)C,10.5660377358491,DMPE-PEG,CCCCCCCCCCCCCC(OCC(OC(CCCCCCCCCCCCC)=O)COP(OCCNC(OCCO)=O)(O)=O)=O,4.95283018867925,L-Tyr-UC18,C(CCCCCC)CCCCCCCCCCCNC(=O)N[C@@H](C(=O)OCC)CC1=CC=C(O)C=C1,5.66037735849057,82.2735916329926,30.2855109846126,24.5937161430119,66.8112669360589,19682,22407,932,800,21044.5,866.0,0.471971472464873,0.173078844808634,,100
398,5-F65,ALC0315,OCCCCN(CCCCCCOC(C(CCCCCC)CCCCCCCC)=O)CCCCCCOC(C(CCCCCC)CCCCCCCC)=O,45.0581395348837,DOPE,CCCCCCCC/C=C/CCCCCCCC(=O)OCC(COP(=O)([O-])OCC[NH3+])OC(=O)CCCCCCC/C=C/CCCCCCCC,9.10852713178295,Cholesterol,CC(C)CCCC(C)C1CCC2C1(CCC3C2CC=C4C3(CCC(C4)O)C)C,41.3759689922481,DMG-PEG,CCCCCCCCCCCCCC(=O)OCC(COCCO)OC(=O)CCCCCCCCCCCCC,1.55038759689923,4DC-DOPE,C(C)CCCCCC/C=C\CCCCCCCC(=O)OC[C@]([H])(OC(=O)CCCCCCC/C=C\CCCCCCCC)COP(=O)(OCCNC(=O)CCSSCC(C(=O)O)NC(=O)C(NC(=O)C(NC(=O)C(NC(=O)C(N)CC(=O)O)CC(=O)O)CC(=O)O)CC(=O)O)O,2.90697674418605,85.1447235048992,77.8923756954676,66.9312169312169,73.163000981449,91975,70946,34790,24424,81460.5,29607.0,0.594380923889647,0.801239462538733,,100
479,6-F52,ALC0315,OCCCCN(CCCCCCOC(C(CCCCCC)CCCCCCCC)=O)CCCCCCOC(C(CCCCCC)CCCCCCCC)=O,45.0581395348837,DOPE,CCCCCCCC/C=C/CCCCCCCC(=O)OCC(COP(=O)([O-])OCC[NH3+])OC(=O)CCCCCCC/C=C/CCCCCCCC,9.10852713178295,Cholesterol,CC(C)CCCC(C)C1CCC2C1(CCC3C2CC=C4C3(CCC(C4)O)C)C,41.3759689922481,DMG-PEG,CCCCCCCCCCCCCC(=O)OCC(COCCO)OC(=O)CCCCCCCCCCCCC,1.55038759689923,L-Arg-Uc18,C(CCCCCC)CCCCCCCCCCCNC(=O)N[C@@H](C(=O)OCC)CCCNC(=N)N,2.90697674418605,87.5290812519205,68.4189739752224,55.0234035439652,70.3919933277731,3213751,3364436,2297936,2310375,3289093.5,2304155.5,1.11076688860547,3.68048619391691,,100
151,3-F8,SM102,OCCN(CCCCCCCC(OC(CCCCCCCC)CCCCCCCC)=O)CCCCCC(OCCCCCCCCCCC)=O,47.1698113207547,DOPE,CCCCCCCC/C=C/CCCCCCCC(=O)OCC(COP(=O)([O-])OCC[NH3+])OC(=O)CCCCCCC/C=C/CCCCCCCC,9.43396226415094,Cholesterol,CC(C)CCCC(C)C1CCC2C1(CCC3C2CC=C4C3(CCC(C4)O)C)C,36.3207547169811,DMPE-PEG,CCCCCCCCCCCCCC(OCC(OC(CCCCCCCCCCCCC)=O)COP(OCCNC(OCCO)=O)(O)=O)=O,1.41509433962264,L-Phg-UC18,C(CCCCCC)CCCCCCCCCCCNC(=O)N[C@H](C(OCC)=O)C1=CC=CC=C1,5.66037735849057,75.22351482,86.47428971,27.36048265,23.80073522,2538510,2758407,696961,668530,2648458.5,682745.5,5.26102627872653,4.72998877681095,,100
451,6-F23,SM102,OCCN(CCCCCCCC(OC(CCCCCCCC)CCCCCCCC)=O)CCCCCC(OCCCCCCCCCCC)=O,48.5436893203884,DOPE,CCCCCCCC/C=C/CCCCCCCC(=O)OCC(COP(=O)([O-])OCC[NH3+])OC(=O)CCCCCCC/C=C/CCCCCCCC,9.70873786407767,Cholesterol,CC(C)CCCC(C)C1CCC2C1(CCC3C2CC=C4C3(CCC(C4)O)C)C,37.378640776699,DMG-PEG,CCCCCCCCCCCCCC(=O)OCC(COCCO)OC(=O)CCCCCCCCCCCCC,1.45631067961165,L-PyGlu,C1=C(C(NCC2=CC(C(=O)NC(C(OCC)=O)CCC(OCC)=O)=CC(CNC(=O)C3=CC=C4C5=C6C(C=CC=C6C=C4)=CC=C35)=C2)=O)C2C=CC3C4C=2C(C=CC=4C=CC=3)=C1,2.9126213592233,90.2839539589859,95.92157114023,42.7439503176529,40.2317518012967,106859,1143681,34826,306778,625270.0,170802.0,0.211161285758019,0.272826379510148,,100
388,5-F55,ALC0315,OCCCCN(CCCCCCOC(C(CCCCCC)CCCCCCCC)=O)CCCCCCOC(C(CCCCCC)CCCCCCCC)=O,45.4412195836998,DOPE,CCCCCCCC/C=C/CCCCCCCC(=O)OCC(COP(=O)([O-])OCC[NH3+])OC(=O)CCCCCCC/C=C/CCCCCCCC,9.18596696960813,β-sitosterol,CCC(CCC(C)C1CCC2C1(CCC3C2CC=C4C3(CCC(C4)O)C)C)C(C)C,41.7277435747093,DMPE-PEG,CCCCCCCCCCCCCC(OCC(OC(CCCCCCCCCCCCC)=O)COP(OCCNC(OCCO)=O)(O)=O)=O,1.56356884589075,DRDRC-DOPE,CCCCCCCC/C=C\CCCCCCCC(=O)OC[C@]([H])(OC(=O)CCCCCCC/C=C\CCCCCCCC)COP(=O)(OCCNC(=O)CCSSCC(C(=O)O)NC(=O)C(CCCNC(=N)N)NC(=O)C(CC(O)=O)NC(=O)C(CCCNC(=N)N)NC(=O)C(CC(O)=O)N)O,2.08150102609206,74.4618323414885,68.7052598817305,43.5619141588554,47.2118139739916,38829,36390,23617,18922,37609.5,21269.5,0.274419741556063,0.575605861737683,,100
349,5-F14,ALC0315,OCCCCN(CCCCCCOC(C(CCCCCC)CCCCCCCC)=O)CCCCCCOC(C(CCCCCC)CCCCCCCC)=O,45.2775073028238,DOPE,CCCCCCCC/C=C/CCCCCCCC(=O)OCC(COP(=O)([O-])OCC[NH3+])OC(=O)CCCCCCC/C=C/CCCCCCCC,9.15287244401169,Cholesterol,CC(C)CCCC(C)C1CCC2C1(CCC3C2CC=C4C3(CCC(C4)O)C)C,41.5774099318403,DMPE-PEG,CCCCCCCCCCCCCC(OCC(OC(CCCCCCCCCCCCC)=O)COP(OCCNC(OCCO)=O)(O)=O)=O,1.55793573515093,RRC-DOPE,CCCCCCCC/C=C\CCCCCCCC(=O)OC[C@]([H])(OC(=O)CCCCCCC/C=C\CCCCCCCC)COP(=O)(OCCNC(=O)CCSSCC(C(=O)O)NC(=O)C(CCCNC(=N)N)NC(=O)C(CCCNC(N)=N)N)O,2.43427458617332,78.4499945057533,91.4272976243552,86.1730865432716,73.9415726103951,75554,66006,66842,44736,70780.0,55789.0,0.51645008062692,1.50978985968093,,100
177,3-F34,SM102,OCCN(CCCCCCCC(OC(CCCCCCCC)CCCCCCCC)=O)CCCCCC(OCCCCCCCCCCC)=O,44.6428571428571,DOPE,CCCCCCCC/C=C/CCCCCCCC(=O)OCC(COP(=O)([O-])OCC[NH3+])OC(=O)CCCCCCC/C=C/CCCCCCCC,8.92857142857143,Cholesterol,CC(C)CCCC(C)C1CCC2C1(CCC3C2CC=C4C3(CCC(C4)O)C)C,34.375,DMPE-PEG,CCCCCCCCCCCCCC(OCC(OC(CCCCCCCCCCCCC)=O)COP(OCCNC(OCCO)=O)(O)=O)=O,1.33928571428571,L-Met-UC18,C(CCCCCC)CCCCCCCCCCCNC(=O)N[C@@H](C(=O)OCC)CCSC,10.7142857142857,81.02687049,91.12064007,51.04731214,45.39261299,1889055,2126542,129436,188937,2007798.5,159186.5,3.98838821559322,1.10282727373497,,100
190,3-F47,SM102,OCCN(CCCCCCCC(OC(CCCCCCCC)CCCCCCCC)=O)CCCCCC(OCCCCCCCCCCC)=O,43.4782608695652,DOPE,CCCCCCCC/C=C/CCCCCCCC(=O)OCC(COP(=O)([O-])OCC[NH3+])OC(=O)CCCCCCC/C=C/CCCCCCCC,8.69565217391304,Cholesterol,CC(C)CCCC(C)C1CCC2C1(CCC3C2CC=C4C3(CCC(C4)O)C)C,33.4782608695652,DMPE-PEG,CCCCCCCCCCCCCC(OCC(OC(CCCCCCCCCCCCC)=O)COP(OCCNC(OCCO)=O)(O)=O)=O,1.30434782608696,L-His-UC18,C(CCCCCC)CCCCCCCCCCCNC(=O)N[C@H](C(OCC)=O)CC1=CN=CN1,13.0434782608696,86.78063759,92.12936748,54.98459398,51.7923682,1562150,1316524,987130,996125,1439337.0,991627.5,2.85916875078216,6.8698906778252,,100
65,2-F18,SM102,OCCN(CCCCCCCC(OC(CCCCCCCC)CCCCCCCC)=O)CCCCCC(OCCCCCCCCCCC)=O,50.0,DOPC,CCCCCCCC/C=C\CCCCCCCC(=O)OCC(COP(=O)([O-])OCC[N+](C)(C)C)OC(=O)CCCCCCC/C=C\CCCCCCCC,5.0,β-sitosterol,CCC(CCC(C)C1CCC2C1(CCC3C2CC=C4C3(CCC(C4)O)C)C)C(C)C,38.5,DMG-PEG,CCCCCCCCCCCCCC(=O)OCC(COCCO)OC(=O)CCCCCCCCCCCCC,1.5,L-Val-UC12,CCCCCCCCCCCCNC(=O)N[C@@H](C(=O)OCC)C(C)C,5.0,78.57571871,59.50549764,21.57834934,28.49374219,246206,787847,9993,29205,517026.5,19599.0,0.798742624175325,0.078090665497903,,100
197,3-F54,ALC0315,OCCCCN(CCCCCCOC(C(CCCCCC)CCCCCCCC)=O)CCCCCCOC(C(CCCCCC)CCCCCCCC)=O,42.3728813559322,DOPE,CCCCCCCC/C=C/CCCCCCCC(=O)OCC(COP(=O)([O-])OCC[NH3+])OC(=O)CCCCCCC/C=C/CCCCCCCC,8.47457627118644,Cholesterol,CC(C)CCCC(C)C1CCC2C1(CCC3C2CC=C4C3(CCC(C4)O)C)C,32.6271186440678,DMPE-PEG,CCCCCCCCCCCCCC(OCC(OC(CCCCCCCCCCCCC)=O)COP(OCCNC(OCCO)=O)(O)=O)=O,1.27118644067797,L-Leu-UC18,C(CCCCCC)CCCCCCCCCCCNC(=O)N[C@@H](C(=O)OCC)CC(C)C,15.2542372881356,69.11356904,77.4532256,40.86401459,36.46404487,839481,850085,1185647,1093406,844783.0,1139526.5,1.67811787982384,7.89451934268137,,100
93,2-F46,SM102,OCCN(CCCCCCCC(OC(CCCCCCCC)CCCCCCCC)=O)CCCCCC(OCCCCCCCCCCC)=O,50.0,DOPC,CCCCCCCC/C=C\CCCCCCCC(=O)OCC(COP(=O)([O-])OCC[N+](C)(C)C)OC(=O)CCCCCCC/C=C\CCCCCCCC,5.0,β-sitosterol,CCC(CCC(C)C1CCC2C1(CCC3C2CC=C4C3(CCC(C4)O)C)C)C(C)C,38.5,DMPE-PEG,CCCCCCCCCCCCCC(OCC(OC(CCCCCCCCCCCCC)=O)COP(OCCNC(OCCO)=O)(O)=O)=O,1.5,β-CD-UC6,[C@H]12OC3[C@H](O)[C@@H](O)[C@H](OC4[C@H](O)[C@@H](O)[C@H](OC5[C@H](O)[C@@H](O)[C@H](OC6[C@H](O)[C@@H](O)[C@H](OC7[C@H](O)[C@@H](O)[C@H](OC8[C@H](O)[C@@H](O)[C@H](OC([C@@H](O)[C@@H]1O)O[C@@H]2CNC(=O)NCCCCCC)CO8)CO7)CO6)CO5)CO4)CO3,5.0,86.7515323,71.72915073,31.0137051,37.50896829,647994,991074,6313,12316,819534.0,9314.5,1.26607966469978,0.037112888605552,,100
362,5-F27,ALC0315,OCCCCN(CCCCCCOC(C(CCCCCC)CCCCCCCC)=O)CCCCCCOC(C(CCCCCC)CCCCCCCC)=O,45.0581395348837,DOPC,CCCCCCCC/C=C\CCCCCCCC(=O)OCC(COP(=O)([O-])OCC[N+](C)(C)C)OC(=O)CCCCCCC/C=C\CCCCCCCC,9.10852713178295,Cholesterol,CC(C)CCCC(C)C1CCC2C1(CCC3C2CC=C4C3(CCC(C4)O)C)C,41.3759689922481,DMPE-PEG,CCCCCCCCCCCCCC(OCC(OC(CCCCCCCCCCCCC)=O)COP(OCCNC(OCCO)=O)(O)=O)=O,1.55038759689923,SSC-DOPE,CCCCCCCC/C=C\CCCCCCCC(=O)OC[C@]([H])(OC(=O)CCCCCCC/C=C\CCCCCCCC)COP(=O)(OCCNC(=O)CCSSCC(C(=O)O)NC(=O)C(CO)NC(=O)C(CO)N)O,2.90697674418605,82.1807862640276,95.0824714521896,86.2574119288455,74.5531939288837,96853,102134,54020,38610,99493.5,46315.0,0.725959679243493,1.25339972666874,,100
496,6-F69,ALC0315,OCCCCN(CCCCCCOC(C(CCCCCC)CCCCCCCC)=O)CCCCCCOC(C(CCCCCC)CCCCCCCC)=O,45.0581395348837,DOPE,CCCCCCCC/C=C/CCCCCCCC(=O)OCC(COP(=O)([O-])OCC[NH3+])OC(=O)CCCCCCC/C=C/CCCCCCCC,9.10852713178295,Cholesterol,CC(C)CCCC(C)C1CCC2C1(CCC3C2CC=C4C3(CCC(C4)O)C)C,41.3759689922481,DMG-PEG,CCCCCCCCCCCCCC(=O)OCC(COCCO)OC(=O)CCCCCCCCCCCCC,1.55038759689923,L-BQGE,C1=CC=C2N=C(C3=NC4=CC=CC=C4C(C(NC(CCC(=O)OCC)C(=O)OCC)=O)=C3)C=C(C(NC(CCC(=O)OCC)C(=O)OCC)=O)C2=C1,2.90697674418605,92.1978589283774,96.1743275911619,83.8281883150372,80.3621888925117,2458908,2339844,581439,869973,2399376.0,725706.0,0.810298464946237,1.15918865451688,,100
194,3-F51,ALC0315,OCCCCN(CCCCCCOC(C(CCCCCC)CCCCCCCC)=O)CCCCCCOC(C(CCCCCC)CCCCCCCC)=O,45.8715596330275,DOPE,CCCCCCCC/C=C/CCCCCCCC(=O)OCC(COP(=O)([O-])OCC[NH3+])OC(=O)CCCCCCC/C=C/CCCCCCCC,9.1743119266055,Cholesterol,CC(C)CCCC(C)C1CCC2C1(CCC3C2CC=C4C3(CCC(C4)O)C)C,35.3211009174312,DMPE-PEG,CCCCCCCCCCCCCC(OCC(OC(CCCCCCCCCCCCC)=O)COP(OCCNC(OCCO)=O)(O)=O)=O,1.37614678899083,L-Leu-UC18,C(CCCCCC)CCCCCCCCCCCNC(=O)N[C@@H](C(=O)OCC)CC(C)C,8.25688073394496,82.19113655,73.73450849,35.6985204,39.79279207,847413,963707,1698640,2019431,905560.0,1859035.5,1.79884825718945,12.8792017679987,,100
385,5-F52,ALC0315,OCCCCN(CCCCCCOC(C(CCCCCC)CCCCCCCC)=O)CCCCCCOC(C(CCCCCC)CCCCCCCC)=O,45.0581395348837,DOPE,CCCCCCCC/C=C/CCCCCCCC(=O)OCC(COP(=O)([O-])OCC[NH3+])OC(=O)CCCCCCC/C=C/CCCCCCCC,9.10852713178295,β-sitosterol,CCC(CCC(C)C1CCC2C1(CCC3C2CC=C4C3(CCC(C4)O)C)C)C(C)C,41.3759689922481,DMPE-PEG,CCCCCCCCCCCCCC(OCC(OC(CCCCCCCCCCCCC)=O)COP(OCCNC(OCCO)=O)(O)=O)=O,1.55038759689923,DDSC-DOPE,CCCCCCCC/C=C\CCCCCCCC(=O)OC[C@]([H])(OC(=O)CCCCCCC/C=C\CCCCCCCC)COP(=O)(OCCNC(=O)CCSSCC(C(=O)O)NC(=O)C(CO)NC(=O)C(CC(O)=O)NC(=O)C(CC(O)=O)N)O,2.90697674418605,75.0491817002218,50.1111478976493,19.6969696969697,29.4992535543371,37468,39653,5485,7902,38560.5,6693.5,0.281358764255642,0.181142849410714,,100
100,2-F53,SM102,OCCN(CCCCCCCC(OC(CCCCCCCC)CCCCCCCC)=O)CCCCCC(OCCCCCCCCCCC)=O,50.0,DOPE,CCCCCCCC/C=C/CCCCCCCC(=O)OCC(COP(=O)([O-])OCC[NH3+])OC(=O)CCCCCCC/C=C/CCCCCCCC,5.0,β-sitosterol,CCC(CCC(C)C1CCC2C1(CCC3C2CC=C4C3(CCC(C4)O)C)C)C(C)C,38.5,DMPE-PEG,CCCCCCCCCCCCCC(OCC(OC(CCCCCCCCCCCCC)=O)COP(OCCNC(OCCO)=O)(O)=O)=O,1.5,L-Arg-Uc18,C(CCCCCC)CCCCCCCCCCCNC(=O)N[C@@H](C(=O)OCC)CCCNC(=N)N,5.0,82.76355652,55.03769989,22.30711107,33.54456766,933305,1238536,122013,149242,1085920.5,135627.5,1.67761418382961,0.540397047544103,,100
92,2-F45,SM102,OCCN(CCCCCCCC(OC(CCCCCCCC)CCCCCCCC)=O)CCCCCC(OCCCCCCCCCCC)=O,50.0,DOPC,CCCCCCCC/C=C\CCCCCCCC(=O)OCC(COP(=O)([O-])OCC[N+](C)(C)C)OC(=O)CCCCCCC/C=C\CCCCCCCC,5.0,β-sitosterol,CCC(CCC(C)C1CCC2C1(CCC3C2CC=C4C3(CCC(C4)O)C)C)C(C)C,38.5,DMPE-PEG,CCCCCCCCCCCCCC(OCC(OC(CCCCCCCCCCCCC)=O)COP(OCCNC(OCCO)=O)(O)=O)=O,1.5,L-Leu-UC18,C(CCCCCC)CCCCCCCCCCCNC(=O)N[C@@H](C(=O)OCC)CC(C)C,5.0,80.41366462,73.12712704,40.13002364,44.12866186,910461,908909,136721,115777,909685.0,126249.0,1.40535191923998,0.50302915600004,,100
330,4-F91,SM102,OCCN(CCCCCCCC(OC(CCCCCCCC)CCCCCCCC)=O)CCCCCC(OCCCCCCCCCCC)=O,22.7669902912621,DOPE,CCCCCCCC/C=C/CCCCCCCC(=O)OCC(COP(=O)([O-])OCC[NH3+])OC(=O)CCCCCCC/C=C/CCCCCCCC,24.631067961165,Cholesterol,CC(C)CCCC(C)C1CCC2C1(CCC3C2CC=C4C3(CCC(C4)O)C)C,47.2233009708738,DMPE-PEG,CCCCCCCCCCCCCC(OCC(OC(CCCCCCCCCCCCC)=O)COP(OCCNC(OCCO)=O)(O)=O)=O,2.46601941747573,L-Tyr-UC18,C(CCCCCC)CCCCCCCCCCCNC(=O)N[C@@H](C(=O)OCC)CC1=CC=C(O)C=C1,2.9126213592233,80.1033305246352,82.6422647983986,72.0,69.7880172069715,10295,8609,4224,4242,9452.0,4233.0,0.211982910391693,0.846007794543819,,100
150,3-F7,SM102,OCCN(CCCCCCCC(OC(CCCCCCCC)CCCCCCCC)=O)CCCCCC(OCCCCCCCCCCC)=O,48.5436893203884,DOPE,CCCCCCCC/C=C/CCCCCCCC(=O)OCC(COP(=O)([O-])OCC[NH3+])OC(=O)CCCCCCC/C=C/CCCCCCCC,9.70873786407767,Cholesterol,CC(C)CCCC(C)C1CCC2C1(CCC3C2CC=C4C3(CCC(C4)O)C)C,37.378640776699,DMPE-PEG,CCCCCCCCCCCCCC(OCC(OC(CCCCCCCCCCCCC)=O)COP(OCCNC(OCCO)=O)(O)=O)=O,1.45631067961165,L-Phg-UC18,C(CCCCCC)CCCCCCCCCCCNC(=O)N[C@H](C(OCC)=O)C1=CC=CC=C1,2.9126213592233,84.50508359,92.96349282,32.08081916,29.16190241,3085227,3059758,341737,411219,3072492.5,376478.0,6.10334796021541,2.60819985589979,,100
381,5-F48,ALC0315,OCCCCN(CCCCCCOC(C(CCCCCC)CCCCCCCC)=O)CCCCCCOC(C(CCCCCC)CCCCCCCC)=O,45.0581395348837,DSPC,CCCCCCCCCCCCCCCCCC(=O)OCC(COP(=O)([O-])OCC[N+](C)(C)C)OC(=O)CCCCCCCCCCCCCCCCC,9.10852713178295,Cholesterol,CC(C)CCCC(C)C1CCC2C1(CCC3C2CC=C4C3(CCC(C4)O)C)C,41.3759689922481,DMPE-PEG,CCCCCCCCCCCCCC(OCC(OC(CCCCCCCCCCCCC)=O)COP(OCCNC(OCCO)=O)(O)=O)=O,1.55038759689923,HA-DSSC,CCCCCCCCCCCCCCCCC(NC(CC(=O)O)C(=O)NC(CO)C(=O)NC(CO)C(=O)NC(C(=O)O)CS)=O,2.90697674418605,88.0509543771112,86.2696973486743,85.0242662352669,86.7798081749488,74203,74493,73013,49008,74348.0,61010.5,0.542484184719557,1.65109670784677,,100
481,6-F54,ALC0315,OCCCCN(CCCCCCOC(C(CCCCCC)CCCCCCCC)=O)CCCCCCOC(C(CCCCCC)CCCCCCCC)=O,45.0581395348837,DOPE,CCCCCCCC/C=C/CCCCCCCC(=O)OCC(COP(=O)([O-])OCC[NH3+])OC(=O)CCCCCCC/C=C/CCCCCCCC,9.10852713178295,Cholesterol,CC(C)CCCC(C)C1CCC2C1(CCC3C2CC=C4C3(CCC(C4)O)C)C,41.3759689922481,DMG-PEG,CCCCCCCCCCCCCC(=O)OCC(COCCO)OC(=O)CCCCCCCCCCCCC,1.55038759689923,L-Phg-UC18,C(CCCCCC)CCCCCCCCCCCNC(=O)N[C@H](C(OCC)=O)C1=CC=CC=C1,2.90697674418605,86.0490662760894,62.2166129107652,43.5679214402619,60.256879700307,4116204,1846489,2505198,2321539,2981346.5,2413368.5,1.00683698279171,3.85493489700845,,100
486,6-F59,ALC0315,OCCCCN(CCCCCCOC(C(CCCCCC)CCCCCCCC)=O)CCCCCCOC(C(CCCCCC)CCCCCCCC)=O,45.0581395348837,DOPE,CCCCCCCC/C=C/CCCCCCCC(=O)OCC(COP(=O)([O-])OCC[NH3+])OC(=O)CCCCCCC/C=C/CCCCCCCC,9.10852713178295,Cholesterol,CC(C)CCCC(C)C1CCC2C1(CCC3C2CC=C4C3(CCC(C4)O)C)C,41.3759689922481,DMG-PEG,CCCCCCCCCCCCCC(=O)OCC(COCCO)OC(=O)CCCCCCCCCCCCC,1.55038759689923,SSC-DOPE,CCCCCCCC/C=C\CCCCCCCC(=O)OC[C@]([H])(OC(=O)CCCCCCC/C=C\CCCCCCCC)COP(=O)(OCCNC(=O)CCSSCC(C(=O)O)NC(=O)C(CO)NC(=O)C(CO)N)O,2.90697674418605,92.8779391483493,94.1396633508797,86.2236480293309,85.0680196822911,1739792,2347476,1796523,1579034,2043634.0,1687778.5,0.690160063746548,2.69593153224241,,100
425,5-F92,SM102,OCCN(CCCCCCCC(OC(CCCCCCCC)CCCCCCCC)=O)CCCCCC(OCCCCCCCCCCC)=O,48.5436893203884,DSPC,CCCCCCCCCCCCCCCCCC(=O)OCC(COP(=O)([O-])OCC[N+](C)(C)C)OC(=O)CCCCCCCCCCCCCCCCC,9.70873786407767,Cholesterol,CC(C)CCCC(C)C1CCC2C1(CCC3C2CC=C4C3(CCC(C4)O)C)C,37.378640776699,DMG-PEG,CCCCCCCCCCCCCC(=O)OCC(COCCO)OC(=O)CCCCCCCCCCCCC,1.45631067961165,RSSC-DOPE,CCCCCCCC/C=C\CCCCCCCC(=O)OC[C@]([H])(OC(=O)CCCCCCC/C=C\CCCCCCCC)COP(=O)(OCCNC(=O)CCSSCC(C(=O)O)NC(=O)C(CO)NC(=O)C(CO)NC(=O)C(CCCNC(=N)N)N)O,2.9126213592233,90.5287067754565,93.5784288573041,60.2096401452625,58.2474072745749,201001,204433,89757,209093,202717.0,149425.0,1.47913550430132,4.04381418886919,,100
265,4-F26,SM102,OCCN(CCCCCCCC(OC(CCCCCCCC)CCCCCCCC)=O)CCCCCC(OCCCCCCCCCCC)=O,27.8867924528302,DOPE,CCCCCCCC/C=C/CCCCCCCC(=O)OCC(COP(=O)([O-])OCC[NH3+])OC(=O)CCCCCCC/C=C/CCCCCCCC,24.0754716981132,Cholesterol,CC(C)CCCC(C)C1CCC2C1(CCC3C2CC=C4C3(CCC(C4)O)C)C,41.0943396226415,DMPE-PEG,CCCCCCCCCCCCCC(OCC(OC(CCCCCCCCCCCCC)=O)COP(OCCNC(OCCO)=O)(O)=O)=O,1.28301886792453,L-Tyr-UC18,C(CCCCCC)CCCCCCCCCCCNC(=O)N[C@@H](C(=O)OCC)CC1=CC=C(O)C=C1,5.66037735849057,85.2232366018574,75.3487678114043,46.7700856679787,52.8993133205294,38960,35305,16750,13914,37132.5,15332.0,0.832781995357548,3.06425502148496,,100
4,1-F5,SM102,OCCN(CCCCCCCC(OC(CCCCCCCC)CCCCCCCC)=O)CCCCCC(OCCCCCCCCCCC)=O,50.0,DSPC,CCCCCCCCCCCCCCCCCC(=O)OCC(COP(=O)([O-])OCC[N+](C)(C)C)OC(=O)CCCCCCCCCCCCCCCCC,5.0,Cholesterol,CC(C)CCCC(C)C1CCC2C1(CCC3C2CC=C4C3(CCC(C4)O)C)C,38.5,DMPE-PEG,CCCCCCCCCCCCCC(OCC(OC(CCCCCCCCCCCCC)=O)COP(OCCNC(OCCO)=O)(O)=O)=O,1.5,L-Arg-Uc18,C(CCCCCC)CCCCCCCCCCCNC(=O)N[C@@H](C(=O)OCC)CCCNC(=N)N,5.0,77.66891202,81.23733622,50.23893807,48.03214683,451350,423012,101659,20130,437181.0,60894.5,6.90343923698838,3.75683262385095,,100
500,6-F73,ALC0315,OCCCCN(CCCCCCOC(C(CCCCCC)CCCCCCCC)=O)CCCCCCOC(C(CCCCCC)CCCCCCCC)=O,46.4071856287425,DOPE,CCCCCCCC/C=C/CCCCCCCC(=O)OCC(COP(=O)([O-])OCC[NH3+])OC(=O)CCCCCCC/C=C/CCCCCCCC,9.3812375249501,β-sitosterol,CCC(CCC(C)C1CCC2C1(CCC3C2CC=C4C3(CCC(C4)O)C)C)C(C)C,42.6147704590819,DMG-PEG,CCCCCCCCCCCCCC(=O)OCC(COCCO)OC(=O)CCCCCCCCCCCCC,1.59680638722555,,,,83.4633018073955,75.1546080748152,21.0802806473222,23.4108043528159,1268524,1461583,585012,569252,1365053.5,577132.0,0.460995173586586,0.921867624848953,,100
44,1-F45,SM102,OCCN(CCCCCCCC(OC(CCCCCCCC)CCCCCCCC)=O)CCCCCC(OCCCCCCCCCCC)=O,50.0,DSPC,CCCCCCCCCCCCCCCCCC(=O)OCC(COP(=O)([O-])OCC[N+](C)(C)C)OC(=O)CCCCCCCCCCCCCCCCC,5.0,β-sitosterol,CCC(CCC(C)C1CCC2C1(CCC3C2CC=C4C3(CCC(C4)O)C)C)C(C)C,38.5,DSPE-PEG,CCCCCCCCCCCCCCCCCC(OCC(OC(CCCCCCCCCCCCCCCCC)=O)COP(OCCNC(OCCO)=O)(O)=O)=O,1.5,L-Leu-UC18,C(CCCCCC)CCCCCCCCCCCNC(=O)N[C@@H](C(=O)OCC)CC(C)C,5.0,77.95051053,64.46555819,28.74465526,34.75748315,23628,23877,7257,5542,23752.5,6399.5,0.375071058615462,0.394811524461719,,100
224,3-F81,ALC0315,OCCCCN(CCCCCCOC(C(CCCCCC)CCCCCCCC)=O)CCCCCCOC(C(CCCCCC)CCCCCCCC)=O,45.8715596330275,DOPE,CCCCCCCC/C=C/CCCCCCCC(=O)OCC(COP(=O)([O-])OCC[NH3+])OC(=O)CCCCCCC/C=C/CCCCCCCC,9.1743119266055,Cholesterol,CC(C)CCCC(C)C1CCC2C1(CCC3C2CC=C4C3(CCC(C4)O)C)C,35.3211009174312,DMPE-PEG,CCCCCCCCCCCCCC(OCC(OC(CCCCCCCCCCCCC)=O)COP(OCCNC(OCCO)=O)(O)=O)=O,1.37614678899083,L-Met-UC18,C(CCCCCC)CCCCCCCCCCCNC(=O)N[C@@H](C(=O)OCC)CCSC,8.25688073394496,87.22669895,87.84957443,32.27762266,32.04876623,4016676,3515393,662346,611016,3766034.5,636681.0,7.48103339021197,4.41085878179904,,100
482,6-F55,ALC0315,OCCCCN(CCCCCCOC(C(CCCCCC)CCCCCCCC)=O)CCCCCCOC(C(CCCCCC)CCCCCCCC)=O,45.0581395348837,DOPE,CCCCCCCC/C=C/CCCCCCCC(=O)OCC(COP(=O)([O-])OCC[NH3+])OC(=O)CCCCCCC/C=C/CCCCCCCC,9.10852713178295,Cholesterol,CC(C)CCCC(C)C1CCC2C1(CCC3C2CC=C4C3(CCC(C4)O)C)C,41.3759689922481,DMG-PEG,CCCCCCCCCCCCCC(=O)OCC(COCCO)OC(=O)CCCCCCCCCCCCC,1.55038759689923,L-Met-UC18,C(CCCCCC)CCCCCCCCCCCNC(=O)N[C@@H](C(=O)OCC)CCSC,2.90697674418605,94.2692014007741,89.2508540751586,81.7261364429858,86.3213881355486,3410882,3419016,2258066,1530771,3414949.0,1894418.5,1.15326982205777,3.02600286080986,,100
50,2-F3,SM102,OCCN(CCCCCCCC(OC(CCCCCCCC)CCCCCCCC)=O)CCCCCC(OCCCCCCCCCCC)=O,50.0,DOPC,CCCCCCCC/C=C\CCCCCCCC(=O)OCC(COP(=O)([O-])OCC[N+](C)(C)C)OC(=O)CCCCCCC/C=C\CCCCCCCC,5.0,β-sitosterol,CCC(CCC(C)C1CCC2C1(CCC3C2CC=C4C3(CCC(C4)O)C)C)C(C)C,38.5,DMG-PEG,CCCCCCCCCCCCCC(=O)OCC(COCCO)OC(=O)CCCCCCCCCCCCC,1.5,L-His-UC18,C(CCCCCC)CCCCCCCCCCCNC(=O)N[C@H](C(OCC)=O)CC1=CN=CN1,5.0,60.61634537,45.19144192,29.50727884,39.57880804,809833,264063,37128,36219,536948.0,36673.5,0.829518901962844,0.146122660397844,,100
361,5-F26,ALC0315,OCCCCN(CCCCCCOC(C(CCCCCC)CCCCCCCC)=O)CCCCCCOC(C(CCCCCC)CCCCCCCC)=O,45.2775073028238,DOPC,CCCCCCCC/C=C\CCCCCCCC(=O)OCC(COP(=O)([O-])OCC[N+](C)(C)C)OC(=O)CCCCCCC/C=C\CCCCCCCC,9.15287244401169,Cholesterol,CC(C)CCCC(C)C1CCC2C1(CCC3C2CC=C4C3(CCC(C4)O)C)C,41.5774099318403,DMPE-PEG,CCCCCCCCCCCCCC(OCC(OC(CCCCCCCCCCCCC)=O)COP(OCCNC(OCCO)=O)(O)=O)=O,1.55793573515093,RRC-DOPE,CCCCCCCC/C=C\CCCCCCCC(=O)OC[C@]([H])(OC(=O)CCCCCCC/C=C\CCCCCCCC)COP(=O)(OCCNC(=O)CCSSCC(C(=O)O)NC(=O)C(CCCNC(=N)N)NC(=O)C(CCCNC(N)=N)N)O,2.43427458617332,82.5615854787924,90.1461236369436,84.5391661992896,77.4263752546768,57793,47364,27573,21275,52578.5,24424.0,0.383641855951434,0.660974520655454,,100
71,2-F24,SM102,OCCN(CCCCCCCC(OC(CCCCCCCC)CCCCCCCC)=O)CCCCCC(OCCCCCCCCCCC)=O,50.0,DOPC,CCCCCCCC/C=C\CCCCCCCC(=O)OCC(COP(=O)([O-])OCC[N+](C)(C)C)OC(=O)CCCCCCC/C=C\CCCCCCCC,5.0,β-sitosterol,CCC(CCC(C)C1CCC2C1(CCC3C2CC=C4C3(CCC(C4)O)C)C)C(C)C,38.5,DMG-PEG,CCCCCCCCCCCCCC(=O)OCC(COCCO)OC(=O)CCCCCCCCCCCCC,1.5,β-CD-UC18,[C@H]12OC3[C@H](O)[C@@H](O)[C@H](OC4[C@H](O)[C@@H](O)[C@H](OC5[C@H](O)[C@@H](O)[C@H](OC6[C@H](O)[C@@H](O)[C@H](OC7[C@H](O)[C@@H](O)[C@H](OC8[C@H](O)[C@@H](O)[C@H](OC([C@@H](O)[C@@H]1O)O[C@@H]2CNC(=O)NCCCCCCCCCCCCCCCCCC)CO8)CO7)CO6)CO5)CO4)CO3,5.0,77.75735598,84.44333642,50.48977853,46.49214313,105136,488593,10850,81064,296864.5,45957.0,0.45861929660181,0.183112031955056,,100
513,6-F87,ALC0315,OCCCCN(CCCCCCOC(C(CCCCCC)CCCCCCCC)=O)CCCCCCOC(C(CCCCCC)CCCCCCCC)=O,45.0581395348837,DOPE,CCCCCCCC/C=C/CCCCCCCC(=O)OCC(COP(=O)([O-])OCC[NH3+])OC(=O)CCCCCCC/C=C/CCCCCCCC,9.10852713178295,β-sitosterol,CCC(CCC(C)C1CCC2C1(CCC3C2CC=C4C3(CCC(C4)O)C)C)C(C)C,41.3759689922481,DMG-PEG,CCCCCCCCCCCCCC(=O)OCC(COCCO)OC(=O)CCCCCCCCCCCCC,1.55038759689923,4RC-DOPE,CCCCCCCC/C=C\CCCCCCCC(=O)OC[C@]([H])(OC(=O)CCCCCCC/C=C\CCCCCCCC)COP(=O)(OCCNC(=O)CCSSCC(C(=O)O)NC(=O)C(CCCNC(=N)N)NC(=O)C(CCCNC(N)=N)NC(=O)C(CCCNC(=N)N)NC(=O)C(CCCNC(N)=N)N)O,2.90697674418605,81.2826376326837,70.1803147691346,42.410245643502,49.1194238711219,741688,806676,150250,95945,774182.0,123097.5,0.26145067975549,0.196626768139427,,100
115,2-F68,SM102,OCCN(CCCCCCCC(OC(CCCCCCCC)CCCCCCCC)=O)CCCCCC(OCCCCCCCCCCC)=O,50.0,DOPE,CCCCCCCC/C=C/CCCCCCCC(=O)OCC(COP(=O)([O-])OCC[NH3+])OC(=O)CCCCCCC/C=C/CCCCCCCC,5.0,β-sitosterol,CCC(CCC(C)C1CCC2C1(CCC3C2CC=C4C3(CCC(C4)O)C)C)C(C)C,38.5,DMPE-PEG,CCCCCCCCCCCCCC(OCC(OC(CCCCCCCCCCCCC)=O)COP(OCCNC(OCCO)=O)(O)=O)=O,1.5,L-Leu-UC12,CCCCCCCCCCCCNC(=O)N[C@@H](C(=O)OCC)CC(C)C,5.0,73.77885264,77.84837949,43.43851042,41.16776072,530136,478681,96321,97513,504408.5,96917.0,0.779249359455153,0.386158121743981,,100
355,5-F20,ALC0315,OCCCCN(CCCCCCOC(C(CCCCCC)CCCCCCCC)=O)CCCCCCOC(C(CCCCCC)CCCCCCCC)=O,45.0581395348837,DOPE,CCCCCCCC/C=C/CCCCCCCC(=O)OCC(COP(=O)([O-])OCC[NH3+])OC(=O)CCCCCCC/C=C/CCCCCCCC,9.10852713178295,Cholesterol,CC(C)CCCC(C)C1CCC2C1(CCC3C2CC=C4C3(CCC(C4)O)C)C,41.3759689922481,DMPE-PEG,CCCCCCCCCCCCCC(OCC(OC(CCCCCCCCCCCCC)=O)COP(OCCNC(OCCO)=O)(O)=O)=O,1.55038759689923,RSSC-DOPE,CCCCCCCC/C=C\CCCCCCCC(=O)OC[C@]([H])(OC(=O)CCCCCCC/C=C\CCCCCCCC)COP(=O)(OCCNC(=O)CCSSCC(C(=O)O)NC(=O)C(CO)NC(=O)C(CO)NC(=O)C(CCCNC(=N)N)N)O,2.90697674418605,89.5679174455069,92.0433732933733,76.2763021731632,74.2248930221062,81669,114359,69151,194986,98014.0,132068.5,0.715164427840731,3.57410389294075,,100
439,6-F11,SM102,OCCN(CCCCCCCC(OC(CCCCCCCC)CCCCCCCC)=O)CCCCCC(OCCCCCCCCCCC)=O,48.5436893203884,DOPE,CCCCCCCC/C=C/CCCCCCCC(=O)OCC(COP(=O)([O-])OCC[NH3+])OC(=O)CCCCCCC/C=C/CCCCCCCC,9.70873786407767,Cholesterol,CC(C)CCCC(C)C1CCC2C1(CCC3C2CC=C4C3(CCC(C4)O)C)C,37.378640776699,DMG-PEG,CCCCCCCCCCCCCC(=O)OCC(COCCO)OC(=O)CCCCCCCCCCCCC,1.45631067961165,SSC-DOPE,CCCCCCCC/C=C\CCCCCCCC(=O)OC[C@]([H])(OC(=O)CCCCCCC/C=C\CCCCCCCC)COP(=O)(OCCNC(=O)CCSSCC(C(=O)O)NC(=O)C(CO)NC(=O)C(CO)N)O,2.9126213592233,91.8598115833423,93.7545220386074,47.1920751693495,46.2383577775399,3930299,3862128,1788028,2038776,3896213.5,1913402.0,1.31579869855863,3.05632568826756,,100
313,4-F74,SM102,OCCN(CCCCCCCC(OC(CCCCCCCC)CCCCCCCC)=O)CCCCCC(OCCCCCCCCCCC)=O,59.1553398058253,DOPE,CCCCCCCC/C=C/CCCCCCCC(=O)OCC(COP(=O)([O-])OCC[NH3+])OC(=O)CCCCCCC/C=C/CCCCCCCC,24.0970873786408,Cholesterol,CC(C)CCCC(C)C1CCC2C1(CCC3C2CC=C4C3(CCC(C4)O)C)C,10.6504854368932,DMPE-PEG,CCCCCCCCCCCCCC(OCC(OC(CCCCCCCCCCCCC)=O)COP(OCCNC(OCCO)=O)(O)=O)=O,3.18446601941748,L-Tyr-UC18,C(CCCCCC)CCCCCCCCCCCNC(=O)N[C@@H](C(=O)OCC)CC1=CC=C(O)C=C1,2.9126213592233,81.6104628013109,78.9157803645703,53.0493525989867,54.8607920610126,841,1054,935,866,947.5,900.5,0.021249873846395,0.179974018187269,,100
329,4-F90,SM102,OCCN(CCCCCCCC(OC(CCCCCCCC)CCCCCCCC)=O)CCCCCC(OCCCCCCCCCCC)=O,51.6504854368932,DOPE,CCCCCCCC/C=C/CCCCCCCC(=O)OCC(COP(=O)([O-])OCC[NH3+])OC(=O)CCCCCCC/C=C/CCCCCCCC,27.0970873786408,Cholesterol,CC(C)CCCC(C)C1CCC2C1(CCC3C2CC=C4C3(CCC(C4)O)C)C,15.4466019417476,DMPE-PEG,CCCCCCCCCCCCCC(OCC(OC(CCCCCCCCCCCCC)=O)COP(OCCNC(OCCO)=O)(O)=O)=O,2.89320388349515,L-Tyr-UC18,C(CCCCCC)CCCCCCCCCCCNC(=O)N[C@@H](C(=O)OCC)CC1=CC=C(O)C=C1,2.9126213592233,77.0755401708447,60.1550148459492,37.6675117710974,48.2627063443322,1963,1975,1638,1813,1969.0,1725.5,0.044159368447021,0.344858598980714,,100
400,5-F67,ALC0315,OCCCCN(CCCCCCOC(C(CCCCCC)CCCCCCCC)=O)CCCCCCOC(C(CCCCCC)CCCCCCCC)=O,45.4412195836998,DOPE,CCCCCCCC/C=C/CCCCCCCC(=O)OCC(COP(=O)([O-])OCC[NH3+])OC(=O)CCCCCCC/C=C/CCCCCCCC,9.18596696960813,Cholesterol,CC(C)CCCC(C)C1CCC2C1(CCC3C2CC=C4C3(CCC(C4)O)C)C,41.7277435747093,DMG-PEG,CCCCCCCCCCCCCC(=O)OCC(COCCO)OC(=O)CCCCCCCCCCCCC,1.56356884589075,DRDRC-DOPE,CCCCCCCC/C=C\CCCCCCCC(=O)OC[C@]([H])(OC(=O)CCCCCCC/C=C\CCCCCCCC)COP(=O)(OCCNC(=O)CCSSCC(C(=O)O)NC(=O)C(CCCNC(=N)N)NC(=O)C(CC(O)=O)NC(=O)C(CCCNC(=N)N)NC(=O)C(CC(O)=O)N)O,2.08150102609206,73.5281456098359,91.5427719282389,94.8829039812646,76.2109758407522,139748,141300,92169,115414,140524.0,103791.5,1.02534093147806,2.8088575565268,,100
86,2-F39,SM102,OCCN(CCCCCCCC(OC(CCCCCCCC)CCCCCCCC)=O)CCCCCC(OCCCCCCCCCCC)=O,50.0,DOPC,CCCCCCCC/C=C\CCCCCCCC(=O)OCC(COP(=O)([O-])OCC[N+](C)(C)C)OC(=O)CCCCCCC/C=C\CCCCCCCC,5.0,β-sitosterol,CCC(CCC(C)C1CCC2C1(CCC3C2CC=C4C3(CCC(C4)O)C)C)C(C)C,38.5,DMPE-PEG,CCCCCCCCCCCCCC(OCC(OC(CCCCCCCCCCCCC)=O)COP(OCCNC(OCCO)=O)(O)=O)=O,1.5,L-Asp-UC18,C(CCCCCC)CCCCCCCCCCCNC(=O)N[C@H](C(OCC)=O)CC(=O)OCC,5.0,78.88358852,74.54147389,44.00146306,46.56459183,355434,538395,81988,86136,446914.5,84062.0,0.690428170532851,0.334938390891614,,100
452,6-F24,SM102,OCCN(CCCCCCCC(OC(CCCCCCCC)CCCCCCCC)=O)CCCCCC(OCCCCCCCCCCC)=O,48.5436893203884,DOPE,CCCCCCCC/C=C/CCCCCCCC(=O)OCC(COP(=O)([O-])OCC[NH3+])OC(=O)CCCCCCC/C=C/CCCCCCCC,9.70873786407767,Cholesterol,CC(C)CCCC(C)C1CCC2C1(CCC3C2CC=C4C3(CCC(C4)O)C)C,37.378640776699,DMG-PEG,CCCCCCCCCCCCCC(=O)OCC(COCCO)OC(=O)CCCCCCCCCCCCC,1.45631067961165,L-NIHis,C1=CC=CC2C(/C=N/C3=CC=C(C(=O)NC(C(OC)=O)CC4=CNC=N4)C=C3)=C(O)C=CC1=2,2.9126213592233,91.3622018571342,92.6466434422371,49.0243294860085,48.3446622564787,33222,782694,1215841,1316129,407958.0,1265985.0,0.137772379636429,2.02219004498867,,100
516,6-F90,ALC0315,OCCCCN(CCCCCCOC(C(CCCCCC)CCCCCCCC)=O)CCCCCCOC(C(CCCCCC)CCCCCCCC)=O,45.0581395348837,DOPE,CCCCCCCC/C=C/CCCCCCCC(=O)OCC(COP(=O)([O-])OCC[NH3+])OC(=O)CCCCCCC/C=C/CCCCCCCC,9.10852713178295,β-sitosterol,CCC(CCC(C)C1CCC2C1(CCC3C2CC=C4C3(CCC(C4)O)C)C)C(C)C,41.3759689922481,DMG-PEG,CCCCCCCCCCCCCC(=O)OCC(COCCO)OC(=O)CCCCCCCCCCCCC,1.55038759689923,8RC-DOPE,CCCCCCCC/C=C\CCCCCCCC(=O)OC[C@]([H])(OC(=O)CCCCCCC/C=C\CCCCCCCC)COP(=O)(OCCNC(=O)CCSSCC(C(=O)O)NC(=O)C(CCCNC(=N)N)NC(=O)C(CCCNC(N)=N)NC(=O)C(CCCNC(=N)N)NC(=O)C(CCCNC(N)=N)NC(=O)C(CCCNC(=N)N)NC(=O)C(CCCNC(N)=N)NC(=O)C(CCCNC(=N)N)NC(=O)C(CCCNC(N)=N)N)O,2.90697674418605,50.6195031135649,51.4228657014478,19.5941661382372,19.2880528985042,234088,237095,115003,111369,235591.5,113186.0,0.079562115651895,0.180794877057854,,100
128,2-F81,SM102,OCCN(CCCCCCCC(OC(CCCCCCCC)CCCCCCCC)=O)CCCCCC(OCCCCCCCCCCC)=O,50.0,DOPE,CCCCCCCC/C=C/CCCCCCCC(=O)OCC(COP(=O)([O-])OCC[NH3+])OC(=O)CCCCCCC/C=C/CCCCCCCC,5.0,β-sitosterol,CCC(CCC(C)C1CCC2C1(CCC3C2CC=C4C3(CCC(C4)O)C)C)C(C)C,38.5,DMPE-PEG,CCCCCCCCCCCCCC(OCC(OC(CCCCCCCCCCCCC)=O)COP(OCCNC(OCCO)=O)(O)=O)=O,1.5,L-Tyr-UC18,C(CCCCCC)CCCCCCCCCCCNC(=O)N[C@@H](C(=O)OCC)CC1=CC=C(O)C=C1,5.0,73.93736382,48.86101023,22.78425335,34.47754399,686927,691885,117019,123788,689406.0,120403.5,1.06504784099502,0.479738223545935,,100
511,6-F85,ALC0315,OCCCCN(CCCCCCOC(C(CCCCCC)CCCCCCCC)=O)CCCCCCOC(C(CCCCCC)CCCCCCCC)=O,45.0581395348837,DOPE,CCCCCCCC/C=C/CCCCCCCC(=O)OCC(COP(=O)([O-])OCC[NH3+])OC(=O)CCCCCCC/C=C/CCCCCCCC,9.10852713178295,β-sitosterol,CCC(CCC(C)C1CCC2C1(CCC3C2CC=C4C3(CCC(C4)O)C)C)C(C)C,41.3759689922481,DMG-PEG,CCCCCCCCCCCCCC(=O)OCC(COCCO)OC(=O)CCCCCCCCCCCCC,1.55038759689923,RSSC-DOPE,CCCCCCCC/C=C\CCCCCCCC(=O)OC[C@]([H])(OC(=O)CCCCCCC/C=C\CCCCCCCC)COP(=O)(OCCNC(=O)CCSSCC(C(=O)O)NC(=O)C(CO)NC(=O)C(CO)NC(=O)C(CCCNC(=N)N)N)O,2.90697674418605,75.6149196356445,83.1269684802731,63.685761650396,57.9305830245968,1599955,1750954,480670,452835,1675454.5,466752.5,0.565821367487741,0.745555641633649,,100
87,2-F40,SM102,OCCN(CCCCCCCC(OC(CCCCCCCC)CCCCCCCC)=O)CCCCCC(OCCCCCCCCCCC)=O,50.0,DOPC,CCCCCCCC/C=C\CCCCCCCC(=O)OCC(COP(=O)([O-])OCC[N+](C)(C)C)OC(=O)CCCCCCC/C=C\CCCCCCCC,5.0,β-sitosterol,CCC(CCC(C)C1CCC2C1(CCC3C2CC=C4C3(CCC(C4)O)C)C)C(C)C,38.5,DMPE-PEG,CCCCCCCCCCCCCC(OCC(OC(CCCCCCCCCCCCC)=O)COP(OCCNC(OCCO)=O)(O)=O)=O,1.5,L-Glu-UC12,CCCCCCCCCCCCNC(=O)N[C@H](C(OCC)=O)CCC(=O)OCC,5.0,71.59364376,66.94365705,45.99173003,49.18637076,139440,176853,9171,8897,158146.5,9034.0,0.244316974882609,0.035995258539112,,100
10,1-F11,SM102,OCCN(CCCCCCCC(OC(CCCCCCCC)CCCCCCCC)=O)CCCCCC(OCCCCCCCCCCC)=O,50.0,DOPC,CCCCCCCC/C=C\CCCCCCCC(=O)OCC(COP(=O)([O-])OCC[N+](C)(C)C)OC(=O)CCCCCCC/C=C\CCCCCCCC,5.0,Cholesterol,CC(C)CCCC(C)C1CCC2C1(CCC3C2CC=C4C3(CCC(C4)O)C)C,38.5,DMPE-PEG,CCCCCCCCCCCCCC(OCC(OC(CCCCCCCCCCCCC)=O)COP(OCCNC(OCCO)=O)(O)=O)=O,1.5,L-Phg-UC18,C(CCCCCC)CCCCCCCCCCCNC(=O)N[C@H](C(OCC)=O)C1=CC=CC=C1,5.0,71.86150251,40.27040077,14.48928959,25.85576752,588438,644782,119854,40278,616610.0,80066.0,9.73676730672057,4.93960145598125,,100
316,4-F77,SM102,OCCN(CCCCCCCC(OC(CCCCCCCC)CCCCCCCC)=O)CCCCCC(OCCCCCCCCCCC)=O,29.3398058252427,DOPE,CCCCCCCC/C=C/CCCCCCCC(=O)OCC(COP(=O)([O-])OCC[NH3+])OC(=O)CCCCCCC/C=C/CCCCCCCC,23.4563106796117,Cholesterol,CC(C)CCCC(C)C1CCC2C1(CCC3C2CC=C4C3(CCC(C4)O)C)C,42.7184466019417,DMPE-PEG,CCCCCCCCCCCCCC(OCC(OC(CCCCCCCCCCCCC)=O)COP(OCCNC(OCCO)=O)(O)=O)=O,1.57281553398058,L-Tyr-UC18,C(CCCCCC)CCCCCCCCCCCNC(=O)N[C@@H](C(=O)OCC)CC1=CC=C(O)C=C1,2.9126213592233,77.5040906965872,79.9699534856846,52.177191328935,50.5683146330061,7626,8024,14888,14752,7825.0,14820.0,0.175493681106115,2.96192665134406,,100
217,3-F74,ALC0315,OCCCCN(CCCCCCOC(C(CCCCCC)CCCCCCCC)=O)CCCCCCOC(C(CCCCCC)CCCCCCCC)=O,47.1698113207547,DOPE,CCCCCCCC/C=C/CCCCCCCC(=O)OCC(COP(=O)([O-])OCC[NH3+])OC(=O)CCCCCCC/C=C/CCCCCCCC,9.43396226415094,Cholesterol,CC(C)CCCC(C)C1CCC2C1(CCC3C2CC=C4C3(CCC(C4)O)C)C,36.3207547169811,DMPE-PEG,CCCCCCCCCCCCCC(OCC(OC(CCCCCCCCCCCCC)=O)COP(OCCNC(OCCO)=O)(O)=O)=O,1.41509433962264,L-Leu-UC12,CCCCCCCCCCCCNC(=O)N[C@@H](C(=O)OCC)CC(C)C,5.66037735849057,85.58294489,94.49959101,71.41425111,64.67585576,2803562,2670535,1784685,1786119,2737048.5,1785402.0,5.43700574679536,12.3690766502245,,100
117,2-F70,SM102,OCCN(CCCCCCCC(OC(CCCCCCCC)CCCCCCCC)=O)CCCCCC(OCCCCCCCCCCC)=O,50.0,DOPE,CCCCCCCC/C=C/CCCCCCCC(=O)OCC(COP(=O)([O-])OCC[NH3+])OC(=O)CCCCCCC/C=C/CCCCCCCC,5.0,β-sitosterol,CCC(CCC(C)C1CCC2C1(CCC3C2CC=C4C3(CCC(C4)O)C)C)C(C)C,38.5,DMPE-PEG,CCCCCCCCCCCCCC(OCC(OC(CCCCCCCCCCCCC)=O)COP(OCCNC(OCCO)=O)(O)=O)=O,1.5,β-CD-UC6,[C@H]12OC3[C@H](O)[C@@H](O)[C@H](OC4[C@H](O)[C@@H](O)[C@H](OC5[C@H](O)[C@@H](O)[C@H](OC6[C@H](O)[C@@H](O)[C@H](OC7[C@H](O)[C@@H](O)[C@H](OC8[C@H](O)[C@@H](O)[C@H](OC([C@@H](O)[C@@H]1O)O[C@@H]2CNC(=O)NCCCCCC)CO8)CO7)CO6)CO5)CO4)CO3,5.0,74.0219405,56.43231686,27.19911667,35.67692252,500466,295867,73391,67681,398166.5,70536.0,0.615118480520253,0.281045113605801,,100
494,6-F67,ALC0315,OCCCCN(CCCCCCOC(C(CCCCCC)CCCCCCCC)=O)CCCCCCOC(C(CCCCCC)CCCCCCCC)=O,45.0581395348837,DOPE,CCCCCCCC/C=C/CCCCCCCC(=O)OCC(COP(=O)([O-])OCC[NH3+])OC(=O)CCCCCCC/C=C/CCCCCCCC,9.10852713178295,Cholesterol,CC(C)CCCC(C)C1CCC2C1(CCC3C2CC=C4C3(CCC(C4)O)C)C,41.3759689922481,DMG-PEG,CCCCCCCCCCCCCC(=O)OCC(COCCO)OC(=O)CCCCCCCCCCCCC,1.55038759689923,L-PyHis,C1=CC2=CC=CC3=C2C2=C(C=C3)C(C(NC(C(OC)=O)CC3N=CNC=3)=O)=CC=C12,2.90697674418605,83.22511202368,93.7835014706286,95.923244535039,85.123957273057,2773937,2742954,455336,896796,2758445.5,676066.0,0.931560603376818,1.07989741976035,,100
80,2-F33,SM102,OCCN(CCCCCCCC(OC(CCCCCCCC)CCCCCCCC)=O)CCCCCC(OCCCCCCCCCCC)=O,50.0,DOPC,CCCCCCCC/C=C\CCCCCCCC(=O)OCC(COP(=O)([O-])OCC[N+](C)(C)C)OC(=O)CCCCCCC/C=C\CCCCCCCC,5.0,β-sitosterol,CCC(CCC(C)C1CCC2C1(CCC3C2CC=C4C3(CCC(C4)O)C)C)C(C)C,38.5,DMPE-PEG,CCCCCCCCCCCCCC(OCC(OC(CCCCCCCCCCCCC)=O)COP(OCCNC(OCCO)=O)(O)=O)=O,1.5,L-Tyr-UC18,C(CCCCCC)CCCCCCCCCCCNC(=O)N[C@@H](C(=O)OCC)CC1=CC=C(O)C=C1,5.0,78.33875423,78.00831955,32.47444189,32.61200007,277819,411386,63186,75795,344602.5,69490.5,0.532368660305376,0.276879401539979,,100
58,2-F11,SM102,OCCN(CCCCCCCC(OC(CCCCCCCC)CCCCCCCC)=O)CCCCCC(OCCCCCCCCCCC)=O,50.0,DOPC,CCCCCCCC/C=C\CCCCCCCC(=O)OCC(COP(=O)([O-])OCC[N+](C)(C)C)OC(=O)CCCCCCC/C=C\CCCCCCCC,5.0,β-sitosterol,CCC(CCC(C)C1CCC2C1(CCC3C2CC=C4C3(CCC(C4)O)C)C)C(C)C,38.5,DMG-PEG,CCCCCCCCCCCCCC(=O)OCC(COCCO)OC(=O)CCCCCCCCCCCCC,1.5,L-Phg-UC18,C(CCCCCC)CCCCCCCCCCCNC(=O)N[C@H](C(OCC)=O)C1=CC=CC=C1,5.0,79.71611886,62.5218506,36.18480216,46.13606222,265320,311405,50016,55862,288362.5,52939.0,0.445484747810329,0.210931258778177,,100
405,5-F72,ALC0315,OCCCCN(CCCCCCOC(C(CCCCCC)CCCCCCCC)=O)CCCCCCOC(C(CCCCCC)CCCCCCCC)=O,45.0581395348837,DOPE,CCCCCCCC/C=C/CCCCCCCC(=O)OCC(COP(=O)([O-])OCC[NH3+])OC(=O)CCCCCCC/C=C/CCCCCCCC,9.10852713178295,Cholesterol,CC(C)CCCC(C)C1CCC2C1(CCC3C2CC=C4C3(CCC(C4)O)C)C,41.3759689922481,DMG-PEG,CCCCCCCCCCCCCC(=O)OCC(COCCO)OC(=O)CCCCCCCCCCCCC,1.55038759689923,HA-DSSC,CCCCCCCCCCCCCCCCC(NC(CC(=O)O)C(=O)NC(CO)C(=O)NC(CO)C(=O)NC(C(=O)O)CS)=O,2.90697674418605,83.47363951803,94.0105775169858,85.4248881873192,75.8502554792615,161365,223703,108585,73808,192534.0,91196.5,1.40483469657281,2.46800535837517,,100
391,5-F58,ALC0315,OCCCCN(CCCCCCOC(C(CCCCCC)CCCCCCCC)=O)CCCCCCOC(C(CCCCCC)CCCCCCCC)=O,45.0581395348837,DOPE,CCCCCCCC/C=C/CCCCCCCC(=O)OCC(COP(=O)([O-])OCC[NH3+])OC(=O)CCCCCCC/C=C/CCCCCCCC,9.10852713178295,β-sitosterol,CCC(CCC(C)C1CCC2C1(CCC3C2CC=C4C3(CCC(C4)O)C)C)C(C)C,41.3759689922481,DMPE-PEG,CCCCCCCCCCCCCC(OCC(OC(CCCCCCCCCCCCC)=O)COP(OCCNC(OCCO)=O)(O)=O)=O,1.55038759689923,DOPE-DC-Ome,CCCCCCCC/C=C\CCCCCCCC(=O)OC[C@]([H])(OC(=O)CCCCCCC/C=C\CCCCCCCC)COP(=O)(OCCNC(=O)CCSSCC(C(=O)OC)NC(=O)C(CO)NC(=O)C(CO)NC(=O)C(CC(=O)OC)N)O,2.90697674418605,64.4238882465077,58.5236476828765,44.6883337375697,49.1937248039001,25064,31692,14529,16259,28378.0,15394.0,0.207061604804051,0.416600138018754,,100
52,2-F5,SM102,OCCN(CCCCCCCC(OC(CCCCCCCC)CCCCCCCC)=O)CCCCCC(OCCCCCCCCCCC)=O,50.0,DOPC,CCCCCCCC/C=C\CCCCCCCC(=O)OCC(COP(=O)([O-])OCC[N+](C)(C)C)OC(=O)CCCCCCC/C=C\CCCCCCCC,5.0,β-sitosterol,CCC(CCC(C)C1CCC2C1(CCC3C2CC=C4C3(CCC(C4)O)C)C)C(C)C,38.5,DMG-PEG,CCCCCCCCCCCCCC(=O)OCC(COCCO)OC(=O)CCCCCCCCCCCCC,1.5,L-Arg-Uc18,C(CCCCCC)CCCCCCCCCCCNC(=O)N[C@@H](C(=O)OCC)CCCNC(=N)N,5.0,79.20876996,71.44710505,37.94664829,42.06898703,407539,483454,21494,25010,445496.5,23252.0,0.688237534190071,0.092645755097569,,100
438,6-F10,SM102,OCCN(CCCCCCCC(OC(CCCCCCCC)CCCCCCCC)=O)CCCCCC(OCCCCCCCCCCC)=O,48.5436893203884,DOPE,CCCCCCCC/C=C/CCCCCCCC(=O)OCC(COP(=O)([O-])OCC[NH3+])OC(=O)CCCCCCC/C=C/CCCCCCCC,9.70873786407767,Cholesterol,CC(C)CCCC(C)C1CCC2C1(CCC3C2CC=C4C3(CCC(C4)O)C)C,37.378640776699,DMG-PEG,CCCCCCCCCCCCCC(=O)OCC(COCCO)OC(=O)CCCCCCCCCCCCC,1.45631067961165,DRC-DOPE,CCCCCCCC/C=C\CCCCCCCC(=O)OC[C@]([H])(OC(=O)CCCCCCC/C=C\CCCCCCCC)COP(=O)(OCCNC(=O)CCSSCC(C(=O)O)NC(=O)C(CCCNC(=N)N)NC(=O)C(N)CC(=O)O)O,2.9126213592233,90.3421124436417,92.3536601928562,58.679706601467,57.4016085651547,4246290,4180054,1923940,2043365,4213172.0,1983652.5,1.42283943998542,3.16853859896988,,100
41,1-F42,SM102,OCCN(CCCCCCCC(OC(CCCCCCCC)CCCCCCCC)=O)CCCCCC(OCCCCCCCCCCC)=O,50.0,DOPC,CCCCCCCC/C=C\CCCCCCCC(=O)OCC(COP(=O)([O-])OCC[N+](C)(C)C)OC(=O)CCCCCCC/C=C\CCCCCCCC,5.0,β-sitosterol,CCC(CCC(C)C1CCC2C1(CCC3C2CC=C4C3(CCC(C4)O)C)C)C(C)C,38.5,DMPE-PEG,CCCCCCCCCCCCCC(OCC(OC(CCCCCCCCCCCCC)=O)COP(OCCNC(OCCO)=O)(O)=O)=O,1.5,L-Val-UC12,CCCCCCCCCCCCNC(=O)N[C@@H](C(=O)OCC)C(C)C,5.0,78.84070796,70.17204717,37.74502688,42.40783562,193441,628756,5460,24139,411098.5,14799.5,6.49157560636685,0.913042137084336,,100
453,6-F25,SM102,OCCN(CCCCCCCC(OC(CCCCCCCC)CCCCCCCC)=O)CCCCCC(OCCCCCCCCCCC)=O,50.0,DOPE,CCCCCCCC/C=C/CCCCCCCC(=O)OCC(COP(=O)([O-])OCC[NH3+])OC(=O)CCCCCCC/C=C/CCCCCCCC,10.0,β-sitosterol,CCC(CCC(C)C1CCC2C1(CCC3C2CC=C4C3(CCC(C4)O)C)C)C(C)C,38.5,DMG-PEG,CCCCCCCCCCCCCC(=O)OCC(COCCO)OC(=O)CCCCCCCCCCCCC,1.5,,,,92.5752299312439,95.606376921617,48.58934169279,47.0488436467542,2095251,1774788,292799,104510,1935019.5,198654.5,0.653479625740624,0.317315886280013,,100
133,2-F86,SM102,OCCN(CCCCCCCC(OC(CCCCCCCC)CCCCCCCC)=O)CCCCCC(OCCCCCCCCCCC)=O,50.0,DOPE,CCCCCCCC/C=C/CCCCCCCC(=O)OCC(COP(=O)([O-])OCC[NH3+])OC(=O)CCCCCCC/C=C/CCCCCCCC,5.0,β-sitosterol,CCC(CCC(C)C1CCC2C1(CCC3C2CC=C4C3(CCC(C4)O)C)C)C(C)C,38.5,DMPE-PEG,CCCCCCCCCCCCCC(OCC(OC(CCCCCCCCCCCCC)=O)COP(OCCNC(OCCO)=O)(O)=O)=O,1.5,L-Asp-UC12,CCCCCCCCCCCCNC(=O)N[C@H](C(OCC)=O)CC(=O)OCC,5.0,72.46765842,59.26110478,19.89485004,24.32849003,638864,676886,26267,34684,657875.0,30475.5,1.01633630748007,0.121427219571476,,100
169,3-F26,SM102,OCCN(CCCCCCCC(OC(CCCCCCCC)CCCCCCCC)=O)CCCCCC(OCCCCCCCCCCC)=O,47.1698113207547,DOPE,CCCCCCCC/C=C/CCCCCCCC(=O)OCC(COP(=O)([O-])OCC[NH3+])OC(=O)CCCCCCC/C=C/CCCCCCCC,9.43396226415094,Cholesterol,CC(C)CCCC(C)C1CCC2C1(CCC3C2CC=C4C3(CCC(C4)O)C)C,36.3207547169811,DMPE-PEG,CCCCCCCCCCCCCC(OCC(OC(CCCCCCCCCCCCC)=O)COP(OCCNC(OCCO)=O)(O)=O)=O,1.41509433962264,L-Leu-UC12,CCCCCCCCCCCCNC(=O)N[C@@H](C(=O)OCC)CC(C)C,5.66037735849057,89.20791638,88.30601629,29.99416618,30.30050704,2803278,3090723,721545,728489,2947000.5,725017.0,5.85406457149327,5.0228412680818,,100
17,1-F18,SM102,OCCN(CCCCCCCC(OC(CCCCCCCC)CCCCCCCC)=O)CCCCCC(OCCCCCCCCCCC)=O,50.0,DSPC,CCCCCCCCCCCCCCCCCC(=O)OCC(COP(=O)([O-])OCC[N+](C)(C)C)OC(=O)CCCCCCCCCCCCCCCCC,5.0,Cholesterol,CC(C)CCCC(C)C1CCC2C1(CCC3C2CC=C4C3(CCC(C4)O)C)C,38.5,DMPE-PEG,CCCCCCCCCCCCCC(OCC(OC(CCCCCCCCCCCCC)=O)COP(OCCNC(OCCO)=O)(O)=O)=O,1.5,L-Val-UC12,CCCCCCCCCCCCNC(=O)N[C@@H](C(=O)OCC)C(C)C,5.0,86.24674949,73.42803426,26.64435489,31.29579901,230192,274085,15545,21884,252138.5,18714.5,3.98146949216776,1.15457461903881,,100
232,3-F89,ALC0315,OCCCCN(CCCCCCOC(C(CCCCCC)CCCCCCCC)=O)CCCCCCOC(C(CCCCCC)CCCCCCCC)=O,43.4782608695652,DOPE,CCCCCCCC/C=C/CCCCCCCC(=O)OCC(COP(=O)([O-])OCC[NH3+])OC(=O)CCCCCCC/C=C/CCCCCCCC,8.69565217391304,Cholesterol,CC(C)CCCC(C)C1CCC2C1(CCC3C2CC=C4C3(CCC(C4)O)C)C,33.4782608695652,DMPE-PEG,CCCCCCCCCCCCCC(OCC(OC(CCCCCCCCCCCCC)=O)COP(OCCNC(OCCO)=O)(O)=O)=O,1.30434782608696,L-Tyr-UC18,C(CCCCCC)CCCCCCCCCCCNC(=O)N[C@@H](C(=O)OCC)CC1=CC=C(O)C=C1,13.0434782608696,90.41255231,93.31552902,49.83918333,48.2887234,2809278,379278,680476,721413,1594278.0,700944.5,3.16695105986957,4.85606952834894,,100
395,5-F62,ALC0315,OCCCCN(CCCCCCOC(C(CCCCCC)CCCCCCCC)=O)CCCCCCOC(C(CCCCCC)CCCCCCCC)=O,45.2775073028238,DOPE,CCCCCCCC/C=C/CCCCCCCC(=O)OCC(COP(=O)([O-])OCC[NH3+])OC(=O)CCCCCCC/C=C/CCCCCCCC,9.15287244401169,Cholesterol,CC(C)CCCC(C)C1CCC2C1(CCC3C2CC=C4C3(CCC(C4)O)C)C,41.5774099318403,DMG-PEG,CCCCCCCCCCCCCC(=O)OCC(COCCO)OC(=O)CCCCCCCCCCCCC,1.55793573515093,RRC-DOPE,CCCCCCCC/C=C\CCCCCCCC(=O)OC[C@]([H])(OC(=O)CCCCCCC/C=C\CCCCCCCC)COP(=O)(OCCNC(=O)CCSSCC(C(=O)O)NC(=O)C(CCCNC(=N)N)NC(=O)C(CCCNC(N)=N)N)O,2.43427458617332,84.153957450578,87.6227067171587,83.6228070175438,80.31240311222,76021,74845,130391,89438,75433.0,109914.5,0.550400945633377,2.97456124920504,,100
447,6-F19,SM102,OCCN(CCCCCCCC(OC(CCCCCCCC)CCCCCCCC)=O)CCCCCC(OCCCCCCCCCCC)=O,48.5436893203884,DOPE,CCCCCCCC/C=C/CCCCCCCC(=O)OCC(COP(=O)([O-])OCC[NH3+])OC(=O)CCCCCCC/C=C/CCCCCCCC,9.70873786407767,Cholesterol,CC(C)CCCC(C)C1CCC2C1(CCC3C2CC=C4C3(CCC(C4)O)C)C,37.378640776699,DMG-PEG,CCCCCCCCCCCCCC(=O)OCC(COCCO)OC(=O)CCCCCCCCCCCCC,1.45631067961165,L-PyHis,C1=CC2=CC=CC3=C2C2=C(C=C3)C(C(NC(C(OC)=O)CC3N=CNC=3)=O)=CC=C12,2.9126213592233,83.4304839983453,94.8375349421691,55.5630681391331,48.8799468491846,1429418,2916203,47708,357087,2172810.5,202397.5,0.733784539300662,0.323294675395518,,100
111,2-F64,SM102,OCCN(CCCCCCCC(OC(CCCCCCCC)CCCCCCCC)=O)CCCCCC(OCCCCCCCCCCC)=O,50.0,DOPE,CCCCCCCC/C=C/CCCCCCCC(=O)OCC(COP(=O)([O-])OCC[NH3+])OC(=O)CCCCCCC/C=C/CCCCCCCC,5.0,β-sitosterol,CCC(CCC(C)C1CCC2C1(CCC3C2CC=C4C3(CCC(C4)O)C)C)C(C)C,38.5,DMPE-PEG,CCCCCCCCCCCCCC(OCC(OC(CCCCCCCCCCCCC)=O)COP(OCCNC(OCCO)=O)(O)=O)=O,1.5,L-Glu-UC12,CCCCCCCCCCCCNC(=O)N[C@H](C(OCC)=O)CCC(=O)OCC,5.0,63.25926858,29.29324853,18.44527363,39.83288223,272030,291689,35503,34597,281859.5,35050.0,0.435438409208706,0.1396539530436,,100
56,2-F9,SM102,OCCN(CCCCCCCC(OC(CCCCCCCC)CCCCCCCC)=O)CCCCCC(OCCCCCCCCCCC)=O,50.0,DOPC,CCCCCCCC/C=C\CCCCCCCC(=O)OCC(COP(=O)([O-])OCC[N+](C)(C)C)OC(=O)CCCCCCC/C=C\CCCCCCCC,5.0,β-sitosterol,CCC(CCC(C)C1CCC2C1(CCC3C2CC=C4C3(CCC(C4)O)C)C)C(C)C,38.5,DMG-PEG,CCCCCCCCCCCCCC(=O)OCC(COCCO)OC(=O)CCCCCCCCCCCCC,1.5,L-Tyr-UC18,C(CCCCCC)CCCCCCCCCCCNC(=O)N[C@@H](C(=O)OCC)CC1=CC=C(O)C=C1,5.0,71.38101065,63.78170862,33.08962561,37.03210481,292259,369698,47662,46099,330978.5,46880.5,0.511321248786306,0.186791644669343,,100
457,6-F29,SM102,OCCN(CCCCCCCC(OC(CCCCCCCC)CCCCCCCC)=O)CCCCCC(OCCCCCCCCCCC)=O,48.5436893203884,DOPE,CCCCCCCC/C=C/CCCCCCCC(=O)OCC(COP(=O)([O-])OCC[NH3+])OC(=O)CCCCCCC/C=C/CCCCCCCC,9.70873786407767,β-sitosterol,CCC(CCC(C)C1CCC2C1(CCC3C2CC=C4C3(CCC(C4)O)C)C)C(C)C,37.378640776699,DMG-PEG,CCCCCCCCCCCCCC(=O)OCC(COCCO)OC(=O)CCCCCCCCCCCCC,1.45631067961165,L-Tyr-UC18,C(CCCCCC)CCCCCCCCCCCNC(=O)N[C@@H](C(=O)OCC)CC1=CC=C(O)C=C1,2.9126213592233,93.6226799456768,96.7035456708077,38.6974916893321,37.4646333182435,1837425,2197053,1066377,988050,2017239.0,1027213.5,0.681246151136663,1.64079425410093,,100
33,1-F34,SM102,OCCN(CCCCCCCC(OC(CCCCCCCC)CCCCCCCC)=O)CCCCCC(OCCCCCCCCCCC)=O,50.0,DSPC,CCCCCCCCCCCCCCCCCC(=O)OCC(COP(=O)([O-])OCC[N+](C)(C)C)OC(=O)CCCCCCCCCCCCCCCCC,5.0,β-sitosterol,CCC(CCC(C)C1CCC2C1(CCC3C2CC=C4C3(CCC(C4)O)C)C)C(C)C,38.5,DSPE-PEG,CCCCCCCCCCCCCCCCCC(OCC(OC(CCCCCCCCCCCCCCCCC)=O)COP(OCCNC(OCCO)=O)(O)=O)=O,1.5,L-Phg-UC12,CCCCCCCCCCCCNC(=O)N[C@H](C(OCC)=O)C1=CC=CC=C1,5.0,85.25571273,74.65108165,42.82877236,48.91285475,27946,27533,5945,6207,27739.5,6076.0,0.438028991915109,0.374853476463693,,100
418,5-F85,SM102,OCCN(CCCCCCCC(OC(CCCCCCCC)CCCCCCCC)=O)CCCCCC(OCCCCCCCCCCC)=O,49.2222878519394,DSPC,CCCCCCCCCCCCCCCCCC(=O)OCC(COP(=O)([O-])OCC[N+](C)(C)C)OC(=O)CCCCCCCCCCCCCCCCC,9.84445757038787,Cholesterol,CC(C)CCCC(C)C1CCC2C1(CCC3C2CC=C4C3(CCC(C4)O)C)C,37.9011616459933,DMG-PEG,CCCCCCCCCCCCCC(=O)OCC(COCCO)OC(=O)CCCCCCCCCCCCC,1.47666863555818,RC-DOPE,CCCCCCCC/C=C\CCCCCCCC(=O)OC[C@]([H])(OC(=O)CCCCCCC/C=C\CCCCCCCC)COP(=O)(OCCNC(=O)CCSSCC(C(=O)O)NC(=O)C(CCCNC(=N)N)N)O,1.55542429612128,81.2788293303642,80.0312825860271,53.4029136768863,54.2353710478412,60530,58776,63243,64298,59653.0,63770.5,0.435261326075695,1.72578921018091,,100
120,2-F73,SM102,OCCN(CCCCCCCC(OC(CCCCCCCC)CCCCCCCC)=O)CCCCCC(OCCCCCCCCCCC)=O,50.0,DOPE,CCCCCCCC/C=C/CCCCCCCC(=O)OCC(COP(=O)([O-])OCC[NH3+])OC(=O)CCCCCCC/C=C/CCCCCCCC,10.0,β-sitosterol,CCC(CCC(C)C1CCC2C1(CCC3C2CC=C4C3(CCC(C4)O)C)C)C(C)C,38.5,DMPE-PEG,CCCCCCCCCCCCCC(OCC(OC(CCCCCCCCCCCCC)=O)COP(OCCNC(OCCO)=O)(O)=O)=O,1.5,,,,75.66576042,49.50557016,17.12121212,26.16856104,1562114,1372553,140551,128845,1467333.5,134698.0,2.26685055858909,0.53669352830433,,100
399,5-F66,ALC0315,OCCCCN(CCCCCCOC(C(CCCCCC)CCCCCCCC)=O)CCCCCCOC(C(CCCCCC)CCCCCCCC)=O,45.0581395348837,DOPE,CCCCCCCC/C=C/CCCCCCCC(=O)OCC(COP(=O)([O-])OCC[NH3+])OC(=O)CCCCCCC/C=C/CCCCCCCC,9.10852713178295,Cholesterol,CC(C)CCCC(C)C1CCC2C1(CCC3C2CC=C4C3(CCC(C4)O)C)C,41.3759689922481,DMG-PEG,CCCCCCCCCCCCCC(=O)OCC(COCCO)OC(=O)CCCCCCCCCCCCC,1.55038759689923,4RC-DOPE,CCCCCCCC/C=C\CCCCCCCC(=O)OC[C@]([H])(OC(=O)CCCCCCC/C=C\CCCCCCCC)COP(=O)(OCCNC(=O)CCSSCC(C(=O)O)NC(=O)C(CCCNC(=N)N)NC(=O)C(CCCNC(N)=N)NC(=O)C(CCCNC(=N)N)NC(=O)C(CCCNC(N)=N)N)O,2.90697674418605,84.8250513150986,86.6782728097492,99.46539110861,97.3387751205308,91896,95911,182668,82481,93903.5,132574.5,0.685171943291184,3.58779751836867,,100
297,4-F58,SM102,OCCN(CCCCCCCC(OC(CCCCCCCC)CCCCCCCC)=O)CCCCCC(OCCCCCCCCCCC)=O,40.8932038834952,DOPE,CCCCCCCC/C=C/CCCCCCCC(=O)OCC(COP(=O)([O-])OCC[NH3+])OC(=O)CCCCCCC/C=C/CCCCCCCC,35.4757281553398,Cholesterol,CC(C)CCCC(C)C1CCC2C1(CCC3C2CC=C4C3(CCC(C4)O)C)C,19.4757281553398,DMPE-PEG,CCCCCCCCCCCCCC(OCC(OC(CCCCCCCCCCCCC)=O)COP(OCCNC(OCCO)=O)(O)=O)=O,1.24271844660194,L-Tyr-UC18,C(CCCCCC)CCCCCCCCCCCNC(=O)N[C@@H](C(=O)OCC)CC1=CC=C(O)C=C1,2.9126213592233,73.3719015490433,66.5821519122951,37.0307845084409,40.807018055171,16908,17604,4293,3100,17256.0,3696.5,0.387005618040526,0.738782852003598,,100
91,2-F44,SM102,OCCN(CCCCCCCC(OC(CCCCCCCC)CCCCCCCC)=O)CCCCCC(OCCCCCCCCCCC)=O,50.0,DOPC,CCCCCCCC/C=C\CCCCCCCC(=O)OCC(COP(=O)([O-])OCC[N+](C)(C)C)OC(=O)CCCCCCC/C=C\CCCCCCCC,5.0,β-sitosterol,CCC(CCC(C)C1CCC2C1(CCC3C2CC=C4C3(CCC(C4)O)C)C)C(C)C,38.5,DMPE-PEG,CCCCCCCCCCCCCC(OCC(OC(CCCCCCCCCCCCC)=O)COP(OCCNC(OCCO)=O)(O)=O)=O,1.5,L-Leu-UC12,CCCCCCCCCCCCNC(=O)N[C@@H](C(=O)OCC)CC(C)C,5.0,69.35979978,77.91525343,44.92494147,39.991976,378456,480167,33659,38882,429311.5,36270.5,0.663233691307206,0.144516938769412,,100
279,4-F40,SM102,OCCN(CCCCCCCC(OC(CCCCCCCC)CCCCCCCC)=O)CCCCCC(OCCCCCCCCCCC)=O,44.0754716981132,DOPE,CCCCCCCC/C=C/CCCCCCCC(=O)OCC(COP(=O)([O-])OCC[NH3+])OC(=O)CCCCCCC/C=C/CCCCCCCC,10.9056603773585,Cholesterol,CC(C)CCCC(C)C1CCC2C1(CCC3C2CC=C4C3(CCC(C4)O)C)C,34.4433962264151,DMPE-PEG,CCCCCCCCCCCCCC(OCC(OC(CCCCCCCCCCCCC)=O)COP(OCCNC(OCCO)=O)(O)=O)=O,4.91509433962264,L-Tyr-UC18,C(CCCCCC)CCCCCCCCCCCNC(=O)N[C@@H](C(=O)OCC)CC1=CC=C(O)C=C1,5.66037735849057,81.7571537509532,86.7058917070844,66.697247706422,62.8905029190054,10080,11225,13293,8033,10652.5,10663.0,0.238906893032957,2.13110822424303,,100
179,3-F36,SM102,OCCN(CCCCCCCC(OC(CCCCCCCC)CCCCCCCC)=O)CCCCCC(OCCCCCCCCCCC)=O,42.3728813559322,DOPE,CCCCCCCC/C=C/CCCCCCCC(=O)OCC(COP(=O)([O-])OCC[NH3+])OC(=O)CCCCCCC/C=C/CCCCCCCC,8.47457627118644,Cholesterol,CC(C)CCCC(C)C1CCC2C1(CCC3C2CC=C4C3(CCC(C4)O)C)C,32.6271186440678,DMPE-PEG,CCCCCCCCCCCCCC(OCC(OC(CCCCCCCCCCCCC)=O)COP(OCCNC(OCCO)=O)(O)=O)=O,1.27118644067797,L-Met-UC18,C(CCCCCC)CCCCCCCCCCCNC(=O)N[C@@H](C(=O)OCC)CCSC,15.2542372881356,79.31418652,87.4659723,24.1404655,21.89058593,1740839,1547851,655424,575456,1644345.0,615440.0,3.26640657434979,4.26370337527019,,100
161,3-F18,SM102,OCCN(CCCCCCCC(OC(CCCCCCCC)CCCCCCCC)=O)CCCCCC(OCCCCCCCCCCC)=O,42.3728813559322,DOPE,CCCCCCCC/C=C/CCCCCCCC(=O)OCC(COP(=O)([O-])OCC[NH3+])OC(=O)CCCCCCC/C=C/CCCCCCCC,8.47457627118644,Cholesterol,CC(C)CCCC(C)C1CCC2C1(CCC3C2CC=C4C3(CCC(C4)O)C)C,32.6271186440678,DMPE-PEG,CCCCCCCCCCCCCC(OCC(OC(CCCCCCCCCCCCC)=O)COP(OCCNC(OCCO)=O)(O)=O)=O,1.27118644067797,L-Arg-UC18,C(CCCCCC)CCCCCCCCCCCNC(=O)N[C@@H](C(=O)OCC)CCCNC(=N)N,15.2542372881356,88.08716903,87.87474461,32.30380135,32.38189109,1312114,1862939,560544,992426,1587526.5,776485.0,3.15353955316829,5.37940614088566,,100
423,5-F90,SM102,OCCN(CCCCCCCC(OC(CCCCCCCC)CCCCCCCC)=O)CCCCCC(OCCCCCCCCCCC)=O,48.5436893203884,DSPC,CCCCCCCCCCCCCCCCCC(=O)OCC(COP(=O)([O-])OCC[N+](C)(C)C)OC(=O)CCCCCCCCCCCCCCCCC,9.70873786407767,Cholesterol,CC(C)CCCC(C)C1CCC2C1(CCC3C2CC=C4C3(CCC(C4)O)C)C,37.378640776699,DMG-PEG,CCCCCCCCCCCCCC(=O)OCC(COCCO)OC(=O)CCCCCCCCCCCCC,1.45631067961165,4RC-DOPE,CCCCCCCC/C=C\CCCCCCCC(=O)OC[C@]([H])(OC(=O)CCCCCCC/C=C\CCCCCCCC)COP(=O)(OCCNC(=O)CCSSCC(C(=O)O)NC(=O)C(CCCNC(=N)N)NC(=O)C(CCCNC(N)=N)NC(=O)C(CCCNC(=N)N)NC(=O)C(CCCNC(N)=N)N)O,2.9126213592233,78.3773491924826,87.3218917670469,70.2343526721921,63.0401182716215,84526,67430,92648,53596,75978.0,73122.0,0.554377567474882,1.97886418683951,,100
415,5-F82,ALC0315,OCCCCN(CCCCCCOC(C(CCCCCC)CCCCCCCC)=O)CCCCCCOC(C(CCCCCC)CCCCCCCC)=O,45.0581395348837,DOPE,CCCCCCCC/C=C/CCCCCCCC(=O)OCC(COP(=O)([O-])OCC[NH3+])OC(=O)CCCCCCC/C=C/CCCCCCCC,9.10852713178295,Cholesterol,CC(C)CCCC(C)C1CCC2C1(CCC3C2CC=C4C3(CCC(C4)O)C)C,41.3759689922481,DSPE-PEG,CCCCCCCCCCCCCCCCCC(OCC(OC(CCCCCCCCCCCCCCCCC)=O)COP(OCCNC(OCCO)=O)(O)=O)=O,1.55038759689923,DOPE-DC-Ome,CCCCCCCC/C=C\CCCCCCCC(=O)OC[C@]([H])(OC(=O)CCCCCCC/C=C\CCCCCCCC)COP(=O)(OCCNC(=O)CCSSCC(C(=O)OC)NC(=O)C(CO)NC(=O)C(CO)NC(=O)C(CC(=O)OC)N)O,2.90697674418605,89.3017371990056,86.8518053112172,68.3083511777302,70.2352058602886,139,1013,141,403,576.0,272.0,0.004202815010471,0.007361000230031,,100
328,4-F89,SM102,OCCN(CCCCCCCC(OC(CCCCCCCC)CCCCCCCC)=O)CCCCCC(OCCCCCCCCCCC)=O,26.4757281553398,DOPE,CCCCCCCC/C=C/CCCCCCCC(=O)OCC(COP(=O)([O-])OCC[NH3+])OC(=O)CCCCCCC/C=C/CCCCCCCC,39.9029126213592,Cholesterol,CC(C)CCCC(C)C1CCC2C1(CCC3C2CC=C4C3(CCC(C4)O)C)C,29.631067961165,DMPE-PEG,CCCCCCCCCCCCCC(OCC(OC(CCCCCCCCCCCCC)=O)COP(OCCNC(OCCO)=O)(O)=O)=O,1.07766990291262,L-Tyr-UC18,C(CCCCCC)CCCCCCCCCCCNC(=O)N[C@@H](C(=O)OCC)CC1=CC=C(O)C=C1,2.9126213592233,80.0442426359297,82.7124500593888,47.7506493506493,46.2102689486552,9035,9206,6542,6000,9120.5,6271.0,0.204548257958891,1.25332267412811,,100
269,4-F30,SM102,OCCN(CCCCCCCC(OC(CCCCCCCC)CCCCCCCC)=O)CCCCCC(OCCCCCCCCCCC)=O,39.1792452830189,DOPE,CCCCCCCC/C=C/CCCCCCCC(=O)OCC(COP(=O)([O-])OCC[NH3+])OC(=O)CCCCCCC/C=C/CCCCCCCC,6.4811320754717,Cholesterol,CC(C)CCCC(C)C1CCC2C1(CCC3C2CC=C4C3(CCC(C4)O)C)C,44.4528301886792,DMPE-PEG,CCCCCCCCCCCCCC(OCC(OC(CCCCCCCCCCCCC)=O)COP(OCCNC(OCCO)=O)(O)=O)=O,4.22641509433962,L-Tyr-UC18,C(CCCCCC)CCCCCCCCCCCNC(=O)N[C@@H](C(=O)OCC)CC1=CC=C(O)C=C1,5.66037735849057,79.9287103927731,78.3050020638673,71.0382978723404,72.5113260683237,10863,9166,27015,19636,10014.5,23325.5,0.224598270854593,4.66183671429999,,100
1,1-F2,SM102,OCCN(CCCCCCCC(OC(CCCCCCCC)CCCCCCCC)=O)CCCCCC(OCCCCCCCCCCC)=O,50.0,DSPC,CCCCCCCCCCCCCCCCCC(=O)OCC(COP(=O)([O-])OCC[N+](C)(C)C)OC(=O)CCCCCCCCCCCCCCCCC,5.0,Cholesterol,CC(C)CCCC(C)C1CCC2C1(CCC3C2CC=C4C3(CCC(C4)O)C)C,38.5,DMG-PEG,CCCCCCCCCCCCCC(=O)OCC(COCCO)OC(=O)CCCCCCCCCCCCC,1.5,L-His-UC12,CCCCCCCCCCCCNC(=O)N[C@H](C(OCC)=O)CC1=CN=CN1,5.0,72.76788691,83.41013825,55.43984231,48.36630486,127401,154061,30302,29429,140731.0,29865.5,2.22225555836281,1.84252575729533,,100
237,3-F94,ALC0315,OCCCCN(CCCCCCOC(C(CCCCCC)CCCCCCCC)=O)CCCCCCOC(C(CCCCCC)CCCCCCCC)=O,44.6428571428571,DOPE,CCCCCCCC/C=C/CCCCCCCC(=O)OCC(COP(=O)([O-])OCC[NH3+])OC(=O)CCCCCCC/C=C/CCCCCCCC,8.92857142857143,Cholesterol,CC(C)CCCC(C)C1CCC2C1(CCC3C2CC=C4C3(CCC(C4)O)C)C,34.375,DMPE-PEG,CCCCCCCCCCCCCC(OCC(OC(CCCCCCCCCCCCC)=O)COP(OCCNC(OCCO)=O)(O)=O)=O,1.33928571428571,L-His-UC18,C(CCCCCC)CCCCCCCCCCCNC(=O)N[C@H](C(OCC)=O)CC1=CN=CN1,10.7142857142857,88.59674569,73.50134795,36.11400506,43.53094755,2383879,194185,607180,538297,1289032.0,572738.5,2.56059561670285,3.96787188937538,,100
121,2-F74,SM102,OCCN(CCCCCCCC(OC(CCCCCCCC)CCCCCCCC)=O)CCCCCC(OCCCCCCCCCCC)=O,50.0,DOPE,CCCCCCCC/C=C/CCCCCCCC(=O)OCC(COP(=O)([O-])OCC[NH3+])OC(=O)CCCCCCC/C=C/CCCCCCCC,5.0,β-sitosterol,CCC(CCC(C)C1CCC2C1(CCC3C2CC=C4C3(CCC(C4)O)C)C)C(C)C,38.5,DMPE-PEG,CCCCCCCCCCCCCC(OCC(OC(CCCCCCCCCCCCC)=O)COP(OCCNC(OCCO)=O)(O)=O)=O,1.5,L-His-UC12,CCCCCCCCCCCCNC(=O)N[C@H](C(OCC)=O)CC1=CN=CN1,5.0,68.5007355,56.0126374,20.53323682,25.11115151,512084,527466,29504,30929,519775.0,30216.5,0.802988720076688,0.120395254554691,,100
472,6-F44,SM102,OCCN(CCCCCCCC(OC(CCCCCCCC)CCCCCCCC)=O)CCCCCC(OCCCCCCCCCCC)=O,48.5436893203884,DOPE,CCCCCCCC/C=C/CCCCCCCC(=O)OCC(COP(=O)([O-])OCC[NH3+])OC(=O)CCCCCCC/C=C/CCCCCCCC,9.70873786407767,β-sitosterol,CCC(CCC(C)C1CCC2C1(CCC3C2CC=C4C3(CCC(C4)O)C)C)C(C)C,37.378640776699,DMG-PEG,CCCCCCCCCCCCCC(=O)OCC(COCCO)OC(=O)CCCCCCCCCCCCC,1.45631067961165,L-PyC3His,C1=CC2=CC=CC3=C2C2=C(C=C3)C(CCCC(NC(C(OC)=O)CC3N=CNC=3)=O)=CC=C12,2.9126213592233,96.3794837412001,95.7161034921533,39.2463768115942,39.5183819421164,70455,356227,37497,82411,213341.0,59954.0,0.072047851112162,0.095766049327007,,100
29,1-F30,SM102,OCCN(CCCCCCCC(OC(CCCCCCCC)CCCCCCCC)=O)CCCCCC(OCCCCCCCCCCC)=O,50.0,DOPC,CCCCCCCC/C=C\CCCCCCCC(=O)OCC(COP(=O)([O-])OCC[N+](C)(C)C)OC(=O)CCCCCCC/C=C\CCCCCCCC,5.0,β-sitosterol,CCC(CCC(C)C1CCC2C1(CCC3C2CC=C4C3(CCC(C4)O)C)C)C(C)C,38.5,DMPE-PEG,CCCCCCCCCCCCCC(OCC(OC(CCCCCCCCCCCCC)=O)COP(OCCNC(OCCO)=O)(O)=O)=O,1.5,L-Phe-UC12,CCCCCCCCCCCCNC(=O)N[C@H](C(OCC)=O)CC1=CC=CC=C1,5.0,80.00833565,79.94897193,43.66451879,43.69694057,493184,602356,6678,9586,547770.0,8132.0,8.6497283981809,0.501696588315134,,100
283,4-F44,SM102,OCCN(CCCCCCCC(OC(CCCCCCCC)CCCCCCCC)=O)CCCCCC(OCCCCCCCCCCC)=O,55.4905660377358,DOPE,CCCCCCCC/C=C/CCCCCCCC(=O)OCC(COP(=O)([O-])OCC[NH3+])OC(=O)CCCCCCC/C=C/CCCCCCCC,9.23584905660377,Cholesterol,CC(C)CCCC(C)C1CCC2C1(CCC3C2CC=C4C3(CCC(C4)O)C)C,24.8679245283019,DMPE-PEG,CCCCCCCCCCCCCC(OCC(OC(CCCCCCCCCCCCC)=O)COP(OCCNC(OCCO)=O)(O)=O)=O,4.74528301886793,L-Tyr-UC18,C(CCCCCC)CCCCCCCCCCCNC(=O)N[C@@H](C(=O)OCC)CC1=CC=C(O)C=C1,5.66037735849057,75.6765454043949,75.314437777722,60.747190442442,61.0392595543841,3658,4320,3014,3435,3989.0,3224.5,0.089462529576012,0.644448885779954,,100
483,6-F56,ALC0315,OCCCCN(CCCCCCOC(C(CCCCCC)CCCCCCCC)=O)CCCCCCOC(C(CCCCCC)CCCCCCCC)=O,45.0581395348837,DOPE,CCCCCCCC/C=C/CCCCCCCC(=O)OCC(COP(=O)([O-])OCC[NH3+])OC(=O)CCCCCCC/C=C/CCCCCCCC,9.10852713178295,Cholesterol,CC(C)CCCC(C)C1CCC2C1(CCC3C2CC=C4C3(CCC(C4)O)C)C,41.3759689922481,DMG-PEG,CCCCCCCCCCCCCC(=O)OCC(COCCO)OC(=O)CCCCCCCCCCCCC,1.55038759689923,DC-DOPE,CCCCCCCC/C=C\CCCCCCCC(=O)OC[C@]([H])(OC(=O)CCCCCCC/C=C\CCCCCCCC)COP(=O)(OCCNC(=O)CCSSCC(C(=O)O)NC(=O)C(CC(=O)O)N)O,2.90697674418605,92.5207911890312,51.6812111762191,41.603401153963,74.4792837341725,1203999,1256766,185100,114380,1230382.5,149740.0,0.415515138538817,0.239183511128966,,100
9,1-F10,SM102,OCCN(CCCCCCCC(OC(CCCCCCCC)CCCCCCCC)=O)CCCCCC(OCCCCCCCCCCC)=O,50.0,DOPC,CCCCCCCC/C=C\CCCCCCCC(=O)OCC(COP(=O)([O-])OCC[N+](C)(C)C)OC(=O)CCCCCCC/C=C\CCCCCCCC,5.0,Cholesterol,CC(C)CCCC(C)C1CCC2C1(CCC3C2CC=C4C3(CCC(C4)O)C)C,38.5,DSPE-PEG,CCCCCCCCCCCCCCCCCC(OCC(OC(CCCCCCCCCCCCCCCCC)=O)COP(OCCNC(OCCO)=O)(O)=O)=O,1.5,L-Phg-UC12,CCCCCCCCCCCCNC(=O)N[C@H](C(OCC)=O)C1=CC=CC=C1,5.0,68.94348079,48.72960132,25.94192318,36.70308054,10002,10000,14614,13654,10001.0,14134.0,0.157923825164224,0.871984699858104,,100
448,6-F20,SM102,OCCN(CCCCCCCC(OC(CCCCCCCC)CCCCCCCC)=O)CCCCCC(OCCCCCCCCCCC)=O,48.5436893203884,DOPE,CCCCCCCC/C=C/CCCCCCCC(=O)OCC(COP(=O)([O-])OCC[NH3+])OC(=O)CCCCCCC/C=C/CCCCCCCC,9.70873786407767,Cholesterol,CC(C)CCCC(C)C1CCC2C1(CCC3C2CC=C4C3(CCC(C4)O)C)C,37.378640776699,DMG-PEG,CCCCCCCCCCCCCC(=O)OCC(COCCO)OC(=O)CCCCCCCCCCCCC,1.45631067961165,L-PyC3His,C1=CC2=CC=CC3=C2C2=C(C=C3)C(CCCC(NC(C(OC)=O)CC3N=CNC=3)=O)=CC=C12,2.9126213592233,92.2296705770529,96.0845513601299,51.3458539562004,49.2858750844193,1240285,1736230,58870,295523,1488257.5,177196.5,0.502602663231909,0.283040477025269,,100
263,4-F24,SM102,OCCN(CCCCCCCC(OC(CCCCCCCC)CCCCCCCC)=O)CCCCCC(OCCCCCCCCCCC)=O,20.9433962264151,DOPE,CCCCCCCC/C=C/CCCCCCCC(=O)OCC(COP(=O)([O-])OCC[NH3+])OC(=O)CCCCCCC/C=C/CCCCCCCC,27.3018867924528,Cholesterol,CC(C)CCCC(C)C1CCC2C1(CCC3C2CC=C4C3(CCC(C4)O)C)C,42.7358490566038,DMPE-PEG,CCCCCCCCCCCCCC(OCC(OC(CCCCCCCCCCCCC)=O)COP(OCCNC(OCCO)=O)(O)=O)=O,3.35849056603774,L-Tyr-UC18,C(CCCCCC)CCCCCCCCCCCNC(=O)N[C@@H](C(=O)OCC)CC1=CC=C(O)C=C1,5.66037735849057,79.3973469886649,79.483078265295,70.8637173877816,70.7872830436293,16100,3274,2709,4274,9687.0,3491.5,0.217253327651749,0.697811531927651,,100
164,3-F21,SM102,OCCN(CCCCCCCC(OC(CCCCCCCC)CCCCCCCC)=O)CCCCCC(OCCCCCCCCCCC)=O,45.8715596330275,DOPE,CCCCCCCC/C=C/CCCCCCCC(=O)OCC(COP(=O)([O-])OCC[NH3+])OC(=O)CCCCCCC/C=C/CCCCCCCC,9.1743119266055,Cholesterol,CC(C)CCCC(C)C1CCC2C1(CCC3C2CC=C4C3(CCC(C4)O)C)C,35.3211009174312,DMPE-PEG,CCCCCCCCCCCCCC(OCC(OC(CCCCCCCCCCCCC)=O)COP(OCCNC(OCCO)=O)(O)=O)=O,1.37614678899083,β-CD-UC18,[C@H]12OC3[C@H](O)[C@@H](O)[C@H](OC4[C@H](O)[C@@H](O)[C@H](OC5[C@H](O)[C@@H](O)[C@H](OC6[C@H](O)[C@@H](O)[C@H](OC7[C@H](O)[C@@H](O)[C@H](OC8[C@H](O)[C@@H](O)[C@H](OC([C@@H](O)[C@@H]1O)O[C@@H]2CNC(=O)NCCCCCCCCCCCCCCCCCC)CO8)CO7)CO6)CO5)CO4)CO3,8.25688073394496,73.07314142,87.77031835,53.01812745,44.14021959,1057685,1036484,360583,356679,1047084.5,358631.0,2.0799793806651,2.48455772321676,,100
63,2-F16,SM102,OCCN(CCCCCCCC(OC(CCCCCCCC)CCCCCCCC)=O)CCCCCC(OCCCCCCCCCCC)=O,50.0,DOPC,CCCCCCCC/C=C\CCCCCCCC(=O)OCC(COP(=O)([O-])OCC[N+](C)(C)C)OC(=O)CCCCCCC/C=C\CCCCCCCC,5.0,β-sitosterol,CCC(CCC(C)C1CCC2C1(CCC3C2CC=C4C3(CCC(C4)O)C)C)C(C)C,38.5,DMG-PEG,CCCCCCCCCCCCCC(=O)OCC(COCCO)OC(=O)CCCCCCCCCCCCC,1.5,L-Glu-UC12,CCCCCCCCCCCCNC(=O)N[C@H](C(OCC)=O)CCC(=O)OCC,5.0,70.48980533,74.40487454,45.93457944,43.51757304,259725,151132,372,13633,205428.5,7002.5,0.317361874430809,0.027900907451863,,100
342,5-F7,ALC0315,OCCCCN(CCCCCCOC(C(CCCCCC)CCCCCCCC)=O)CCCCCCOC(C(CCCCCC)CCCCCCCC)=O,46.4071856287425,DOPE,CCCCCCCC/C=C/CCCCCCCC(=O)OCC(COP(=O)([O-])OCC[NH3+])OC(=O)CCCCCCC/C=C/CCCCCCCC,9.3812375249501,Cholesterol,CC(C)CCCC(C)C1CCC2C1(CCC3C2CC=C4C3(CCC(C4)O)C)C,42.6147704590819,DMG-PEG,CCCCCCCCCCCCCC(=O)OCC(COCCO)OC(=O)CCCCCCCCCCCCC,1.59680638722555,,,,88.6375928719861,89.0657855211775,80.9393817743878,80.5502576219078,110524,103658,69357,65305,107091.0,67331.0,0.78139524702483,1.82214524444204,,100
360,5-F25,ALC0315,OCCCCN(CCCCCCOC(C(CCCCCC)CCCCCCCC)=O)CCCCCCOC(C(CCCCCC)CCCCCCCC)=O,45.6867753979171,DOPC,CCCCCCCC/C=C\CCCCCCCC(=O)OCC(COP(=O)([O-])OCC[N+](C)(C)C)OC(=O)CCCCCCC/C=C\CCCCCCCC,9.23560620947141,Cholesterol,CC(C)CCCC(C)C1CCC2C1(CCC3C2CC=C4C3(CCC(C4)O)C)C,41.9532324621733,DMPE-PEG,CCCCCCCCCCCCCC(OCC(OC(CCCCCCCCCCCCC)=O)COP(OCCNC(OCCO)=O)(O)=O)=O,1.5720180782079,RC-DOPE,CCCCCCCC/C=C\CCCCCCCC(=O)OC[C@]([H])(OC(=O)CCCCCCC/C=C\CCCCCCCC)COP(=O)(OCCNC(=O)CCSSCC(C(=O)O)NC(=O)C(CCCNC(=N)N)N)O,1.5523678522303,86.2131713028893,80.0207160725453,75.1491236120033,80.9645874869458,122941,83136,29081,42541,103038.5,35811.0,0.751825962597865,0.969135217785476,,100
339,5-F4,ALC0315,OCCCCN(CCCCCCOC(C(CCCCCC)CCCCCCCC)=O)CCCCCCOC(C(CCCCCC)CCCCCCCC)=O,46.4071856287425,DSPC,CCCCCCCCCCCCCCCCCC(=O)OCC(COP(=O)([O-])OCC[N+](C)(C)C)OC(=O)CCCCCCCCCCCCCCCCC,9.3812375249501,Cholesterol,CC(C)CCCC(C)C1CCC2C1(CCC3C2CC=C4C3(CCC(C4)O)C)C,42.6147704590819,DMPE-PEG,CCCCCCCCCCCCCC(OCC(OC(CCCCCCCCCCCCC)=O)COP(OCCNC(OCCO)=O)(O)=O)=O,1.59680638722555,,,,85.5525434539946,59.0767353579176,49.9820775682844,72.38202715798,43795,33544,29919,24252,38669.5,27085.5,0.282154088623943,0.733001366656293,,100
338,5-F3,SM102,OCCN(CCCCCCCC(OC(CCCCCCCC)CCCCCCCC)=O)CCCCCC(OCCCCCCCCCCC)=O,50.0,DOPC,CCCCCCCC/C=C\CCCCCCCC(=O)OCC(COP(=O)([O-])OCC[N+](C)(C)C)OC(=O)CCCCCCC/C=C\CCCCCCCC,10.0,Cholesterol,CC(C)CCCC(C)C1CCC2C1(CCC3C2CC=C4C3(CCC(C4)O)C)C,38.5,DMG-PEG,CCCCCCCCCCCCCC(=O)OCC(COCCO)OC(=O)CCCCCCCCCCCCC,1.5,,,,86.3415470113718,86.8081880212282,43.8293046005529,43.5936983584885,50898,51585,53629,46113,51241.5,49871.0,0.373886363470533,1.34963397967606,,100
298,4-F59,SM102,OCCN(CCCCCCCC(OC(CCCCCCCC)CCCCCCCC)=O)CCCCCC(OCCCCCCCCCCC)=O,23.7184466019417,DOPE,CCCCCCCC/C=C/CCCCCCCC(=O)OCC(COP(=O)([O-])OCC[NH3+])OC(=O)CCCCCCC/C=C/CCCCCCCC,38.0291262135922,Cholesterol,CC(C)CCCC(C)C1CCC2C1(CCC3C2CC=C4C3(CCC(C4)O)C)C,31.873786407767,DMPE-PEG,CCCCCCCCCCCCCC(OCC(OC(CCCCCCCCCCCCC)=O)COP(OCCNC(OCCO)=O)(O)=O)=O,3.46601941747573,L-Tyr-UC18,C(CCCCCC)CCCCCCCCCCCNC(=O)N[C@@H](C(=O)OCC)CC1=CC=C(O)C=C1,2.9126213592233,77.9922172308221,69.9859521451765,55.7461249197469,62.123379781968,23107,26005,11256,8634,24556.0,9945.0,0.550724962714601,1.98760867392825,,100
357,5-F22,ALC0315,OCCCCN(CCCCCCOC(C(CCCCCC)CCCCCCCC)=O)CCCCCCOC(C(CCCCCC)CCCCCCCC)=O,45.0581395348837,DOPE,CCCCCCCC/C=C/CCCCCCCC(=O)OCC(COP(=O)([O-])OCC[NH3+])OC(=O)CCCCCCC/C=C/CCCCCCCC,9.10852713178295,Cholesterol,CC(C)CCCC(C)C1CCC2C1(CCC3C2CC=C4C3(CCC(C4)O)C)C,41.3759689922481,DMPE-PEG,CCCCCCCCCCCCCC(OCC(OC(CCCCCCCCCCCCC)=O)COP(OCCNC(OCCO)=O)(O)=O)=O,1.55038759689923,DOPE-DC-Ome,CCCCCCCC/C=C\CCCCCCCC(=O)OC[C@]([H])(OC(=O)CCCCCCC/C=C\CCCCCCCC)COP(=O)(OCCNC(=O)CCSSCC(C(=O)OC)NC(=O)C(CO)NC(=O)C(CO)NC(=O)C(CC(=O)OC)N)O,2.90697674418605,93.4408339675201,85.6535922919354,52.047637341529,56.7795758367675,148220,434485,115293,146266,291352.5,130779.5,2.12586920197591,3.53922032935064,,100
166,3-F23,SM102,OCCN(CCCCCCCC(OC(CCCCCCCC)CCCCCCCC)=O)CCCCCC(OCCCCCCCCCCC)=O,43.4782608695652,DOPE,CCCCCCCC/C=C/CCCCCCCC(=O)OCC(COP(=O)([O-])OCC[NH3+])OC(=O)CCCCCCC/C=C/CCCCCCCC,8.69565217391304,Cholesterol,CC(C)CCCC(C)C1CCC2C1(CCC3C2CC=C4C3(CCC(C4)O)C)C,33.4782608695652,DMPE-PEG,CCCCCCCCCCCCCC(OCC(OC(CCCCCCCCCCCCC)=O)COP(OCCNC(OCCO)=O)(O)=O)=O,1.30434782608696,β-CD-UC18,[C@H]12OC3[C@H](O)[C@@H](O)[C@H](OC4[C@H](O)[C@@H](O)[C@H](OC5[C@H](O)[C@@H](O)[C@H](OC6[C@H](O)[C@@H](O)[C@H](OC7[C@H](O)[C@@H](O)[C@H](OC8[C@H](O)[C@@H](O)[C@H](OC([C@@H](O)[C@@H]1O)O[C@@H]2CNC(=O)NCCCCCCCCCCCCCCCCCC)CO8)CO7)CO6)CO5)CO4)CO3,13.0434782608696,81.96708501,81.12754046,50.84374106,51.36989513,365754,52354,398665,240879,209054.0,319772.0,0.415274993990994,2.21534667183949,,100
130,2-F83,SM102,OCCN(CCCCCCCC(OC(CCCCCCCC)CCCCCCCC)=O)CCCCCC(OCCCCCCCCCCC)=O,50.0,DOPE,CCCCCCCC/C=C/CCCCCCCC(=O)OCC(COP(=O)([O-])OCC[NH3+])OC(=O)CCCCCCC/C=C/CCCCCCCC,5.0,β-sitosterol,CCC(CCC(C)C1CCC2C1(CCC3C2CC=C4C3(CCC(C4)O)C)C)C(C)C,38.5,DMPE-PEG,CCCCCCCCCCCCCC(OCC(OC(CCCCCCCCCCCCC)=O)COP(OCCNC(OCCO)=O)(O)=O)=O,1.5,L-Phg-UC18,C(CCCCCC)CCCCCCCCCCCNC(=O)N[C@H](C(OCC)=O)C1=CC=CC=C1,5.0,77.45667766,63.38068507,24.92959333,30.4661187,694290,722802,206281,206611,708546.0,206446.0,1.09461679698996,0.822567760058173,,100
356,5-F21,ALC0315,OCCCCN(CCCCCCOC(C(CCCCCC)CCCCCCCC)=O)CCCCCCOC(C(CCCCCC)CCCCCCCC)=O,45.0581395348837,DOPE,CCCCCCCC/C=C/CCCCCCCC(=O)OCC(COP(=O)([O-])OCC[NH3+])OC(=O)CCCCCCC/C=C/CCCCCCCC,9.10852713178295,Cholesterol,CC(C)CCCC(C)C1CCC2C1(CCC3C2CC=C4C3(CCC(C4)O)C)C,41.3759689922481,DMPE-PEG,CCCCCCCCCCCCCC(OCC(OC(CCCCCCCCCCCCC)=O)COP(OCCNC(OCCO)=O)(O)=O)=O,1.55038759689923,DOPE-D-OMe,CCCCCCCC/C=C\CCCCCCCC(=O)OC[C@]([H])(OC(=O)CCCCCCC/C=C\CCCCCCCC)COP(=O)(OCCNC(=O)CCSSCC(C(=O)O)NC(=O)C(CO)NC(=O)C(CO)NC(=O)C(CC(=O)OC)N)O,2.90697674418605,91.7273716821569,92.3691750867139,74.5473908413205,74.0294175109548,111938,240707,43984,65860,176322.5,54922.0,1.28654661403419,1.48632667144771,,100
214,3-F71,ALC0315,OCCCCN(CCCCCCOC(C(CCCCCC)CCCCCCCC)=O)CCCCCCOC(C(CCCCCC)CCCCCCCC)=O,43.4782608695652,DOPE,CCCCCCCC/C=C/CCCCCCCC(=O)OCC(COP(=O)([O-])OCC[NH3+])OC(=O)CCCCCCC/C=C/CCCCCCCC,8.69565217391304,Cholesterol,CC(C)CCCC(C)C1CCC2C1(CCC3C2CC=C4C3(CCC(C4)O)C)C,33.4782608695652,DMPE-PEG,CCCCCCCCCCCCCC(OCC(OC(CCCCCCCCCCCCC)=O)COP(OCCNC(OCCO)=O)(O)=O)=O,1.30434782608696,β-CD-UC18,[C@H]12OC3[C@H](O)[C@@H](O)[C@H](OC4[C@H](O)[C@@H](O)[C@H](OC5[C@H](O)[C@@H](O)[C@H](OC6[C@H](O)[C@@H](O)[C@H](OC7[C@H](O)[C@@H](O)[C@H](OC8[C@H](O)[C@@H](O)[C@H](OC([C@@H](O)[C@@H]1O)O[C@@H]2CNC(=O)NCCCCCCCCCCCCCCCCCC)CO8)CO7)CO6)CO5)CO4)CO3,13.0434782608696,63.24155765,72.14455289,43.85648427,38.44437684,921318,929243,132791,268872,925280.5,200831.5,1.83802201382171,1.39133943911766,,100
69,2-F22,SM102,OCCN(CCCCCCCC(OC(CCCCCCCC)CCCCCCCC)=O)CCCCCC(OCCCCCCCCCCC)=O,50.0,DOPC,CCCCCCCC/C=C\CCCCCCCC(=O)OCC(COP(=O)([O-])OCC[N+](C)(C)C)OC(=O)CCCCCCC/C=C\CCCCCCCC,5.0,β-sitosterol,CCC(CCC(C)C1CCC2C1(CCC3C2CC=C4C3(CCC(C4)O)C)C)C(C)C,38.5,DMG-PEG,CCCCCCCCCCCCCC(=O)OCC(COCCO)OC(=O)CCCCCCCCCCCCC,1.5,β-CD-UC6,[C@H]12OC3[C@H](O)[C@@H](O)[C@H](OC4[C@H](O)[C@@H](O)[C@H](OC5[C@H](O)[C@@H](O)[C@H](OC6[C@H](O)[C@@H](O)[C@H](OC7[C@H](O)[C@@H](O)[C@H](OC8[C@H](O)[C@@H](O)[C@H](OC([C@@H](O)[C@@H]1O)O[C@@H]2CNC(=O)NCCCCCC)CO8)CO7)CO6)CO5)CO4)CO3,5.0,64.0684712,65.21636432,37.946674,37.27876301,193351,116737,23687,22798,155044.0,23242.5,0.239523992334318,0.092607903098883,,100
249,4-F10,SM102,OCCN(CCCCCCCC(OC(CCCCCCCC)CCCCCCCC)=O)CCCCCC(OCCCCCCCCCCC)=O,34.7830188679245,DOPE,CCCCCCCC/C=C/CCCCCCCC(=O)OCC(COP(=O)([O-])OCC[NH3+])OC(=O)CCCCCCC/C=C/CCCCCCCC,16.5849056603774,Cholesterol,CC(C)CCCC(C)C1CCC2C1(CCC3C2CC=C4C3(CCC(C4)O)C)C,38.3490566037736,DMPE-PEG,CCCCCCCCCCCCCC(OCC(OC(CCCCCCCCCCCCC)=O)COP(OCCNC(OCCO)=O)(O)=O)=O,4.62264150943396,L-Tyr-UC18,C(CCCCCC)CCCCCCCCCCCNC(=O)N[C@@H](C(=O)OCC)CC1=CC=C(O)C=C1,5.66037735849057,79.496805214507,79.7739791903471,59.0199725074796,58.8149081418819,25461,26984,10696,12738,26222.5,11717.0,0.588100070646019,2.34176076746278,,100
19,1-F20,SM102,OCCN(CCCCCCCC(OC(CCCCCCCC)CCCCCCCC)=O)CCCCCC(OCCCCCCCCCCC)=O,50.0,DOPC,CCCCCCCC/C=C\CCCCCCCC(=O)OCC(COP(=O)([O-])OCC[N+](C)(C)C)OC(=O)CCCCCCC/C=C\CCCCCCCC,5.0,Cholesterol,CC(C)CCCC(C)C1CCC2C1(CCC3C2CC=C4C3(CCC(C4)O)C)C,38.5,DMG-PEG,CCCCCCCCCCCCCC(=O)OCC(COCCO)OC(=O)CCCCCCCCCCCCC,1.5,L-Leu-UC12,CCCCCCCCCCCCNC(=O)N[C@@H](C(=O)OCC)CC(C)C,5.0,79.60378859,76.82003494,32.89847962,34.09063297,501548,423233,160368,169229,462390.5,164798.5,7.30151749621021,10.1670985255105,,100
13,1-F14,SM102,OCCN(CCCCCCCC(OC(CCCCCCCC)CCCCCCCC)=O)CCCCCC(OCCCCCCCCCCC)=O,50.0,DSPC,CCCCCCCCCCCCCCCCCC(=O)OCC(COP(=O)([O-])OCC[N+](C)(C)C)OC(=O)CCCCCCCCCCCCCCCCC,5.0,Cholesterol,CC(C)CCCC(C)C1CCC2C1(CCC3C2CC=C4C3(CCC(C4)O)C)C,38.5,DMG-PEG,CCCCCCCCCCCCCC(=O)OCC(COCCO)OC(=O)CCCCCCCCCCCCC,1.5,L-Asp-UC12,CCCCCCCCCCCCNC(=O)N[C@H](C(OCC)=O)CC(=O)OCC,5.0,82.25370568,66.69239676,31.73583939,39.14074946,80025,99567,5109,5020,89796.0,5064.5,1.41795098534613,0.312449873527053,,100
35,1-F36,SM102,OCCN(CCCCCCCC(OC(CCCCCCCC)CCCCCCCC)=O)CCCCCC(OCCCCCCCCCCC)=O,50.0,DSPC,CCCCCCCCCCCCCCCCCC(=O)OCC(COP(=O)([O-])OCC[N+](C)(C)C)OC(=O)CCCCCCCCCCCCCCCCC,5.0,β-sitosterol,CCC(CCC(C)C1CCC2C1(CCC3C2CC=C4C3(CCC(C4)O)C)C)C(C)C,38.5,DMPE-PEG,CCCCCCCCCCCCCC(OCC(OC(CCCCCCCCCCCCC)=O)COP(OCCNC(OCCO)=O)(O)=O)=O,1.5,L-Met-UC12,CCCCCCCCCCCCNC(=O)N[C@@H](C(=O)OCC)CCSC,5.0,74.93939647,74.4214876,36.7180005,36.97352587,459139,1093224,157309,239548,776181.5,198428.5,12.2565294972208,12.2418717996175,,100
476,6-F48,SM102,OCCN(CCCCCCCC(OC(CCCCCCCC)CCCCCCCC)=O)CCCCCC(OCCCCCCCCCCC)=O,48.5436893203884,DOPE,CCCCCCCC/C=C/CCCCCCCC(=O)OCC(COP(=O)([O-])OCC[NH3+])OC(=O)CCCCCCC/C=C/CCCCCCCC,9.70873786407767,β-sitosterol,CCC(CCC(C)C1CCC2C1(CCC3C2CC=C4C3(CCC(C4)O)C)C)C(C)C,37.378640776699,DMG-PEG,CCCCCCCCCCCCCC(=O)OCC(COCCO)OC(=O)CCCCCCCCCCCCC,1.45631067961165,L-NIHis,C1=CC=CC2C(/C=N/C3=CC=C(C(=O)NC(C(OC)=O)CC4=CNC=N4)C=C3)=C(O)C=CC1=2,2.9126213592233,92.003287928605,96.4158639243253,47.266539034248,45.1033348990136,100194,513852,108778,229718,307023.0,169248.0,0.103685402205902,0.270344135779052,,100
320,4-F81,SM102,OCCN(CCCCCCCC(OC(CCCCCCCC)CCCCCCCC)=O)CCCCCC(OCCCCCCCCCCC)=O,46.5145631067961,DOPE,CCCCCCCC/C=C/CCCCCCCC(=O)OCC(COP(=O)([O-])OCC[NH3+])OC(=O)CCCCCCC/C=C/CCCCCCCC,8.21359223300971,Cholesterol,CC(C)CCCC(C)C1CCC2C1(CCC3C2CC=C4C3(CCC(C4)O)C)C,39.3398058252427,DMPE-PEG,CCCCCCCCCCCCCC(OCC(OC(CCCCCCCCCCCCC)=O)COP(OCCNC(OCCO)=O)(O)=O)=O,3.01941747572815,L-Tyr-UC18,C(CCCCCC)CCCCCCCCCCCNC(=O)N[C@@H](C(=O)OCC)CC1=CC=C(O)C=C1,2.9126213592233,78.7090281771133,82.4602744960673,59.1210045662101,56.4314979873491,2341,2615,2374,2788,2478.0,2581.0,0.055574867959227,0.515838912761067,,100
209,3-F66,ALC0315,OCCCCN(CCCCCCOC(C(CCCCCC)CCCCCCCC)=O)CCCCCCOC(C(CCCCCC)CCCCCCCC)=O,42.3728813559322,DOPE,CCCCCCCC/C=C/CCCCCCCC(=O)OCC(COP(=O)([O-])OCC[NH3+])OC(=O)CCCCCCC/C=C/CCCCCCCC,8.47457627118644,Cholesterol,CC(C)CCCC(C)C1CCC2C1(CCC3C2CC=C4C3(CCC(C4)O)C)C,32.6271186440678,DMPE-PEG,CCCCCCCCCCCCCC(OCC(OC(CCCCCCCCCCCCC)=O)COP(OCCNC(OCCO)=O)(O)=O)=O,1.27118644067797,L-Arg-UC18,C(CCCCCC)CCCCCCCCCCCNC(=O)N[C@@H](C(=O)OCC)CCCNC(=N)N,15.2542372881356,80.82690841,80.6886411,34.51257862,34.57171905,2778985,2074665,954827,985571,2426825.0,970199.0,4.82076275647533,6.72143629108241,,100
252,4-F13,SM102,OCCN(CCCCCCCC(OC(CCCCCCCC)CCCCCCCC)=O)CCCCCC(OCCCCCCCCCCC)=O,47.3867924528302,DOPE,CCCCCCCC/C=C/CCCCCCCC(=O)OCC(COP(=O)([O-])OCC[NH3+])OC(=O)CCCCCCC/C=C/CCCCCCCC,20.1509433962264,Cholesterol,CC(C)CCCC(C)C1CCC2C1(CCC3C2CC=C4C3(CCC(C4)O)C)C,21.7735849056604,DMPE-PEG,CCCCCCCCCCCCCC(OCC(OC(CCCCCCCCCCCCC)=O)COP(OCCNC(OCCO)=O)(O)=O)=O,5.02830188679245,L-Tyr-UC18,C(CCCCCC)CCCCCCCCCCCNC(=O)N[C@@H](C(=O)OCC)CC1=CC=C(O)C=C1,5.66037735849057,80.9798347458753,73.8416028636771,48.7286745406824,53.439251839847,3992,4267,2810,3006,4129.5,2908.0,0.092613566278301,0.581193164784651,,100
152,3-F9,SM102,OCCN(CCCCCCCC(OC(CCCCCCCC)CCCCCCCC)=O)CCCCCC(OCCCCCCCCCCC)=O,45.8715596330275,DOPE,CCCCCCCC/C=C/CCCCCCCC(=O)OCC(COP(=O)([O-])OCC[NH3+])OC(=O)CCCCCCC/C=C/CCCCCCCC,9.1743119266055,Cholesterol,CC(C)CCCC(C)C1CCC2C1(CCC3C2CC=C4C3(CCC(C4)O)C)C,35.3211009174312,DMPE-PEG,CCCCCCCCCCCCCC(OCC(OC(CCCCCCCCCCCCC)=O)COP(OCCNC(OCCO)=O)(O)=O)=O,1.37614678899083,L-Phg-UC18,C(CCCCCC)CCCCCCCCCCCNC(=O)N[C@H](C(OCC)=O)C1=CC=CC=C1,8.25688073394496,75.87706756,84.37067773,25.40910443,22.85116566,1664945,1560105,402728,415051,1612525.0,408889.5,3.20319778471269,2.83274330765394,,100
139,2-F92,SM102,OCCN(CCCCCCCC(OC(CCCCCCCC)CCCCCCCC)=O)CCCCCC(OCCCCCCCCCCC)=O,50.0,DOPE,CCCCCCCC/C=C/CCCCCCCC(=O)OCC(COP(=O)([O-])OCC[NH3+])OC(=O)CCCCCCC/C=C/CCCCCCCC,5.0,β-sitosterol,CCC(CCC(C)C1CCC2C1(CCC3C2CC=C4C3(CCC(C4)O)C)C)C(C)C,38.5,DMPE-PEG,CCCCCCCCCCCCCC(OCC(OC(CCCCCCCCCCCCC)=O)COP(OCCNC(OCCO)=O)(O)=O)=O,1.5,L-Leu-UC12,CCCCCCCCCCCCNC(=O)N[C@@H](C(=O)OCC)CC(C)C,5.0,73.51100984,85.9206748,48.65345528,41.62635639,812513,413888,117416,197601,613200.5,157508.5,0.947319676100976,0.627580161568268,,100
319,4-F80,SM102,OCCN(CCCCCCCC(OC(CCCCCCCC)CCCCCCCC)=O)CCCCCC(OCCCCCCCCCCC)=O,26.621359223301,DOPE,CCCCCCCC/C=C/CCCCCCCC(=O)OCC(COP(=O)([O-])OCC[NH3+])OC(=O)CCCCCCC/C=C/CCCCCCCC,51.3300970873786,Cholesterol,CC(C)CCCC(C)C1CCC2C1(CCC3C2CC=C4C3(CCC(C4)O)C)C,17.3203883495146,DMPE-PEG,CCCCCCCCCCCCCC(OCC(OC(CCCCCCCCCCCCC)=O)COP(OCCNC(OCCO)=O)(O)=O)=O,1.81553398058252,L-Tyr-UC18,C(CCCCCC)CCCCCCCCCCCNC(=O)N[C@@H](C(=O)OCC)CC1=CC=C(O)C=C1,2.9126213592233,82.1311910976353,83.3926810562069,57.9352997145576,57.0589062719785,6693,8220,2408,3202,7456.5,2805.0,0.167229218296197,0.560607574697712,,100
101,2-F54,SM102,OCCN(CCCCCCCC(OC(CCCCCCCC)CCCCCCCC)=O)CCCCCC(OCCCCCCCCCCC)=O,50.0,DOPE,CCCCCCCC/C=C/CCCCCCCC(=O)OCC(COP(=O)([O-])OCC[NH3+])OC(=O)CCCCCCC/C=C/CCCCCCCC,5.0,β-sitosterol,CCC(CCC(C)C1CCC2C1(CCC3C2CC=C4C3(CCC(C4)O)C)C)C(C)C,38.5,DMPE-PEG,CCCCCCCCCCCCCC(OCC(OC(CCCCCCCCCCCCC)=O)COP(OCCNC(OCCO)=O)(O)=O)=O,1.5,L-Phe-UC12,CCCCCCCCCCCCNC(=O)N[C@H](C(OCC)=O)CC1=CC=CC=C1,5.0,80.99482033,64.82090043,19.76122892,24.69199248,125248,1375572,40330,53568,750410.0,46949.0,1.1592915500606,0.187064577501967,,100
292,4-F53,SM102,OCCN(CCCCCCCC(OC(CCCCCCCC)CCCCCCCC)=O)CCCCCC(OCCCCCCCCCCC)=O,33.0291262135922,DOPE,CCCCCCCC/C=C/CCCCCCCC(=O)OCC(COP(=O)([O-])OCC[NH3+])OC(=O)CCCCCCC/C=C/CCCCCCCC,45.495145631068,Cholesterol,CC(C)CCCC(C)C1CCC2C1(CCC3C2CC=C4C3(CCC(C4)O)C)C,13.0,DMPE-PEG,CCCCCCCCCCCCCC(OCC(OC(CCCCCCCCCCCCC)=O)COP(OCCNC(OCCO)=O)(O)=O)=O,5.5631067961165,L-Tyr-UC18,C(CCCCCC)CCCCCCCCCCCNC(=O)N[C@@H](C(=O)OCC)CC1=CC=C(O)C=C1,2.9126213592233,78.9424638568652,33.3004541438053,27.327150084317,64.7820762001118,5973,5502,4173,3562,5737.5,3867.5,0.128676676721576,0.772958928749875,,100
243,4-F4,SM102,OCCN(CCCCCCCC(OC(CCCCCCCC)CCCCCCCC)=O)CCCCCC(OCCCCCCCCCCC)=O,40.3584905660377,DOPE,CCCCCCCC/C=C/CCCCCCCC(=O)OCC(COP(=O)([O-])OCC[NH3+])OC(=O)CCCCCCC/C=C/CCCCCCCC,25.5849056603774,Cholesterol,CC(C)CCCC(C)C1CCC2C1(CCC3C2CC=C4C3(CCC(C4)O)C)C,23.9433962264151,DMPE-PEG,CCCCCCCCCCCCCC(OCC(OC(CCCCCCCCCCCCC)=O)COP(OCCNC(OCCO)=O)(O)=O)=O,4.45283018867925,L-Tyr-UC18,C(CCCCCC)CCCCCCCCCCCNC(=O)N[C@@H](C(=O)OCC)CC1=CC=C(O)C=C1,5.66037735849057,83.5151208982985,69.1864528837396,44.9065163596371,54.2067556086248,39458,34187,2148,5718,36822.5,3933.0,0.825829530035771,0.786049765164385,,100
83,2-F36,SM102,OCCN(CCCCCCCC(OC(CCCCCCCC)CCCCCCCC)=O)CCCCCC(OCCCCCCCCCCC)=O,50.0,DOPC,CCCCCCCC/C=C\CCCCCCCC(=O)OCC(COP(=O)([O-])OCC[N+](C)(C)C)OC(=O)CCCCCCC/C=C\CCCCCCCC,5.0,β-sitosterol,CCC(CCC(C)C1CCC2C1(CCC3C2CC=C4C3(CCC(C4)O)C)C)C(C)C,38.5,DMPE-PEG,CCCCCCCCCCCCCC(OCC(OC(CCCCCCCCCCCCC)=O)COP(OCCNC(OCCO)=O)(O)=O)=O,1.5,L-Met-UC12,CCCCCCCCCCCCNC(=O)N[C@@H](C(=O)OCC)CCSC,5.0,87.07589367,82.58201379,45.52098559,47.99810902,402244,872214,20151,35005,637229.0,27578.0,0.984440765919384,0.109882359972507,,100
350,5-F15,ALC0315,OCCCCN(CCCCCCOC(C(CCCCCC)CCCCCCCC)=O)CCCCCCOC(C(CCCCCC)CCCCCCCC)=O,45.0581395348837,DOPE,CCCCCCCC/C=C/CCCCCCCC(=O)OCC(COP(=O)([O-])OCC[NH3+])OC(=O)CCCCCCC/C=C/CCCCCCCC,9.10852713178295,Cholesterol,CC(C)CCCC(C)C1CCC2C1(CCC3C2CC=C4C3(CCC(C4)O)C)C,41.3759689922481,DMPE-PEG,CCCCCCCCCCCCCC(OCC(OC(CCCCCCCCCCCCC)=O)COP(OCCNC(OCCO)=O)(O)=O)=O,1.55038759689923,SSC-DOPE,CCCCCCCC/C=C\CCCCCCCC(=O)OC[C@]([H])(OC(=O)CCCCCCC/C=C\CCCCCCCC)COP(=O)(OCCNC(=O)CCSSCC(C(=O)O)NC(=O)C(CO)NC(=O)C(CO)N)O,2.90697674418605,86.34072656028,81.0168421443559,75.5759570413996,80.5423029179068,97399,89739,26509,38787,93569.0,32648.0,0.682731246032499,0.883536527610517,,100
273,4-F34,SM102,OCCN(CCCCCCCC(OC(CCCCCCCC)CCCCCCCC)=O)CCCCCC(OCCCCCCCCCCC)=O,56.7735849056604,DOPE,CCCCCCCC/C=C/CCCCCCCC(=O)OCC(COP(=O)([O-])OCC[NH3+])OC(=O)CCCCCCC/C=C/CCCCCCCC,11.3396226415094,Cholesterol,CC(C)CCCC(C)C1CCC2C1(CCC3C2CC=C4C3(CCC(C4)O)C)C,21.0754716981132,DMPE-PEG,CCCCCCCCCCCCCC(OCC(OC(CCCCCCCCCCCCC)=O)COP(OCCNC(OCCO)=O)(O)=O)=O,5.15094339622642,L-Tyr-UC18,C(CCCCCC)CCCCCCCCCCCNC(=O)N[C@@H](C(=O)OCC)CC1=CC=C(O)C=C1,5.66037735849057,79.2909887734886,89.0612421821785,54.4482301722506,48.4751155670289,2734,2518,2791,2811,2626.0,2801.0,0.058894109467688,0.559808134305986,,100
271,4-F32,SM102,OCCN(CCCCCCCC(OC(CCCCCCCC)CCCCCCCC)=O)CCCCCC(OCCCCCCCCCCC)=O,48.4150943396226,DOPE,CCCCCCCC/C=C/CCCCCCCC(=O)OCC(COP(=O)([O-])OCC[NH3+])OC(=O)CCCCCCC/C=C/CCCCCCCC,7.22641509433962,Cholesterol,CC(C)CCCC(C)C1CCC2C1(CCC3C2CC=C4C3(CCC(C4)O)C)C,35.7358490566038,DMPE-PEG,CCCCCCCCCCCCCC(OCC(OC(CCCCCCCCCCCCC)=O)COP(OCCNC(OCCO)=O)(O)=O)=O,2.9622641509434,L-Tyr-UC18,C(CCCCCC)CCCCCCCCCCCNC(=O)N[C@@H](C(=O)OCC)CC1=CC=C(O)C=C1,5.66037735849057,79.8481649521585,87.5963724134699,70.098452883263,63.8979979935013,8858,9908,8031,8758,9383.0,8394.5,0.210435426174911,1.67772559208554,,100
370,5-F35,ALC0315,OCCCCN(CCCCCCOC(C(CCCCCC)CCCCCCCC)=O)CCCCCCOC(C(CCCCCC)CCCCCCCC)=O,45.0581395348837,DOPC,CCCCCCCC/C=C\CCCCCCCC(=O)OCC(COP(=O)([O-])OCC[N+](C)(C)C)OC(=O)CCCCCCC/C=C\CCCCCCCC,9.10852713178295,Cholesterol,CC(C)CCCC(C)C1CCC2C1(CCC3C2CC=C4C3(CCC(C4)O)C)C,41.3759689922481,DMPE-PEG,CCCCCCCCCCCCCC(OCC(OC(CCCCCCCCCCCCC)=O)COP(OCCNC(OCCO)=O)(O)=O)=O,1.55038759689923,DOPE-C-Ome,CCCCCCCC/C=C\CCCCCCCC(=O)OC[C@]([H])(OC(=O)CCCCCCC/C=C\CCCCCCCC)COP(=O)(OCCNC(=O)CCSSCC(C(=O)OC)NC(=O)C(CO)NC(=O)C(CO)NC(=O)C(CC(=O)O)N)O,2.90697674418605,94.3364587845674,86.4602395231279,70.6858243223226,77.1250506546679,72241,86850,76396,55172,79545.5,65784.0,0.5804080232906,1.78027955563374,,100
465,6-F37,SM102,OCCN(CCCCCCCC(OC(CCCCCCCC)CCCCCCCC)=O)CCCCCC(OCCCCCCCCCCC)=O,48.5436893203884,DOPE,CCCCCCCC/C=C/CCCCCCCC(=O)OCC(COP(=O)([O-])OCC[NH3+])OC(=O)CCCCCCC/C=C/CCCCCCCC,9.70873786407767,β-sitosterol,CCC(CCC(C)C1CCC2C1(CCC3C2CC=C4C3(CCC(C4)O)C)C)C(C)C,37.378640776699,DMG-PEG,CCCCCCCCCCCCCC(=O)OCC(COCCO)OC(=O)CCCCCCCCCCCCC,1.45631067961165,RSSC-DOPE,CCCCCCCC/C=C\CCCCCCCC(=O)OC[C@]([H])(OC(=O)CCCCCCC/C=C\CCCCCCCC)COP(=O)(OCCNC(=O)CCSSCC(C(=O)O)NC(=O)C(CO)NC(=O)C(CO)NC(=O)C(CCCNC(=N)N)N)O,2.9126213592233,85.8475095331239,97.2871002515271,37.3878020713464,32.9915239167803,1712876,1840572,84782,72632,1776724.0,78707.0,0.600021309637647,0.125720693271187,,100
77,2-F30,SM102,OCCN(CCCCCCCC(OC(CCCCCCCC)CCCCCCCC)=O)CCCCCC(OCCCCCCCCCCC)=O,50.0,DOPC,CCCCCCCC/C=C\CCCCCCCC(=O)OCC(COP(=O)([O-])OCC[N+](C)(C)C)OC(=O)CCCCCCC/C=C\CCCCCCCC,5.0,β-sitosterol,CCC(CCC(C)C1CCC2C1(CCC3C2CC=C4C3(CCC(C4)O)C)C)C(C)C,38.5,DMPE-PEG,CCCCCCCCCCCCCC(OCC(OC(CCCCCCCCCCCCC)=O)COP(OCCNC(OCCO)=O)(O)=O)=O,1.5,L-Phe-UC12,CCCCCCCCCCCCNC(=O)N[C@H](C(OCC)=O)CC1=CC=CC=C1,5.0,83.53914305,52.46649558,17.26888785,27.49617782,584672,1051780,12000,18991,818226.0,15495.5,1.26405896488571,0.061740594276379,,100
129,2-F82,SM102,OCCN(CCCCCCCC(OC(CCCCCCCC)CCCCCCCC)=O)CCCCCC(OCCCCCCCCCCC)=O,50.0,DOPE,CCCCCCCC/C=C/CCCCCCCC(=O)OCC(COP(=O)([O-])OCC[NH3+])OC(=O)CCCCCCC/C=C/CCCCCCCC,5.0,β-sitosterol,CCC(CCC(C)C1CCC2C1(CCC3C2CC=C4C3(CCC(C4)O)C)C)C(C)C,38.5,DMPE-PEG,CCCCCCCCCCCCCC(OCC(OC(CCCCCCCCCCCCC)=O)COP(OCCNC(OCCO)=O)(O)=O)=O,1.5,L-Phg-UC12,CCCCCCCCCCCCNC(=O)N[C@H](C(OCC)=O)C1=CC=CC=C1,5.0,81.75039943,66.13770561,24.76557102,30.61181673,742653,768256,51211,44264,755454.5,47737.5,1.16708468477933,0.190206293392834,,100
326,4-F87,SM102,OCCN(CCCCCCCC(OC(CCCCCCCC)CCCCCCCC)=O)CCCCCC(OCCCCCCCCCCC)=O,55.9320388349515,DOPE,CCCCCCCC/C=C/CCCCCCCC(=O)OCC(COP(=O)([O-])OCC[NH3+])OC(=O)CCCCCCC/C=C/CCCCCCCC,26.7184466019417,Cholesterol,CC(C)CCCC(C)C1CCC2C1(CCC3C2CC=C4C3(CCC(C4)O)C)C,11.621359223301,DMPE-PEG,CCCCCCCCCCCCCC(OCC(OC(CCCCCCCCCCCCC)=O)COP(OCCNC(OCCO)=O)(O)=O)=O,2.81553398058252,L-Tyr-UC18,C(CCCCCC)CCCCCCCCCCCNC(=O)N[C@@H](C(=O)OCC)CC1=CC=C(O)C=C1,2.9126213592233,76.5096663432112,80.4273126254551,57.6585365853659,54.8499664103904,1995,1810,541,674,1902.5,607.5,0.042667952498963,0.121415009493355,,100
387,5-F54,ALC0315,OCCCCN(CCCCCCOC(C(CCCCCC)CCCCCCCC)=O)CCCCCCOC(C(CCCCCC)CCCCCCCC)=O,45.0581395348837,DOPE,CCCCCCCC/C=C/CCCCCCCC(=O)OCC(COP(=O)([O-])OCC[NH3+])OC(=O)CCCCCCC/C=C/CCCCCCCC,9.10852713178295,β-sitosterol,CCC(CCC(C)C1CCC2C1(CCC3C2CC=C4C3(CCC(C4)O)C)C)C(C)C,41.3759689922481,DMPE-PEG,CCCCCCCCCCCCCC(OCC(OC(CCCCCCCCCCCCC)=O)COP(OCCNC(OCCO)=O)(O)=O)=O,1.55038759689923,4RC-DOPE,CCCCCCCC/C=C\CCCCCCCC(=O)OC[C@]([H])(OC(=O)CCCCCCC/C=C\CCCCCCCC)COP(=O)(OCCNC(=O)CCSSCC(C(=O)O)NC(=O)C(CCCNC(=N)N)NC(=O)C(CCCNC(N)=N)NC(=O)C(CCCNC(=N)N)NC(=O)C(CCCNC(N)=N)N)O,2.90697674418605,59.8584976105137,46.9558005659089,30.0171526586621,38.2653823178017,23453,51725,25609,11305,37589.0,18457.0,0.274270162202392,0.499492578109143,,100
353,5-F18,ALC0315,OCCCCN(CCCCCCOC(C(CCCCCC)CCCCCCCC)=O)CCCCCCOC(C(CCCCCC)CCCCCCCC)=O,45.0581395348837,DOPE,CCCCCCCC/C=C/CCCCCCCC(=O)OCC(COP(=O)([O-])OCC[NH3+])OC(=O)CCCCCCC/C=C/CCCCCCCC,9.10852713178295,Cholesterol,CC(C)CCCC(C)C1CCC2C1(CCC3C2CC=C4C3(CCC(C4)O)C)C,41.3759689922481,DMPE-PEG,CCCCCCCCCCCCCC(OCC(OC(CCCCCCCCCCCCC)=O)COP(OCCNC(OCCO)=O)(O)=O)=O,1.55038759689923,4RC-DOPE,CCCCCCCC/C=C\CCCCCCCC(=O)OC[C@]([H])(OC(=O)CCCCCCC/C=C\CCCCCCCC)COP(=O)(OCCNC(=O)CCSSCC(C(=O)O)NC(=O)C(CCCNC(=N)N)NC(=O)C(CCCNC(N)=N)NC(=O)C(CCCNC(=N)N)NC(=O)C(CCCNC(N)=N)N)O,2.90697674418605,80.832783761999,89.576965556212,79.0368271954674,71.3215358686891,84328,74504,112491,103866,79416.0,108178.5,0.579463119568628,2.9275807477369,,100
79,2-F32,SM102,OCCN(CCCCCCCC(OC(CCCCCCCC)CCCCCCCC)=O)CCCCCC(OCCCCCCCCCCC)=O,50.0,DOPC,CCCCCCCC/C=C\CCCCCCCC(=O)OCC(COP(=O)([O-])OCC[N+](C)(C)C)OC(=O)CCCCCCC/C=C\CCCCCCCC,5.0,β-sitosterol,CCC(CCC(C)C1CCC2C1(CCC3C2CC=C4C3(CCC(C4)O)C)C)C(C)C,38.5,DMPE-PEG,CCCCCCCCCCCCCC(OCC(OC(CCCCCCCCCCCCC)=O)COP(OCCNC(OCCO)=O)(O)=O)=O,1.5,L-Tyr-UC12,CCCCCCCCCCCCNC(=O)N[C@@H](C(=O)OCC)CC1=CC=C(O)C=C1,5.0,76.57674315,79.99492441,53.2777979,51.00123884,139602,122340,7337,6868,130971.0,7102.5,0.202334155465661,0.028299349543286,,100
107,2-F60,SM102,OCCN(CCCCCCCC(OC(CCCCCCCC)CCCCCCCC)=O)CCCCCC(OCCCCCCCCCCC)=O,50.0,DOPE,CCCCCCCC/C=C/CCCCCCCC(=O)OCC(COP(=O)([O-])OCC[NH3+])OC(=O)CCCCCCC/C=C/CCCCCCCC,5.0,β-sitosterol,CCC(CCC(C)C1CCC2C1(CCC3C2CC=C4C3(CCC(C4)O)C)C)C(C)C,38.5,DMPE-PEG,CCCCCCCCCCCCCC(OCC(OC(CCCCCCCCCCCCC)=O)COP(OCCNC(OCCO)=O)(O)=O)=O,1.5,L-Met-UC12,CCCCCCCCCCCCNC(=O)N[C@@H](C(=O)OCC)CCSC,5.0,73.4895131,78.16413732,46.91057809,44.10508017,989319,1250993,88832,96048,1120156.0,92440.0,1.73050383863445,0.368319869310994,,100
404,5-F71,ALC0315,OCCCCN(CCCCCCOC(C(CCCCCC)CCCCCCCC)=O)CCCCCCOC(C(CCCCCC)CCCCCCCC)=O,45.0581395348837,DOPE,CCCCCCCC/C=C/CCCCCCCC(=O)OCC(COP(=O)([O-])OCC[NH3+])OC(=O)CCCCCCC/C=C/CCCCCCCC,9.10852713178295,Cholesterol,CC(C)CCCC(C)C1CCC2C1(CCC3C2CC=C4C3(CCC(C4)O)C)C,41.3759689922481,DMG-PEG,CCCCCCCCCCCCCC(=O)OCC(COCCO)OC(=O)CCCCCCCCCCCCC,1.55038759689923,DOPE-C-Ome,CCCCCCCC/C=C\CCCCCCCC(=O)OC[C@]([H])(OC(=O)CCCCCCC/C=C\CCCCCCCC)COP(=O)(OCCNC(=O)CCSSCC(C(=O)OC)NC(=O)C(CO)NC(=O)C(CO)NC(=O)C(CC(=O)O)N)O,2.90697674418605,83.1892078865445,86.8561216003397,88.7372322154931,84.990901297881,142022,124431,160224,119600,133226.5,139912.0,0.972094329848013,3.78636861832402,,100
188,3-F45,SM102,OCCN(CCCCCCCC(OC(CCCCCCCC)CCCCCCCC)=O)CCCCCC(OCCCCCCCCCCC)=O,45.8715596330275,DOPE,CCCCCCCC/C=C/CCCCCCCC(=O)OCC(COP(=O)([O-])OCC[NH3+])OC(=O)CCCCCCC/C=C/CCCCCCCC,9.1743119266055,Cholesterol,CC(C)CCCC(C)C1CCC2C1(CCC3C2CC=C4C3(CCC(C4)O)C)C,35.3211009174312,DMPE-PEG,CCCCCCCCCCCCCC(OCC(OC(CCCCCCCCCCCCC)=O)COP(OCCNC(OCCO)=O)(O)=O)=O,1.37614678899083,L-His-UC18,C(CCCCCC)CCCCCCCCCCCNC(=O)N[C@H](C(OCC)=O)CC1=CN=CN1,8.25688073394496,85.60090703,89.21710263,43.19517821,41.44436801,970775,3377460,938556,1094451,2174117.5,1016503.5,4.31877233512974,7.04222898076817,,100
118,2-F71,SM102,OCCN(CCCCCCCC(OC(CCCCCCCC)CCCCCCCC)=O)CCCCCC(OCCCCCCCCCCC)=O,50.0,DOPE,CCCCCCCC/C=C/CCCCCCCC(=O)OCC(COP(=O)([O-])OCC[NH3+])OC(=O)CCCCCCC/C=C/CCCCCCCC,5.0,β-sitosterol,CCC(CCC(C)C1CCC2C1(CCC3C2CC=C4C3(CCC(C4)O)C)C)C(C)C,38.5,DMPE-PEG,CCCCCCCCCCCCCC(OCC(OC(CCCCCCCCCCCCC)=O)COP(OCCNC(OCCO)=O)(O)=O)=O,1.5,β-CD-UC12,[C@H]12OC3[C@H](O)[C@@H](O)[C@H](OC4[C@H](O)[C@@H](O)[C@H](OC5[C@H](O)[C@@H](O)[C@H](OC6[C@H](O)[C@@H](O)[C@H](OC7[C@H](O)[C@@H](O)[C@H](OC8[C@H](O)[C@@H](O)[C@H](OC([C@@H](O)[C@@H]1O)O[C@@H]2CNC(=O)NCCCCCCCCCCCC)CO8)CO7)CO6)CO5)CO4)CO3,5.0,73.90315137,80.63319317,42.70742358,39.14285253,369065,339243,208294,227746,354154.0,218020.0,0.54712455806847,0.868683447719417,,100
287,4-F48,SM102,OCCN(CCCCCCCC(OC(CCCCCCCC)CCCCCCCC)=O)CCCCCC(OCCCCCCCCCCC)=O,48.4622641509434,DOPE,CCCCCCCC/C=C/CCCCCCCC(=O)OCC(COP(=O)([O-])OCC[NH3+])OC(=O)CCCCCCC/C=C/CCCCCCCC,32.5094339622641,Cholesterol,CC(C)CCCC(C)C1CCC2C1(CCC3C2CC=C4C3(CCC(C4)O)C)C,10.188679245283,DMPE-PEG,CCCCCCCCCCCCCC(OCC(OC(CCCCCCCCCCCCC)=O)COP(OCCNC(OCCO)=O)(O)=O)=O,3.17924528301887,L-Tyr-UC18,C(CCCCCC)CCCCCCCCCCCNC(=O)N[C@@H](C(=O)OCC)CC1=CC=C(O)C=C1,5.66037735849057,79.3131513014059,87.3488635960713,49.5674044265594,45.0074206469528,15700,18272,6651,4604,16986.0,5627.5,0.380950245018334,1.12471270110922,,100
153,3-F10,SM102,OCCN(CCCCCCCC(OC(CCCCCCCC)CCCCCCCC)=O)CCCCCC(OCCCCCCCCCCC)=O,44.6428571428571,DOPE,CCCCCCCC/C=C/CCCCCCCC(=O)OCC(COP(=O)([O-])OCC[NH3+])OC(=O)CCCCCCC/C=C/CCCCCCCC,8.92857142857143,Cholesterol,CC(C)CCCC(C)C1CCC2C1(CCC3C2CC=C4C3(CCC(C4)O)C)C,34.375,DMPE-PEG,CCCCCCCCCCCCCC(OCC(OC(CCCCCCCCCCCCC)=O)COP(OCCNC(OCCO)=O)(O)=O)=O,1.33928571428571,L-Phg-UC18,C(CCCCCC)CCCCCCCCCCCNC(=O)N[C@H](C(OCC)=O)C1=CC=CC=C1,10.7142857142857,76.157471,91.52437406,28.70421754,23.88479175,1045052,1249050,125138,113147,1147051.0,119142.5,2.27855767951038,0.825406667405642,,100
254,4-F15,SM102,OCCN(CCCCCCCC(OC(CCCCCCCC)CCCCCCCC)=O)CCCCCC(OCCCCCCCCCCC)=O,52.1792452830189,DOPE,CCCCCCCC/C=C/CCCCCCCC(=O)OCC(COP(=O)([O-])OCC[NH3+])OC(=O)CCCCCCC/C=C/CCCCCCCC,5.13207547169811,Cholesterol,CC(C)CCCC(C)C1CCC2C1(CCC3C2CC=C4C3(CCC(C4)O)C)C,32.5,DMPE-PEG,CCCCCCCCCCCCCC(OCC(OC(CCCCCCCCCCCCC)=O)COP(OCCNC(OCCO)=O)(O)=O)=O,4.52830188679245,L-Tyr-UC18,C(CCCCCC)CCCCCCCCCCCNC(=O)N[C@@H](C(=O)OCC)CC1=CC=C(O)C=C1,5.66037735849057,81.0819591179031,76.8905995326277,62.7534257552688,66.1741582524398,1291,1394,2368,2419,1342.5,2393.5,0.030108660304787,0.478365144398921,,100
143,2-F96,SM102,OCCN(CCCCCCCC(OC(CCCCCCCC)CCCCCCCC)=O)CCCCCC(OCCCCCCCCCCC)=O,50.0,DOPE,CCCCCCCC/C=C/CCCCCCCC(=O)OCC(COP(=O)([O-])OCC[NH3+])OC(=O)CCCCCCC/C=C/CCCCCCCC,5.0,β-sitosterol,CCC(CCC(C)C1CCC2C1(CCC3C2CC=C4C3(CCC(C4)O)C)C)C(C)C,38.5,DMPE-PEG,CCCCCCCCCCCCCC(OCC(OC(CCCCCCCCCCCCC)=O)COP(OCCNC(OCCO)=O)(O)=O)=O,1.5,β-CD-UC18,[C@H]12OC3[C@H](O)[C@@H](O)[C@H](OC4[C@H](O)[C@@H](O)[C@H](OC5[C@H](O)[C@@H](O)[C@H](OC6[C@H](O)[C@@H](O)[C@H](OC7[C@H](O)[C@@H](O)[C@H](OC8[C@H](O)[C@@H](O)[C@H](OC([C@@H](O)[C@@H]1O)O[C@@H]2CNC(=O)NCCCCCCCCCCCCCCCCCC)CO8)CO7)CO6)CO5)CO4)CO3,5.0,79.6356516,85.8565469,42.01975851,38.97513899,1543326,432045,93726,83623,987685.5,88674.5,1.52585313930701,0.353316532358478,,100
148,3-F5,SM102,OCCN(CCCCCCCC(OC(CCCCCCCC)CCCCCCCC)=O)CCCCCC(OCCCCCCCCCCC)=O,43.4782608695652,DOPE,CCCCCCCC/C=C/CCCCCCCC(=O)OCC(COP(=O)([O-])OCC[NH3+])OC(=O)CCCCCCC/C=C/CCCCCCCC,8.69565217391304,Cholesterol,CC(C)CCCC(C)C1CCC2C1(CCC3C2CC=C4C3(CCC(C4)O)C)C,33.4782608695652,DMPE-PEG,CCCCCCCCCCCCCC(OCC(OC(CCCCCCCCCCCCC)=O)COP(OCCNC(OCCO)=O)(O)=O)=O,1.30434782608696,L-Leu-UC18,C(CCCCCC)CCCCCCCCCCCNC(=O)N[C@@H](C(=O)OCC)CC(C)C,13.0434782608696,79.11150016,91.17746697,37.22584469,32.29956388,1177660,911399,815084,518186,1044529.5,666635.0,2.07490400487872,4.61837693288256,,100
384,5-F51,ALC0315,OCCCCN(CCCCCCOC(C(CCCCCC)CCCCCCCC)=O)CCCCCCOC(C(CCCCCC)CCCCCCCC)=O,45.0581395348837,DOPE,CCCCCCCC/C=C/CCCCCCCC(=O)OCC(COP(=O)([O-])OCC[NH3+])OC(=O)CCCCCCC/C=C/CCCCCCCC,9.10852713178295,β-sitosterol,CCC(CCC(C)C1CCC2C1(CCC3C2CC=C4C3(CCC(C4)O)C)C)C(C)C,41.3759689922481,DMPE-PEG,CCCCCCCCCCCCCC(OCC(OC(CCCCCCCCCCCCC)=O)COP(OCCNC(OCCO)=O)(O)=O)=O,1.55038759689923,SSC-DOPE,CCCCCCCC/C=C\CCCCCCCC(=O)OC[C@]([H])(OC(=O)CCCCCCC/C=C\CCCCCCCC)COP(=O)(OCCNC(=O)CCSSCC(C(=O)O)NC(=O)C(CO)NC(=O)C(CO)N)O,2.90697674418605,70.2157251930516,53.0977390065872,24.615702053028,32.5514683511293,28116,27829,12680,14756,27972.5,13718.0,0.204102852222895,0.371243386601356,,100
170,3-F27,SM102,OCCN(CCCCCCCC(OC(CCCCCCCC)CCCCCCCC)=O)CCCCCC(OCCCCCCCCCCC)=O,45.8715596330275,DOPE,CCCCCCCC/C=C/CCCCCCCC(=O)OCC(COP(=O)([O-])OCC[NH3+])OC(=O)CCCCCCC/C=C/CCCCCCCC,9.1743119266055,Cholesterol,CC(C)CCCC(C)C1CCC2C1(CCC3C2CC=C4C3(CCC(C4)O)C)C,35.3211009174312,DMPE-PEG,CCCCCCCCCCCCCC(OCC(OC(CCCCCCCCCCCCC)=O)COP(OCCNC(OCCO)=O)(O)=O)=O,1.37614678899083,L-Leu-UC12,CCCCCCCCCCCCNC(=O)N[C@@H](C(=O)OCC)CC(C)C,8.25688073394496,74.93341388,87.62085216,33.04323928,28.25860128,2119502,2001526,338472,349343,2060514.0,343907.5,4.09310483878978,2.38255486892424,,100
484,6-F57,ALC0315,OCCCCN(CCCCCCOC(C(CCCCCC)CCCCCCCC)=O)CCCCCCOC(C(CCCCCC)CCCCCCCC)=O,45.0581395348837,DOPE,CCCCCCCC/C=C/CCCCCCCC(=O)OCC(COP(=O)([O-])OCC[NH3+])OC(=O)CCCCCCC/C=C/CCCCCCCC,9.10852713178295,Cholesterol,CC(C)CCCC(C)C1CCC2C1(CCC3C2CC=C4C3(CCC(C4)O)C)C,41.3759689922481,DMG-PEG,CCCCCCCCCCCCCC(=O)OCC(COCCO)OC(=O)CCCCCCCCCCCCC,1.55038759689923,DDC-DOPE,CCCCCCCC/C=C\CCCCCCCC(=O)OC[C@]([H])(OC(=O)CCCCCCC/C=C\CCCCCCCC)COP(=O)(OCCNC(=O)CCSSCC(C(=O)O)NC(=O)C(NC(=O)C(N)CC(=O)O)CC(=O)O)O,2.90697674418605,90.6893488031776,89.4096396995912,54.1996830427892,54.9754363959444,278073,284560,157156,170293,281316.5,163724.5,0.095004004422003,0.261521308720678,,100
327,4-F88,SM102,OCCN(CCCCCCCC(OC(CCCCCCCC)CCCCCCCC)=O)CCCCCC(OCCCCCCCCCCC)=O,32.8155339805825,DOPE,CCCCCCCC/C=C/CCCCCCCC(=O)OCC(COP(=O)([O-])OCC[NH3+])OC(=O)CCCCCCC/C=C/CCCCCCCC,47.5436893203884,Cholesterol,CC(C)CCCC(C)C1CCC2C1(CCC3C2CC=C4C3(CCC(C4)O)C)C,14.9708737864078,DMPE-PEG,CCCCCCCCCCCCCC(OCC(OC(CCCCCCCCCCCCC)=O)COP(OCCNC(OCCO)=O)(O)=O)=O,1.75728155339806,L-Tyr-UC18,C(CCCCCC)CCCCCCCCCCCNC(=O)N[C@@H](C(=O)OCC)CC1=CC=C(O)C=C1,2.9126213592233,79.7932063077104,80.1427782263205,39.6093667961777,39.4365961154961,6971,7932,14371,13619,7451.5,13995.0,0.167117081758749,2.79704207055061,,100
131,2-F84,SM102,OCCN(CCCCCCCC(OC(CCCCCCCC)CCCCCCCC)=O)CCCCCC(OCCCCCCCCCCC)=O,50.0,DOPE,CCCCCCCC/C=C/CCCCCCCC(=O)OCC(COP(=O)([O-])OCC[NH3+])OC(=O)CCCCCCC/C=C/CCCCCCCC,5.0,β-sitosterol,CCC(CCC(C)C1CCC2C1(CCC3C2CC=C4C3(CCC(C4)O)C)C)C(C)C,38.5,DMPE-PEG,CCCCCCCCCCCCCC(OCC(OC(CCCCCCCCCCCCC)=O)COP(OCCNC(OCCO)=O)(O)=O)=O,1.5,L-Met-UC12,CCCCCCCCCCCCNC(=O)N[C@@H](C(=O)OCC)CCSC,5.0,76.795515,65.87496707,32.89488107,38.34809253,780811,1017237,60941,78451,899024.0,69696.0,1.38888197985325,0.277698200037852,,100
81,2-F34,SM102,OCCN(CCCCCCCC(OC(CCCCCCCC)CCCCCCCC)=O)CCCCCC(OCCCCCCCCCCC)=O,50.0,DOPC,CCCCCCCC/C=C\CCCCCCCC(=O)OCC(COP(=O)([O-])OCC[N+](C)(C)C)OC(=O)CCCCCCC/C=C\CCCCCCCC,5.0,β-sitosterol,CCC(CCC(C)C1CCC2C1(CCC3C2CC=C4C3(CCC(C4)O)C)C)C(C)C,38.5,DMPE-PEG,CCCCCCCCCCCCCC(OCC(OC(CCCCCCCCCCCCC)=O)COP(OCCNC(OCCO)=O)(O)=O)=O,1.5,L-Phg-UC12,CCCCCCCCCCCCNC(=O)N[C@H](C(OCC)=O)C1=CC=CC=C1,5.0,70.45260461,77.8377817,37.85353535,34.26202676,245519,246697,20373,20809,246108.0,20591.0,0.380206720062784,0.082043211044815,,100
437,6-F9,SM102,OCCN(CCCCCCCC(OC(CCCCCCCC)CCCCCCCC)=O)CCCCCC(OCCCCCCCCCCC)=O,48.5436893203884,DOPE,CCCCCCCC/C=C/CCCCCCCC(=O)OCC(COP(=O)([O-])OCC[NH3+])OC(=O)CCCCCCC/C=C/CCCCCCCC,9.70873786407767,Cholesterol,CC(C)CCCC(C)C1CCC2C1(CCC3C2CC=C4C3(CCC(C4)O)C)C,37.378640776699,DMG-PEG,CCCCCCCCCCCCCC(=O)OCC(COCCO)OC(=O)CCCCCCCCCCCCC,1.45631067961165,DDC-DOPE,CCCCCCCC/C=C\CCCCCCCC(=O)OC[C@]([H])(OC(=O)CCCCCCC/C=C\CCCCCCCC)COP(=O)(OCCNC(=O)CCSSCC(C(=O)O)NC(=O)C(NC(=O)C(N)CC(=O)O)CC(=O)O)O,2.9126213592233,86.2695441532702,95.5699878557474,51.3365950506985,46.3407472656537,3606323,3734089,1399158,1668216,3670206.0,1533687.0,1.23947321630143,2.44979725946875,,100
230,3-F87,ALC0315,OCCCCN(CCCCCCOC(C(CCCCCC)CCCCCCCC)=O)CCCCCCOC(C(CCCCCC)CCCCCCCC)=O,45.8715596330275,DOPE,CCCCCCCC/C=C/CCCCCCCC(=O)OCC(COP(=O)([O-])OCC[NH3+])OC(=O)CCCCCCC/C=C/CCCCCCCC,9.1743119266055,Cholesterol,CC(C)CCCC(C)C1CCC2C1(CCC3C2CC=C4C3(CCC(C4)O)C)C,35.3211009174312,DMPE-PEG,CCCCCCCCCCCCCC(OCC(OC(CCCCCCCCCCCCC)=O)COP(OCCNC(OCCO)=O)(O)=O)=O,1.37614678899083,L-Tyr-UC18,C(CCCCCC)CCCCCCCCCCCNC(=O)N[C@@H](C(=O)OCC)CC1=CC=C(O)C=C1,8.25688073394496,82.47693828,93.69705876,71.40857121,62.85747277,4890612,4948039,1444703,1953346,4919325.5,1699024.5,9.77198650804214,11.7706624452696,,100
7,1-F8,SM102,OCCN(CCCCCCCC(OC(CCCCCCCC)CCCCCCCC)=O)CCCCCC(OCCCCCCCCCCC)=O,50.0,DOPC,CCCCCCCC/C=C\CCCCCCCC(=O)OCC(COP(=O)([O-])OCC[N+](C)(C)C)OC(=O)CCCCCCC/C=C\CCCCCCCC,5.0,Cholesterol,CC(C)CCCC(C)C1CCC2C1(CCC3C2CC=C4C3(CCC(C4)O)C)C,38.5,DMG-PEG,CCCCCCCCCCCCCC(=O)OCC(COCCO)OC(=O)CCCCCCCCCCCCC,1.5,L-Tyr-UC12,CCCCCCCCCCCCNC(=O)N[C@@H](C(=O)OCC)CC1=CC=C(O)C=C1,5.0,74.6048,73.51048951,42.72651355,43.36255981,356015,360916,159514,196309,358465.5,177911.5,5.66045824911572,10.9760935282868,,100
301,4-F62,SM102,OCCN(CCCCCCCC(OC(CCCCCCCC)CCCCCCCC)=O)CCCCCC(OCCCCCCCCCCC)=O,58.8058252427185,DOPE,CCCCCCCC/C=C/CCCCCCCC(=O)OCC(COP(=O)([O-])OCC[NH3+])OC(=O)CCCCCCC/C=C/CCCCCCCC,13.5242718446602,Cholesterol,CC(C)CCCC(C)C1CCC2C1(CCC3C2CC=C4C3(CCC(C4)O)C)C,20.3203883495146,DMPE-PEG,CCCCCCCCCCCCCC(OCC(OC(CCCCCCCCCCCCC)=O)COP(OCCNC(OCCO)=O)(O)=O)=O,4.4368932038835,L-Tyr-UC18,C(CCCCCC)CCCCCCCCCCCNC(=O)N[C@@H](C(=O)OCC)CC1=CC=C(O)C=C1,2.9126213592233,78.0307701562571,77.1857266519188,61.8675917895346,62.5449295414555,1205,1295,958,1524,1250.0,1241.0,0.028034134361999,0.248026381532927,,100
364,5-F29,ALC0315,OCCCCN(CCCCCCOC(C(CCCCCC)CCCCCCCC)=O)CCCCCCOC(C(CCCCCC)CCCCCCCC)=O,45.0581395348837,DOPC,CCCCCCCC/C=C\CCCCCCCC(=O)OCC(COP(=O)([O-])OCC[N+](C)(C)C)OC(=O)CCCCCCC/C=C\CCCCCCCC,9.10852713178295,Cholesterol,CC(C)CCCC(C)C1CCC2C1(CCC3C2CC=C4C3(CCC(C4)O)C)C,41.3759689922481,DMPE-PEG,CCCCCCCCCCCCCC(OCC(OC(CCCCCCCCCCCCC)=O)COP(OCCNC(OCCO)=O)(O)=O)=O,1.55038759689923,4DC-DOPE,C(C)CCCCCC/C=C\CCCCCCCC(=O)OC[C@]([H])(OC(=O)CCCCCCC/C=C\CCCCCCCC)COP(=O)(OCCNC(=O)CCSSCC(C(=O)O)NC(=O)C(NC(=O)C(NC(=O)C(NC(=O)C(N)CC(=O)O)CC(=O)O)CC(=O)O)CC(=O)O)O,2.90697674418605,68.5352033494593,55.9036078366719,43.917970858068,53.8413741067862,89669,91186,16601,18769,90427.5,17685.0,0.659809122151608,0.47860032745626,,100
321,4-F82,SM102,OCCN(CCCCCCCC(OC(CCCCCCCC)CCCCCCCC)=O)CCCCCC(OCCCCCCCCCCC)=O,39.0388349514563,DOPE,CCCCCCCC/C=C/CCCCCCCC(=O)OCC(COP(=O)([O-])OCC[NH3+])OC(=O)CCCCCCC/C=C/CCCCCCCC,15.9417475728155,Cholesterol,CC(C)CCCC(C)C1CCC2C1(CCC3C2CC=C4C3(CCC(C4)O)C)C,37.0970873786408,DMPE-PEG,CCCCCCCCCCCCCC(OCC(OC(CCCCCCCCCCCCC)=O)COP(OCCNC(OCCO)=O)(O)=O)=O,5.00970873786408,L-Tyr-UC18,C(CCCCCC)CCCCCCCCCCCNC(=O)N[C@@H](C(=O)OCC)CC1=CC=C(O)C=C1,2.9126213592233,77.2345789873593,83.6886690545227,65.8244829513695,60.7480831664019,2828,3291,16391,22870,3059.5,19630.5,0.068616347264429,3.92335365244329,,100
289,4-F50,SM102,OCCN(CCCCCCCC(OC(CCCCCCCC)CCCCCCCC)=O)CCCCCC(OCCCCCCCCCCC)=O,39.873786407767,DOPE,CCCCCCCC/C=C/CCCCCCCC(=O)OCC(COP(=O)([O-])OCC[NH3+])OC(=O)CCCCCCC/C=C/CCCCCCCC,24.4077669902913,Cholesterol,CC(C)CCCC(C)C1CCC2C1(CCC3C2CC=C4C3(CCC(C4)O)C)C,30.2621359223301,DMPE-PEG,CCCCCCCCCCCCCC(OCC(OC(CCCCCCCCCCCCC)=O)COP(OCCNC(OCCO)=O)(O)=O)=O,2.54368932038835,L-Tyr-UC18,C(CCCCCC)CCCCCCCCCCCNC(=O)N[C@@H](C(=O)OCC)CC1=CC=C(O)C=C1,2.9126213592233,75.5409582689336,87.4281077727132,72.0735785953177,62.2741053382475,13612,13292,7630,7471,13452.0,7550.5,0.30169214035009,1.5090436694314,,100
368,5-F33,ALC0315,OCCCCN(CCCCCCOC(C(CCCCCC)CCCCCCCC)=O)CCCCCCOC(C(CCCCCC)CCCCCCCC)=O,45.0581395348837,DOPC,CCCCCCCC/C=C\CCCCCCCC(=O)OCC(COP(=O)([O-])OCC[N+](C)(C)C)OC(=O)CCCCCCC/C=C\CCCCCCCC,9.10852713178295,Cholesterol,CC(C)CCCC(C)C1CCC2C1(CCC3C2CC=C4C3(CCC(C4)O)C)C,41.3759689922481,DMPE-PEG,CCCCCCCCCCCCCC(OCC(OC(CCCCCCCCCCCCC)=O)COP(OCCNC(OCCO)=O)(O)=O)=O,1.55038759689923,DOPE-D-OMe,CCCCCCCC/C=C\CCCCCCCC(=O)OC[C@]([H])(OC(=O)CCCCCCC/C=C\CCCCCCCC)COP(=O)(OCCNC(=O)CCSSCC(C(=O)O)NC(=O)C(CO)NC(=O)C(CO)NC(=O)C(CC(=O)OC)N)O,2.90697674418605,91.8830528066763,84.7208718198023,64.1684565817735,69.5931658631481,76395,94840,55959,72807,85617.5,64383.0,0.624712698192644,1.74236499194891,,100
125,2-F78,SM102,OCCN(CCCCCCCC(OC(CCCCCCCC)CCCCCCCC)=O)CCCCCC(OCCCCCCCCCCC)=O,50.0,DOPE,CCCCCCCC/C=C/CCCCCCCC(=O)OCC(COP(=O)([O-])OCC[NH3+])OC(=O)CCCCCCC/C=C/CCCCCCCC,5.0,β-sitosterol,CCC(CCC(C)C1CCC2C1(CCC3C2CC=C4C3(CCC(C4)O)C)C)C(C)C,38.5,DMPE-PEG,CCCCCCCCCCCCCC(OCC(OC(CCCCCCCCCCCCC)=O)COP(OCCNC(OCCO)=O)(O)=O)=O,1.5,L-Phe-UC12,CCCCCCCCCCCCNC(=O)N[C@H](C(OCC)=O)CC1=CC=CC=C1,5.0,85.12668366,92.85338631,26.00016363,23.83658574,2003042,2286508,38666,32732,2144775.0,35699.0,3.31341471233222,0.142239842216932,,100
337,5-F2,SM102,OCCN(CCCCCCCC(OC(CCCCCCCC)CCCCCCCC)=O)CCCCCC(OCCCCCCCCCCC)=O,50.0,DOPE,CCCCCCCC/C=C/CCCCCCCC(=O)OCC(COP(=O)([O-])OCC[NH3+])OC(=O)CCCCCCC/C=C/CCCCCCCC,10.0,Cholesterol,CC(C)CCCC(C)C1CCC2C1(CCC3C2CC=C4C3(CCC(C4)O)C)C,38.5,DMG-PEG,CCCCCCCCCCCCCC(=O)OCC(COCCO)OC(=O)CCCCCCCCCCCCC,1.5,,,,86.868648709909,92.847170013962,37.5951293759513,35.1743417324619,23478,32813,35010,39713,28145.5,37361.5,0.205365156036804,1.01109562534674,,100
445,6-F17,SM102,OCCN(CCCCCCCC(OC(CCCCCCCC)CCCCCCCC)=O)CCCCCC(OCCCCCCCCCCC)=O,48.5436893203884,DOPE,CCCCCCCC/C=C/CCCCCCCC(=O)OCC(COP(=O)([O-])OCC[NH3+])OC(=O)CCCCCCC/C=C/CCCCCCCC,9.70873786407767,Cholesterol,CC(C)CCCC(C)C1CCC2C1(CCC3C2CC=C4C3(CCC(C4)O)C)C,37.378640776699,DMG-PEG,CCCCCCCCCCCCCC(=O)OCC(COCCO)OC(=O)CCCCCCCCCCCCC,1.45631067961165,8DC-DOPE,C(C)CCCCCC/C=C\CCCCCCCC(=O)OC[C@]([H])(OC(=O)CCCCCCC/C=C\CCCCCCCC)COP(=O)(OCCNC(=O)CCSSCC(C(=O)O)NC(=O)C(NC(=O)C(NC(=O)C(NC(=O)C(NC(=O)C(NC(=O)C(NC(=O)C(NC(=O)C(N)CC(=O)O)CC(=O)O)CC(=O)O)CC(=O)O)CC(=O)O)CC(=O)O)CC(=O)O)CC(=O)O)O,2.9126213592233,86.1077398356044,93.4352273169214,38.4800192199888,35.4622938158548,294200,202964,722317,921461,248582.0,821889.0,0.083949165538567,1.31282420714755,,100
300,4-F61,SM102,OCCN(CCCCCCCC(OC(CCCCCCCC)CCCCCCCC)=O)CCCCCC(OCCCCCCCCCCC)=O,22.6504854368932,DOPE,CCCCCCCC/C=C/CCCCCCCC(=O)OCC(COP(=O)([O-])OCC[NH3+])OC(=O)CCCCCCC/C=C/CCCCCCCC,37.4757281553398,Cholesterol,CC(C)CCCC(C)C1CCC2C1(CCC3C2CC=C4C3(CCC(C4)O)C)C,31.8058252427184,DMPE-PEG,CCCCCCCCCCCCCC(OCC(OC(CCCCCCCCCCCCC)=O)COP(OCCNC(OCCO)=O)(O)=O)=O,5.15533980582524,L-Tyr-UC18,C(CCCCCC)CCCCCCCCCCCNC(=O)N[C@@H](C(=O)OCC)CC1=CC=C(O)C=C1,2.9126213592233,84.4076829474917,78.7472462294526,67.8375912408759,72.7138302296567,20853,22757,6195,7985,21805.0,7090.0,0.489027439810713,1.41700809433397,,100
315,4-F76,SM102,OCCN(CCCCCCCC(OC(CCCCCCCC)CCCCCCCC)=O)CCCCCC(OCCCCCCCCCCC)=O,25.7572815533981,DOPE,CCCCCCCC/C=C/CCCCCCCC(=O)OCC(COP(=O)([O-])OCC[NH3+])OC(=O)CCCCCCC/C=C/CCCCCCCC,50.7281553398058,Cholesterol,CC(C)CCCC(C)C1CCC2C1(CCC3C2CC=C4C3(CCC(C4)O)C)C,19.2038834951456,DMPE-PEG,CCCCCCCCCCCCCC(OCC(OC(CCCCCCCCCCCCC)=O)COP(OCCNC(OCCO)=O)(O)=O)=O,1.39805825242718,L-Tyr-UC18,C(CCCCCC)CCCCCCCCCCCNC(=O)N[C@@H](C(=O)OCC)CC1=CC=C(O)C=C1,2.9126213592233,80.4944271934956,81.8612746731845,41.1945583302274,40.5067278700328,8056,7498,40320,19709,7777.0,30014.5,0.174417170346614,5.99870090936345,,100
147,3-F4,SM102,OCCN(CCCCCCCC(OC(CCCCCCCC)CCCCCCCC)=O)CCCCCC(OCCCCCCCCCCC)=O,44.6428571428571,DOPE,CCCCCCCC/C=C/CCCCCCCC(=O)OCC(COP(=O)([O-])OCC[NH3+])OC(=O)CCCCCCC/C=C/CCCCCCCC,8.92857142857143,Cholesterol,CC(C)CCCC(C)C1CCC2C1(CCC3C2CC=C4C3(CCC(C4)O)C)C,34.375,DMPE-PEG,CCCCCCCCCCCCCC(OCC(OC(CCCCCCCCCCCCC)=O)COP(OCCNC(OCCO)=O)(O)=O)=O,1.33928571428571,L-Leu-UC18,C(CCCCCC)CCCCCCCCCCCNC(=O)N[C@@H](C(=O)OCC)CC(C)C,10.7142857142857,75.73153583,91.34266208,55.59976422,46.09735955,1239434,1143880,715603,811727,1191657.0,763665.0,2.36716519901234,5.29059053372499,,100
154,3-F11,SM102,OCCN(CCCCCCCC(OC(CCCCCCCC)CCCCCCCC)=O)CCCCCC(OCCCCCCCCCCC)=O,43.4782608695652,DOPE,CCCCCCCC/C=C/CCCCCCCC(=O)OCC(COP(=O)([O-])OCC[NH3+])OC(=O)CCCCCCC/C=C/CCCCCCCC,8.69565217391304,Cholesterol,CC(C)CCCC(C)C1CCC2C1(CCC3C2CC=C4C3(CCC(C4)O)C)C,33.4782608695652,DMPE-PEG,CCCCCCCCCCCCCC(OCC(OC(CCCCCCCCCCCCC)=O)COP(OCCNC(OCCO)=O)(O)=O)=O,1.30434782608696,L-Phg-UC18,C(CCCCCC)CCCCCCCCCCCNC(=O)N[C@H](C(OCC)=O)C1=CC=CC=C1,13.0434782608696,86.19790535,85.54572271,15.59532812,15.71422363,893318,881203,273378,176285,887260.5,224831.5,1.76249724380278,1.55760890650114,,100
470,6-F42,SM102,OCCN(CCCCCCCC(OC(CCCCCCCC)CCCCCCCC)=O)CCCCCC(OCCCCCCCCCCC)=O,48.5436893203884,DOPE,CCCCCCCC/C=C/CCCCCCCC(=O)OCC(COP(=O)([O-])OCC[NH3+])OC(=O)CCCCCCC/C=C/CCCCCCCC,9.70873786407767,β-sitosterol,CCC(CCC(C)C1CCC2C1(CCC3C2CC=C4C3(CCC(C4)O)C)C)C(C)C,37.378640776699,DMG-PEG,CCCCCCCCCCCCCC(=O)OCC(COCCO)OC(=O)CCCCCCCCCCCCC,1.45631067961165,8RC-DOPE,CCCCCCCC/C=C\CCCCCCCC(=O)OC[C@]([H])(OC(=O)CCCCCCC/C=C\CCCCCCCC)COP(=O)(OCCNC(=O)CCSSCC(C(=O)O)NC(=O)C(CCCNC(=N)N)NC(=O)C(CCCNC(N)=N)NC(=O)C(CCCNC(=N)N)NC(=O)C(CCCNC(N)=N)NC(=O)C(CCCNC(=N)N)NC(=O)C(CCCNC(N)=N)NC(=O)C(CCCNC(=N)N)NC(=O)C(CCCNC(N)=N)N)O,2.9126213592233,85.2024624782266,92.6724137931035,29.8046628859483,27.40222863824,154888,253634,631189,649113,204261.0,640151.0,0.068981424648902,1.02252947664431,,100
463,6-F35,SM102,OCCN(CCCCCCCC(OC(CCCCCCCC)CCCCCCCC)=O)CCCCCC(OCCCCCCCCCCC)=O,48.5436893203884,DOPE,CCCCCCCC/C=C/CCCCCCCC(=O)OCC(COP(=O)([O-])OCC[NH3+])OC(=O)CCCCCCC/C=C/CCCCCCCC,9.70873786407767,β-sitosterol,CCC(CCC(C)C1CCC2C1(CCC3C2CC=C4C3(CCC(C4)O)C)C)C(C)C,37.378640776699,DMG-PEG,CCCCCCCCCCCCCC(=O)OCC(COCCO)OC(=O)CCCCCCCCCCCCC,1.45631067961165,SSC-DOPE,CCCCCCCC/C=C\CCCCCCCC(=O)OC[C@]([H])(OC(=O)CCCCCCC/C=C\CCCCCCCC)COP(=O)(OCCNC(=O)CCSSCC(C(=O)O)NC(=O)C(CO)NC(=O)C(CO)N)O,2.9126213592233,78.6904216591528,97.8427912800956,52.6654411764706,42.3563731044625,2068913,2301245,930727,1113185,2185079.0,1021956.0,0.737927761003802,1.63239631560914,,100
60,2-F13,SM102,OCCN(CCCCCCCC(OC(CCCCCCCC)CCCCCCCC)=O)CCCCCC(OCCCCCCCCCCC)=O,50.0,DOPC,CCCCCCCC/C=C\CCCCCCCC(=O)OCC(COP(=O)([O-])OCC[N+](C)(C)C)OC(=O)CCCCCCC/C=C\CCCCCCCC,5.0,β-sitosterol,CCC(CCC(C)C1CCC2C1(CCC3C2CC=C4C3(CCC(C4)O)C)C)C(C)C,38.5,DMG-PEG,CCCCCCCCCCCCCC(=O)OCC(COCCO)OC(=O)CCCCCCCCCCCCC,1.5,L-Met-UC18,C(CCCCCC)CCCCCCCCCCCNC(=O)N[C@@H](C(=O)OCC)CCSC,5.0,80.20194916,0.0,0.0,25.48310392,549197,192921,46737,16427,371059.0,31582.0,0.573240712775597,0.125835981313066,,100
280,4-F41,SM102,OCCN(CCCCCCCC(OC(CCCCCCCC)CCCCCCCC)=O)CCCCCC(OCCCCCCCCCCC)=O,33.877358490566,DOPE,CCCCCCCC/C=C/CCCCCCCC(=O)OCC(COP(=O)([O-])OCC[NH3+])OC(=O)CCCCCCC/C=C/CCCCCCCC,26.5094339622642,Cholesterol,CC(C)CCCC(C)C1CCC2C1(CCC3C2CC=C4C3(CCC(C4)O)C)C,29.1320754716981,DMPE-PEG,CCCCCCCCCCCCCC(OCC(OC(CCCCCCCCCCCCC)=O)COP(OCCNC(OCCO)=O)(O)=O)=O,4.82075471698113,L-Tyr-UC18,C(CCCCCC)CCCCCCCCCCCNC(=O)N[C@@H](C(=O)OCC)CC1=CC=C(O)C=C1,5.66037735849057,81.4198901058914,78.9010906777917,62.8305400372439,64.8363111483085,33611,35490,18137,20672,34550.5,19404.5,0.774874687419402,3.87818527031078,,100
246,4-F7,SM102,OCCN(CCCCCCCC(OC(CCCCCCCC)CCCCCCCC)=O)CCCCCC(OCCCCCCCCCCC)=O,25.3679245283019,DOPE,CCCCCCCC/C=C/CCCCCCCC(=O)OCC(COP(=O)([O-])OCC[NH3+])OC(=O)CCCCCCC/C=C/CCCCCCCC,54.5188679245283,Cholesterol,CC(C)CCCC(C)C1CCC2C1(CCC3C2CC=C4C3(CCC(C4)O)C)C,13.311320754717,DMPE-PEG,CCCCCCCCCCCCCC(OCC(OC(CCCCCCCCCCCCC)=O)COP(OCCNC(OCCO)=O)(O)=O)=O,1.14150943396226,L-Tyr-UC18,C(CCCCCC)CCCCCCCCCCCNC(=O)N[C@@H](C(=O)OCC)CC1=CC=C(O)C=C1,5.66037735849057,79.8312016009745,62.2732370209117,34.2960944595822,43.9658922822588,25212,33136,4961,5282,29174.0,5121.5,0.654294268701571,1.02358349155591,,100
23,1-F24,SM102,OCCN(CCCCCCCC(OC(CCCCCCCC)CCCCCCCC)=O)CCCCCC(OCCCCCCCCCCC)=O,50.0,DOPC,CCCCCCCC/C=C\CCCCCCCC(=O)OCC(COP(=O)([O-])OCC[N+](C)(C)C)OC(=O)CCCCCCC/C=C\CCCCCCCC,5.0,Cholesterol,CC(C)CCCC(C)C1CCC2C1(CCC3C2CC=C4C3(CCC(C4)O)C)C,38.5,DMPE-PEG,CCCCCCCCCCCCCC(OCC(OC(CCCCCCCCCCCCC)=O)COP(OCCNC(OCCO)=O)(O)=O)=O,1.5,β-CD-UC18,[C@H]12OC3[C@H](O)[C@@H](O)[C@H](OC4[C@H](O)[C@@H](O)[C@H](OC5[C@H](O)[C@@H](O)[C@H](OC6[C@H](O)[C@@H](O)[C@H](OC7[C@H](O)[C@@H](O)[C@H](OC8[C@H](O)[C@@H](O)[C@H](OC([C@@H](O)[C@@H]1O)O[C@@H]2CNC(=O)NCCCCCCCCCCCCCCCCCC)CO8)CO7)CO6)CO5)CO4)CO3,5.0,67.85886902,70.41842361,48.60394181,46.83729558,47335,223357,24847,49729,135346.0,37288.0,2.13722208185952,2.30045036708002,,100
136,2-F89,SM102,OCCN(CCCCCCCC(OC(CCCCCCCC)CCCCCCCC)=O)CCCCCC(OCCCCCCCCCCC)=O,50.0,DOPE,CCCCCCCC/C=C/CCCCCCCC(=O)OCC(COP(=O)([O-])OCC[NH3+])OC(=O)CCCCCCC/C=C/CCCCCCCC,5.0,β-sitosterol,CCC(CCC(C)C1CCC2C1(CCC3C2CC=C4C3(CCC(C4)O)C)C)C(C)C,38.5,DMPE-PEG,CCCCCCCCCCCCCC(OCC(OC(CCCCCCCCCCCCC)=O)COP(OCCNC(OCCO)=O)(O)=O)=O,1.5,L-Glu-UC18,C(CCCCCC)CCCCCCCCCCCNC(=O)N[C@H](C(OCC)=O)CCC(=O)OCC,5.0,84.36131111,70.86143137,25.92261017,30.86115167,755621,817340,136056,159233,786480.5,147644.5,1.21501605513977,0.588277833670349,,100
149,3-F6-SM102-LNP,SM102,OCCN(CCCCCCCC(OC(CCCCCCCC)CCCCCCCC)=O)CCCCCC(OCCCCCCCCCCC)=O,50.0,DSPC,CCCCCCCCCCCCCCCCCC(=O)OCC(COP(=O)([O-])OCC[N+](C)(C)C)OC(=O)CCCCCCCCCCCCCCCCC,10.0,Cholesterol,CC(C)CCCC(C)C1CCC2C1(CCC3C2CC=C4C3(CCC(C4)O)C)C,38.5,DMG-PEG,CCCCCCCCCCCCCC(=O)OCC(COCCO)OC(=O)CCCCCCCCCCCCC,1.5,,,0.0,78.81365946,77.20126825,31.85907046,32.52446478,535260,471562,125753,162935,503411.0,144344.0,1.0,1.0,,100
306,4-F67,SM102,OCCN(CCCCCCCC(OC(CCCCCCCC)CCCCCCCC)=O)CCCCCC(OCCCCCCCCCCC)=O,55.0679611650485,DOPE,CCCCCCCC/C=C/CCCCCCCC(=O)OCC(COP(=O)([O-])OCC[NH3+])OC(=O)CCCCCCC/C=C/CCCCCCCC,16.2233009708738,Cholesterol,CC(C)CCCC(C)C1CCC2C1(CCC3C2CC=C4C3(CCC(C4)O)C)C,21.0,DMPE-PEG,CCCCCCCCCCCCCC(OCC(OC(CCCCCCCCCCCCC)=O)COP(OCCNC(OCCO)=O)(O)=O)=O,4.79611650485437,L-Tyr-UC18,C(CCCCCC)CCCCCCCCCCCNC(=O)N[C@@H](C(=O)OCC)CC1=CC=C(O)C=C1,2.9126213592233,78.1745077901361,76.5672796963108,58.0712788259958,59.2902563206084,2024,1899,1256,1997,1961.5,1626.5,0.043991163640849,0.3250724492855,,100
354,5-F19,ALC0315,OCCCCN(CCCCCCOC(C(CCCCCC)CCCCCCCC)=O)CCCCCCOC(C(CCCCCC)CCCCCCCC)=O,45.4412195836998,DOPE,CCCCCCCC/C=C/CCCCCCCC(=O)OCC(COP(=O)([O-])OCC[NH3+])OC(=O)CCCCCCC/C=C/CCCCCCCC,9.18596696960813,Cholesterol,CC(C)CCCC(C)C1CCC2C1(CCC3C2CC=C4C3(CCC(C4)O)C)C,41.7277435747093,DMPE-PEG,CCCCCCCCCCCCCC(OCC(OC(CCCCCCCCCCCCC)=O)COP(OCCNC(OCCO)=O)(O)=O)=O,1.56356884589075,DRDRC-DOPE,CCCCCCCC/C=C\CCCCCCCC(=O)OC[C@]([H])(OC(=O)CCCCCCC/C=C\CCCCCCCC)COP(=O)(OCCNC(=O)CCSSCC(C(=O)O)NC(=O)C(CCCNC(=N)N)NC(=O)C(CC(O)=O)NC(=O)C(CCCNC(=N)N)NC(=O)C(CC(O)=O)N)O,2.08150102609206,90.8862555040043,89.6362651744212,64.5829946350187,65.4836135819617,144836,228739,51006,69401,186787.5,60203.5,1.36290504994491,1.62925726966429,,100
51,2-F4,SM102,OCCN(CCCCCCCC(OC(CCCCCCCC)CCCCCCCC)=O)CCCCCC(OCCCCCCCCCCC)=O,50.0,DOPC,CCCCCCCC/C=C\CCCCCCCC(=O)OCC(COP(=O)([O-])OCC[N+](C)(C)C)OC(=O)CCCCCCC/C=C\CCCCCCCC,5.0,β-sitosterol,CCC(CCC(C)C1CCC2C1(CCC3C2CC=C4C3(CCC(C4)O)C)C)C(C)C,38.5,DMG-PEG,CCCCCCCCCCCCCC(=O)OCC(COCCO)OC(=O)CCCCCCCCCCCCC,1.5,L-Arg-Uc12,CCCCCCCCCCCCNC(=O)N[C@@H](C(=O)OCC)CCCNC(=N)N,5.0,63.04768781,47.33517217,27.69390942,36.8866717,151842,130499,14061,10179,141170.5,12120.0,0.21809113387059,0.048291181480412,,100
123,2-F76,SM102,OCCN(CCCCCCCC(OC(CCCCCCCC)CCCCCCCC)=O)CCCCCC(OCCCCCCCCCCC)=O,50.0,DOPE,CCCCCCCC/C=C/CCCCCCCC(=O)OCC(COP(=O)([O-])OCC[NH3+])OC(=O)CCCCCCC/C=C/CCCCCCCC,5.0,β-sitosterol,CCC(CCC(C)C1CCC2C1(CCC3C2CC=C4C3(CCC(C4)O)C)C)C(C)C,38.5,DMPE-PEG,CCCCCCCCCCCCCC(OCC(OC(CCCCCCCCCCCCC)=O)COP(OCCNC(OCCO)=O)(O)=O)=O,1.5,L-Arg-Uc12,CCCCCCCCCCCCNC(=O)N[C@@H](C(=O)OCC)CCCNC(=N)N,5.0,78.62615458,48.77475089,23.79760042,38.36234476,556470,613860,60358,55358,585165.0,57858.0,0.90400826200505,0.230530625255252,,100
66,2-F19,SM102,OCCN(CCCCCCCC(OC(CCCCCCCC)CCCCCCCC)=O)CCCCCC(OCCCCCCCCCCC)=O,50.0,DOPC,CCCCCCCC/C=C\CCCCCCCC(=O)OCC(COP(=O)([O-])OCC[N+](C)(C)C)OC(=O)CCCCCCC/C=C\CCCCCCCC,5.0,β-sitosterol,CCC(CCC(C)C1CCC2C1(CCC3C2CC=C4C3(CCC(C4)O)C)C)C(C)C,38.5,DMG-PEG,CCCCCCCCCCCCCC(=O)OCC(COCCO)OC(=O)CCCCCCCCCCCCC,1.5,L-Val-UC18,C(CCCCCC)CCCCCCCCCCCNC(=O)N[C@@H](C(=O)OCC)C(C)C,5.0,66.31069813,66.17442184,43.46405229,43.55355997,901115,222641,271426,29125,561878.0,150275.5,0.868032698877878,0.598760845095676,,100
178,3-F35,SM102,OCCN(CCCCCCCC(OC(CCCCCCCC)CCCCCCCC)=O)CCCCCC(OCCCCCCCCCCC)=O,43.4782608695652,DOPE,CCCCCCCC/C=C/CCCCCCCC(=O)OCC(COP(=O)([O-])OCC[NH3+])OC(=O)CCCCCCC/C=C/CCCCCCCC,8.69565217391304,Cholesterol,CC(C)CCCC(C)C1CCC2C1(CCC3C2CC=C4C3(CCC(C4)O)C)C,33.4782608695652,DMPE-PEG,CCCCCCCCCCCCCC(OCC(OC(CCCCCCCCCCCCC)=O)COP(OCCNC(OCCO)=O)(O)=O)=O,1.30434782608696,L-Met-UC18,C(CCCCCC)CCCCCCCCCCCNC(=O)N[C@@H](C(=O)OCC)CCSC,13.0434782608696,82.57757363,88.88947452,34.23670321,31.80560911,2174952,2117877,824432,802663,2146414.5,813547.5,4.26374175375588,5.63617122983983,,100
379,5-F44,ALC0315,OCCCCN(CCCCCCOC(C(CCCCCC)CCCCCCCC)=O)CCCCCCOC(C(CCCCCC)CCCCCCCC)=O,45.0581395348837,DSPC,CCCCCCCCCCCCCCCCCC(=O)OCC(COP(=O)([O-])OCC[N+](C)(C)C)OC(=O)CCCCCCCCCCCCCCCCC,9.10852713178295,Cholesterol,CC(C)CCCC(C)C1CCC2C1(CCC3C2CC=C4C3(CCC(C4)O)C)C,41.3759689922481,DMPE-PEG,CCCCCCCCCCCCCC(OCC(OC(CCCCCCCCCCCCC)=O)COP(OCCNC(OCCO)=O)(O)=O)=O,1.55038759689923,RSSC-DOPE,CCCCCCCC/C=C\CCCCCCCC(=O)OC[C@]([H])(OC(=O)CCCCCCC/C=C\CCCCCCCC)COP(=O)(OCCNC(=O)CCSSCC(C(=O)O)NC(=O)C(CO)NC(=O)C(CO)NC(=O)C(CCCNC(=N)N)N)O,2.90697674418605,80.6993400219006,87.2166716373397,85.7981113046668,79.3867826807541,35111,44538,26853,31185,39824.5,29019.0,0.290581608306397,0.78532671204146,,100
459,6-F31,SM102,OCCN(CCCCCCCC(OC(CCCCCCCC)CCCCCCCC)=O)CCCCCC(OCCCCCCCCCCC)=O,48.5436893203884,DOPE,CCCCCCCC/C=C/CCCCCCCC(=O)OCC(COP(=O)([O-])OCC[NH3+])OC(=O)CCCCCCC/C=C/CCCCCCCC,9.70873786407767,β-sitosterol,CCC(CCC(C)C1CCC2C1(CCC3C2CC=C4C3(CCC(C4)O)C)C)C(C)C,37.378640776699,DMG-PEG,CCCCCCCCCCCCCC(=O)OCC(COCCO)OC(=O)CCCCCCCCCCCCC,1.45631067961165,L-Met-UC18,C(CCCCCC)CCCCCCCCCCCNC(=O)N[C@@H](C(=O)OCC)CCSC,2.9126213592233,68.7458404496724,95.8150806226116,23.9808712894384,17.2059047573228,1334693,1508170,325561,373202,1421431.5,349381.5,0.480034710056376,0.558075957616567,,100
359,5-F24,ALC0315,OCCCCN(CCCCCCOC(C(CCCCCC)CCCCCCCC)=O)CCCCCCOC(C(CCCCCC)CCCCCCCC)=O,45.0581395348837,DOPE,CCCCCCCC/C=C/CCCCCCCC(=O)OCC(COP(=O)([O-])OCC[NH3+])OC(=O)CCCCCCC/C=C/CCCCCCCC,9.10852713178295,Cholesterol,CC(C)CCCC(C)C1CCC2C1(CCC3C2CC=C4C3(CCC(C4)O)C)C,41.3759689922481,DMPE-PEG,CCCCCCCCCCCCCC(OCC(OC(CCCCCCCCCCCCC)=O)COP(OCCNC(OCCO)=O)(O)=O)=O,1.55038759689923,HA-DSSC,CCCCCCCCCCCCCCCCC(NC(CC(=O)O)C(=O)NC(CO)C(=O)NC(CO)C(=O)NC(C(=O)O)CS)=O,2.90697674418605,94.5765910794083,92.29592125895,71.6874541452678,73.4588803463876,197985,449335,111390,106611,323660.0,109000.5,2.3616026150849,2.94982612343207,,100
487,6-F60,ALC0315,OCCCCN(CCCCCCOC(C(CCCCCC)CCCCCCCC)=O)CCCCCCOC(C(CCCCCC)CCCCCCCC)=O,45.0581395348837,DOPE,CCCCCCCC/C=C/CCCCCCCC(=O)OCC(COP(=O)([O-])OCC[NH3+])OC(=O)CCCCCCC/C=C/CCCCCCCC,9.10852713178295,Cholesterol,CC(C)CCCC(C)C1CCC2C1(CCC3C2CC=C4C3(CCC(C4)O)C)C,41.3759689922481,DMG-PEG,CCCCCCCCCCCCCC(=O)OCC(COCCO)OC(=O)CCCCCCCCCCCCC,1.55038759689923,DSSC-DOPE,CCCCCCCC/C=C\CCCCCCCC(=O)OC[C@]([H])(OC(=O)CCCCCCC/C=C\CCCCCCCC)COP(=O)(OCCNC(=O)CCSSCC(C(=O)O)NC(=O)C(CO)NC(=O)C(CO)NC(=O)C(CC(=O)O)N)O,2.90697674418605,90.9123090211404,94.8654342133759,75.0486722217896,71.9213287455928,328854,226696,189719,178058,277775.0,183888.5,0.093807996787682,0.29372977885828,,100
36,1-F37,SM102,OCCN(CCCCCCCC(OC(CCCCCCCC)CCCCCCCC)=O)CCCCCC(OCCCCCCCCCCC)=O,50.0,DOPC,CCCCCCCC/C=C\CCCCCCCC(=O)OCC(COP(=O)([O-])OCC[N+](C)(C)C)OC(=O)CCCCCCC/C=C\CCCCCCCC,5.0,β-sitosterol,CCC(CCC(C)C1CCC2C1(CCC3C2CC=C4C3(CCC(C4)O)C)C)C(C)C,38.5,DMG-PEG,CCCCCCCCCCCCCC(=O)OCC(COCCO)OC(=O)CCCCCCCCCCCCC,1.5,L-Met-UC18,C(CCCCCC)CCCCCCCCCCCNC(=O)N[C@@H](C(=O)OCC)CCSC,5.0,84.40165527,61.46352024,25.77935806,35.40019321,699863,507737,137427,86102,603800.0,111764.5,9.5344871147044,6.8952125362453,,100
168,3-F25,SM102,OCCN(CCCCCCCC(OC(CCCCCCCC)CCCCCCCC)=O)CCCCCC(OCCCCCCCCCCC)=O,48.5436893203884,DOPE,CCCCCCCC/C=C/CCCCCCCC(=O)OCC(COP(=O)([O-])OCC[NH3+])OC(=O)CCCCCCC/C=C/CCCCCCCC,9.70873786407767,Cholesterol,CC(C)CCCC(C)C1CCC2C1(CCC3C2CC=C4C3(CCC(C4)O)C)C,37.378640776699,DMPE-PEG,CCCCCCCCCCCCCC(OCC(OC(CCCCCCCCCCCCC)=O)COP(OCCNC(OCCO)=O)(O)=O)=O,1.45631067961165,L-Leu-UC12,CCCCCCCCCCCCNC(=O)N[C@@H](C(=O)OCC)CC(C)C,2.9126213592233,85.26619146,80.62087941,25.35717201,26.81823244,2030577,2566167,867271,834235,2298372.0,850753.0,4.56559749389664,5.89392700770382,,100
235,3-F92,ALC0315,OCCCCN(CCCCCCOC(C(CCCCCC)CCCCCCCC)=O)CCCCCCOC(C(CCCCCC)CCCCCCCC)=O,47.1698113207547,DOPE,CCCCCCCC/C=C/CCCCCCCC(=O)OCC(COP(=O)([O-])OCC[NH3+])OC(=O)CCCCCCC/C=C/CCCCCCCC,9.43396226415094,Cholesterol,CC(C)CCCC(C)C1CCC2C1(CCC3C2CC=C4C3(CCC(C4)O)C)C,36.3207547169811,DMPE-PEG,CCCCCCCCCCCCCC(OCC(OC(CCCCCCCCCCCCC)=O)COP(OCCNC(OCCO)=O)(O)=O)=O,1.41509433962264,L-His-UC18,C(CCCCCC)CCCCCCCCCCCNC(=O)N[C@H](C(OCC)=O)CC1=CN=CN1,5.66037735849057,78.8830691,74.48952765,45.39385848,48.07127912,2563318,3021591,954706,630941,2792454.5,792823.5,5.5470669095431,5.4925975447542,,100
455,6-F27,SM102,OCCN(CCCCCCCC(OC(CCCCCCCC)CCCCCCCC)=O)CCCCCC(OCCCCCCCCCCC)=O,48.5436893203884,DOPE,CCCCCCCC/C=C/CCCCCCCC(=O)OCC(COP(=O)([O-])OCC[NH3+])OC(=O)CCCCCCC/C=C/CCCCCCCC,9.70873786407767,β-sitosterol,CCC(CCC(C)C1CCC2C1(CCC3C2CC=C4C3(CCC(C4)O)C)C)C(C)C,37.378640776699,DMG-PEG,CCCCCCCCCCCCCC(=O)OCC(COCCO)OC(=O)CCCCCCCCCCCCC,1.45631067961165,L-His-UC18,C(CCCCCC)CCCCCCCCCCCNC(=O)N[C@H](C(OCC)=O)CC1=CN=CN1,2.9126213592233,89.9772720476091,91.4306419469775,50.3199002908185,49.5200215317444,1890276,1973133,1140375,1187322,1931704.5,1163848.5,0.652360109911801,1.85904481536116,,100
499,6-F72,ALC0315,OCCCCN(CCCCCCOC(C(CCCCCC)CCCCCCCC)=O)CCCCCCOC(C(CCCCCC)CCCCCCCC)=O,45.0581395348837,DOPE,CCCCCCCC/C=C/CCCCCCCC(=O)OCC(COP(=O)([O-])OCC[NH3+])OC(=O)CCCCCCC/C=C/CCCCCCCC,9.10852713178295,Cholesterol,CC(C)CCCC(C)C1CCC2C1(CCC3C2CC=C4C3(CCC(C4)O)C)C,41.3759689922481,DMG-PEG,CCCCCCCCCCCCCC(=O)OCC(COCCO)OC(=O)CCCCCCCCCCCCC,1.55038759689923,L-NIHis,C1=CC=CC2C(/C=N/C3=CC=C(C(=O)NC(C(OC)=O)CC4=CNC=N4)C=C3)=C(O)C=CC1=2,2.90697674418605,92.9799721391217,95.8230748187663,68.8259855090262,66.7838954988696,256094,996149,864123,915699,626121.5,889911.0,0.211448847666991,1.42147747811065,,100
288,4-F49,SM102,OCCN(CCCCCCCC(OC(CCCCCCCC)CCCCCCCC)=O)CCCCCC(OCCCCCCCCCCC)=O,38.1747572815534,DOPE,CCCCCCCC/C=C/CCCCCCCC(=O)OCC(COP(=O)([O-])OCC[NH3+])OC(=O)CCCCCCC/C=C/CCCCCCCC,41.4077669902913,Cholesterol,CC(C)CCCC(C)C1CCC2C1(CCC3C2CC=C4C3(CCC(C4)O)C)C,15.2330097087379,DMPE-PEG,CCCCCCCCCCCCCC(OCC(OC(CCCCCCCCCCCCC)=O)COP(OCCNC(OCCO)=O)(O)=O)=O,2.27184466019417,L-Tyr-UC18,C(CCCCCC)CCCCCCCCCCCNC(=O)N[C@@H](C(=O)OCC)CC1=CC=C(O)C=C1,2.9126213592233,76.1538237266393,77.4876014104292,51.7419601837672,50.8513367736669,10981,10020,2032,1310,10500.5,1671.0,0.235497942294538,0.33396622364345,,100
84,2-F37,SM102,OCCN(CCCCCCCC(OC(CCCCCCCC)CCCCCCCC)=O)CCCCCC(OCCCCCCCCCCC)=O,50.0,DOPC,CCCCCCCC/C=C\CCCCCCCC(=O)OCC(COP(=O)([O-])OCC[N+](C)(C)C)OC(=O)CCCCCCC/C=C\CCCCCCCC,5.0,β-sitosterol,CCC(CCC(C)C1CCC2C1(CCC3C2CC=C4C3(CCC(C4)O)C)C)C(C)C,38.5,DMPE-PEG,CCCCCCCCCCCCCC(OCC(OC(CCCCCCCCCCCCC)=O)COP(OCCNC(OCCO)=O)(O)=O)=O,1.5,L-Met-UC18,C(CCCCCC)CCCCCCCCCCCNC(=O)N[C@@H](C(=O)OCC)CCSC,5.0,76.47915044,61.63405828,39.35129339,48.8293903,544443,663065,55892,48860,603754.0,52376.0,0.93272599047892,0.208688029803468,,100
419,5-F86,SM102,OCCN(CCCCCCCC(OC(CCCCCCCC)CCCCCCCC)=O)CCCCCC(OCCCCCCCCCCC)=O,48.7804878048781,DSPC,CCCCCCCCCCCCCCCCCC(=O)OCC(COP(=O)([O-])OCC[N+](C)(C)C)OC(=O)CCCCCCCCCCCCCCCCC,9.75609756097561,Cholesterol,CC(C)CCCC(C)C1CCC2C1(CCC3C2CC=C4C3(CCC(C4)O)C)C,37.5609756097561,DMG-PEG,CCCCCCCCCCCCCC(=O)OCC(COCCO)OC(=O)CCCCCCCCCCCCC,1.46341463414634,RRC-DOPE,CCCCCCCC/C=C\CCCCCCCC(=O)OC[C@]([H])(OC(=O)CCCCCCC/C=C\CCCCCCCC)COP(=O)(OCCNC(=O)CCSSCC(C(=O)O)NC(=O)C(CCCNC(=N)N)NC(=O)C(CCCNC(N)=N)N)O,2.4390243902439,73.7282166632586,78.9151328601043,77.4268104776579,72.3377184013814,81981,70447,57330,38760,76214.0,48045.0,0.556099554180561,1.30021785313181,,100
435,6-F7,SM102,OCCN(CCCCCCCC(OC(CCCCCCCC)CCCCCCCC)=O)CCCCCC(OCCCCCCCCCCC)=O,48.5436893203884,DOPE,CCCCCCCC/C=C/CCCCCCCC(=O)OCC(COP(=O)([O-])OCC[NH3+])OC(=O)CCCCCCC/C=C/CCCCCCCC,9.70873786407767,Cholesterol,CC(C)CCCC(C)C1CCC2C1(CCC3C2CC=C4C3(CCC(C4)O)C)C,37.378640776699,DMG-PEG,CCCCCCCCCCCCCC(=O)OCC(COCCO)OC(=O)CCCCCCCCCCCCC,1.45631067961165,L-Met-UC18,C(CCCCCC)CCCCCCCCCCCNC(=O)N[C@@H](C(=O)OCC)CCSC,2.9126213592233,87.6330589175771,95.0902412599424,57.5898215571737,53.0735032186584,2797642,2719189,1228257,980548,2758415.5,1104402.5,0.931550472011851,1.7640902073568,,100
507,6-F81,ALC0315,OCCCCN(CCCCCCOC(C(CCCCCC)CCCCCCCC)=O)CCCCCCOC(C(CCCCCC)CCCCCCCC)=O,45.0581395348837,DOPE,CCCCCCCC/C=C/CCCCCCCC(=O)OCC(COP(=O)([O-])OCC[NH3+])OC(=O)CCCCCCC/C=C/CCCCCCCC,9.10852713178295,β-sitosterol,CCC(CCC(C)C1CCC2C1(CCC3C2CC=C4C3(CCC(C4)O)C)C)C(C)C,41.3759689922481,DMG-PEG,CCCCCCCCCCCCCC(=O)OCC(COCCO)OC(=O)CCCCCCCCCCCCC,1.55038759689923,DDC-DOPE,CCCCCCCC/C=C\CCCCCCCC(=O)OC[C@]([H])(OC(=O)CCCCCCC/C=C\CCCCCCCC)COP(=O)(OCCNC(=O)CCSSCC(C(=O)O)NC(=O)C(NC(=O)C(N)CC(=O)O)CC(=O)O)O,2.90697674418605,87.089722273539,86.9065145380935,33.3922573802369,33.4626516411109,135636,275591,92078,89867,205613.5,90972.5,0.069438180352818,0.145312688434485,,100
68,2-F21,SM102,OCCN(CCCCCCCC(OC(CCCCCCCC)CCCCCCCC)=O)CCCCCC(OCCCCCCCCCCC)=O,50.0,DOPC,CCCCCCCC/C=C\CCCCCCCC(=O)OCC(COP(=O)([O-])OCC[N+](C)(C)C)OC(=O)CCCCCCC/C=C\CCCCCCCC,5.0,β-sitosterol,CCC(CCC(C)C1CCC2C1(CCC3C2CC=C4C3(CCC(C4)O)C)C)C(C)C,38.5,DMG-PEG,CCCCCCCCCCCCCC(=O)OCC(COCCO)OC(=O)CCCCCCCCCCCCC,1.5,L-Leu-UC18,C(CCCCCC)CCCCCCCCCCCNC(=O)N[C@@H](C(=O)OCC)CC(C)C,5.0,70.79199899,79.17451693,45.95625636,41.0906865,344141,324340,66860,72910,334240.5,69885.0,0.516360639301221,0.278451255590641,,100
256,4-F17,SM102,OCCN(CCCCCCCC(OC(CCCCCCCC)CCCCCCCC)=O)CCCCCC(OCCCCCCCCCCC)=O,57.2169811320755,DOPE,CCCCCCCC/C=C/CCCCCCCC(=O)OCC(COP(=O)([O-])OCC[NH3+])OC(=O)CCCCCCC/C=C/CCCCCCCC,6.62264150943396,Cholesterol,CC(C)CCCC(C)C1CCC2C1(CCC3C2CC=C4C3(CCC(C4)O)C)C,27.6132075471698,DMPE-PEG,CCCCCCCCCCCCCC(OCC(OC(CCCCCCCCCCCCC)=O)COP(OCCNC(OCCO)=O)(O)=O)=O,2.88679245283019,L-Tyr-UC18,C(CCCCCC)CCCCCCCCCCCNC(=O)N[C@@H](C(=O)OCC)CC1=CC=C(O)C=C1,5.66037735849057,82.2272022065161,79.1389757623143,52.2335107240768,54.2718099001498,8356,9829,5432,6905,9092.5,6168.5,0.203920293349182,1.23283701409014,,100
323,4-F84,SM102,OCCN(CCCCCCCC(OC(CCCCCCCC)CCCCCCCC)=O)CCCCCC(OCCCCCCCCCCC)=O,44.3203883495146,DOPE,CCCCCCCC/C=C/CCCCCCCC(=O)OCC(COP(=O)([O-])OCC[NH3+])OC(=O)CCCCCCC/C=C/CCCCCCCC,30.8640776699029,Cholesterol,CC(C)CCCC(C)C1CCC2C1(CCC3C2CC=C4C3(CCC(C4)O)C)C,16.1553398058252,DMPE-PEG,CCCCCCCCCCCCCC(OCC(OC(CCCCCCCCCCCCC)=O)COP(OCCNC(OCCO)=O)(O)=O)=O,5.74757281553398,L-Tyr-UC18,C(CCCCCC)CCCCCCCCCCCNC(=O)N[C@@H](C(=O)OCC)CC1=CC=C(O)C=C1,2.9126213592233,76.6305396539525,77.8045492355793,56.9195257580527,56.0606547887052,3016,3801,4582,4406,3408.5,4494.0,0.076443477578299,0.898171280103927,,100
247,4-F8,SM102,OCCN(CCCCCCCC(OC(CCCCCCCC)CCCCCCCC)=O)CCCCCC(OCCCCCCCCCCC)=O,27.3396226415094,DOPE,CCCCCCCC/C=C/CCCCCCCC(=O)OCC(COP(=O)([O-])OCC[NH3+])OC(=O)CCCCCCC/C=C/CCCCCCCC,31.4811320754717,Cholesterol,CC(C)CCCC(C)C1CCC2C1(CCC3C2CC=C4C3(CCC(C4)O)C)C,31.9245283018868,DMPE-PEG,CCCCCCCCCCCCCC(OCC(OC(CCCCCCCCCCCCC)=O)COP(OCCNC(OCCO)=O)(O)=O)=O,3.59433962264151,L-Tyr-UC18,C(CCCCCC)CCCCCCCCCCCNC(=O)N[C@@H](C(=O)OCC)CC1=CC=C(O)C=C1,5.66037735849057,67.7089653870528,80.1495490695993,83.8892761127153,70.8682226986503,16600,19905,10989,14504,18252.5,12746.5,0.409354429953912,2.5475167382832,,100
440,6-F12,SM102,OCCN(CCCCCCCC(OC(CCCCCCCC)CCCCCCCC)=O)CCCCCC(OCCCCCCCCCCC)=O,48.5436893203884,DOPE,CCCCCCCC/C=C/CCCCCCCC(=O)OCC(COP(=O)([O-])OCC[NH3+])OC(=O)CCCCCCC/C=C/CCCCCCCC,9.70873786407767,Cholesterol,CC(C)CCCC(C)C1CCC2C1(CCC3C2CC=C4C3(CCC(C4)O)C)C,37.378640776699,DMG-PEG,CCCCCCCCCCCCCC(=O)OCC(COCCO)OC(=O)CCCCCCCCCCCCC,1.45631067961165,DSSC-DOPE,CCCCCCCC/C=C\CCCCCCCC(=O)OC[C@]([H])(OC(=O)CCCCCCC/C=C\CCCCCCCC)COP(=O)(OCCNC(=O)CCSSCC(C(=O)O)NC(=O)C(CO)NC(=O)C(CO)NC(=O)C(CC(=O)O)N)O,2.9126213592233,88.7297127864589,93.3480063250566,57.1568755724192,54.3290998165734,5192100,5054704,2564687,3097455,5123402.0,2831071.0,1.73023518444066,4.52214172589416,,100
223,3-F80,ALC0315,OCCCCN(CCCCCCOC(C(CCCCCC)CCCCCCCC)=O)CCCCCCOC(C(CCCCCC)CCCCCCCC)=O,47.1698113207547,DOPE,CCCCCCCC/C=C/CCCCCCCC(=O)OCC(COP(=O)([O-])OCC[NH3+])OC(=O)CCCCCCC/C=C/CCCCCCCC,9.43396226415094,Cholesterol,CC(C)CCCC(C)C1CCC2C1(CCC3C2CC=C4C3(CCC(C4)O)C)C,36.3207547169811,DMPE-PEG,CCCCCCCCCCCCCC(OCC(OC(CCCCCCCCCCCCC)=O)COP(OCCNC(OCCO)=O)(O)=O)=O,1.41509433962264,L-Met-UC18,C(CCCCCC)CCCCCCCCCCCNC(=O)N[C@@H](C(=O)OCC)CCSC,5.66037735849057,87.33293876,89.79475485,42.19858156,41.0416638,4859877,4938666,799390,808809,4899271.5,804099.5,9.73215027085225,5.57071648284653,,100
180,3-F37,SM102,OCCN(CCCCCCCC(OC(CCCCCCCC)CCCCCCCC)=O)CCCCCC(OCCCCCCCCCCC)=O,48.5436893203884,DOPE,CCCCCCCC/C=C/CCCCCCCC(=O)OCC(COP(=O)([O-])OCC[NH3+])OC(=O)CCCCCCC/C=C/CCCCCCCC,9.70873786407767,Cholesterol,CC(C)CCCC(C)C1CCC2C1(CCC3C2CC=C4C3(CCC(C4)O)C)C,37.378640776699,DMPE-PEG,CCCCCCCCCCCCCC(OCC(OC(CCCCCCCCCCCCC)=O)COP(OCCNC(OCCO)=O)(O)=O)=O,1.45631067961165,L-Tyr-UC18,C(CCCCCC)CCCCCCCCCCCNC(=O)N[C@@H](C(=O)OCC)CC1=CC=C(O)C=C1,2.9126213592233,86.53792292,78.6551376,28.99910996,31.90538875,3295813,3863834,996728,1387717,3579823.5,1192222.5,7.11113483813425,8.25959166989968,,100
183,3-F40,SM102,OCCN(CCCCCCCC(OC(CCCCCCCC)CCCCCCCC)=O)CCCCCC(OCCCCCCCCCCC)=O,44.6428571428571,DOPE,CCCCCCCC/C=C/CCCCCCCC(=O)OCC(COP(=O)([O-])OCC[NH3+])OC(=O)CCCCCCC/C=C/CCCCCCCC,8.92857142857143,Cholesterol,CC(C)CCCC(C)C1CCC2C1(CCC3C2CC=C4C3(CCC(C4)O)C)C,34.375,DMPE-PEG,CCCCCCCCCCCCCC(OCC(OC(CCCCCCCCCCCCC)=O)COP(OCCNC(OCCO)=O)(O)=O)=O,1.33928571428571,L-Tyr-UC18,C(CCCCCC)CCCCCCCCCCCNC(=O)N[C@@H](C(=O)OCC)CC1=CC=C(O)C=C1,10.7142857142857,85.21288429,82.85458283,43.66060269,44.90332047,510408,405001,127909,96367,457704.5,112138.0,0.909206393980267,0.776880230560328,,100
520,6-F94,ALC0315,OCCCCN(CCCCCCOC(C(CCCCCC)CCCCCCCC)=O)CCCCCCOC(C(CCCCCC)CCCCCCCC)=O,45.0581395348837,DOPE,CCCCCCCC/C=C/CCCCCCCC(=O)OCC(COP(=O)([O-])OCC[NH3+])OC(=O)CCCCCCC/C=C/CCCCCCCC,9.10852713178295,β-sitosterol,CCC(CCC(C)C1CCC2C1(CCC3C2CC=C4C3(CCC(C4)O)C)C)C(C)C,41.3759689922481,DMG-PEG,CCCCCCCCCCCCCC(=O)OCC(COCCO)OC(=O)CCCCCCCCCCCCC,1.55038759689923,L-BQGA,C1=CC=C2N=C(C3=NC4=CC=CC=C4C(C(NC(CCC(=O)O)C(=O)O)=O)=C3)C=C(C(NC(CCC(=O)O)C(=O)O)=O)C2=C1,2.90697674418605,75.4071706893168,74.2108038875914,36.6171003717472,37.2074117680038,249585,448684,116013,226539,349134.5,171276.0,0.117906968065769,0.273583511767896,,100
74,2-F27,SM102,OCCN(CCCCCCCC(OC(CCCCCCCC)CCCCCCCC)=O)CCCCCC(OCCCCCCCCCCC)=O,50.0,DOPC,CCCCCCCC/C=C\CCCCCCCC(=O)OCC(COP(=O)([O-])OCC[N+](C)(C)C)OC(=O)CCCCCCC/C=C\CCCCCCCC,5.0,β-sitosterol,CCC(CCC(C)C1CCC2C1(CCC3C2CC=C4C3(CCC(C4)O)C)C)C(C)C,38.5,DMPE-PEG,CCCCCCCCCCCCCC(OCC(OC(CCCCCCCCCCCCC)=O)COP(OCCNC(OCCO)=O)(O)=O)=O,1.5,L-His-UC18,C(CCCCCC)CCCCCCCCCCCNC(=O)N[C@H](C(OCC)=O)CC1=CN=CN1,5.0,74.5495777,85.80203067,49.18562874,42.73521061,285196,574026,49502,79218,429611.0,64360.0,0.663696382128548,0.256437330039545,,100
467,6-F39,SM102,OCCN(CCCCCCCC(OC(CCCCCCCC)CCCCCCCC)=O)CCCCCC(OCCCCCCCCCCC)=O,48.5436893203884,DOPE,CCCCCCCC/C=C/CCCCCCCC(=O)OCC(COP(=O)([O-])OCC[NH3+])OC(=O)CCCCCCC/C=C/CCCCCCCC,9.70873786407767,β-sitosterol,CCC(CCC(C)C1CCC2C1(CCC3C2CC=C4C3(CCC(C4)O)C)C)C(C)C,37.378640776699,DMG-PEG,CCCCCCCCCCCCCC(=O)OCC(COCCO)OC(=O)CCCCCCCCCCCCC,1.45631067961165,4RC-DOPE,CCCCCCCC/C=C\CCCCCCCC(=O)OC[C@]([H])(OC(=O)CCCCCCC/C=C\CCCCCCCC)COP(=O)(OCCNC(=O)CCSSCC(C(=O)O)NC(=O)C(CCCNC(=N)N)NC(=O)C(CCCNC(N)=N)NC(=O)C(CCCNC(=N)N)NC(=O)C(CCCNC(N)=N)N)O,2.9126213592233,91.0545081566865,95.9552080316633,53.3190291001743,50.5958776985445,200564,188302,56046,51365,194433.0,53705.5,0.065662389485805,0.085785161325876,,100
490,6-F63,ALC0315,OCCCCN(CCCCCCOC(C(CCCCCC)CCCCCCCC)=O)CCCCCCOC(C(CCCCCC)CCCCCCCC)=O,45.0581395348837,DOPE,CCCCCCCC/C=C/CCCCCCCC(=O)OCC(COP(=O)([O-])OCC[NH3+])OC(=O)CCCCCCC/C=C/CCCCCCCC,9.10852713178295,Cholesterol,CC(C)CCCC(C)C1CCC2C1(CCC3C2CC=C4C3(CCC(C4)O)C)C,41.3759689922481,DMG-PEG,CCCCCCCCCCCCCC(=O)OCC(COCCO)OC(=O)CCCCCCCCCCCCC,1.55038759689923,4RC-DOPE,CCCCCCCC/C=C\CCCCCCCC(=O)OC[C@]([H])(OC(=O)CCCCCCC/C=C\CCCCCCCC)COP(=O)(OCCNC(=O)CCSSCC(C(=O)O)NC(=O)C(CCCNC(=N)N)NC(=O)C(CCCNC(N)=N)NC(=O)C(CCCNC(=N)N)NC(=O)C(CCCNC(N)=N)N)O,2.90697674418605,89.8092651096873,94.6643717728055,93.1207364181803,88.3447990788036,5406430,3329371,212600,286369,4367900.5,249484.5,1.47509313679386,0.398507938308097,,100
228,3-F85,ALC0315,OCCCCN(CCCCCCOC(C(CCCCCC)CCCCCCCC)=O)CCCCCCOC(C(CCCCCC)CCCCCCCC)=O,48.5436893203884,DOPE,CCCCCCCC/C=C/CCCCCCCC(=O)OCC(COP(=O)([O-])OCC[NH3+])OC(=O)CCCCCCC/C=C/CCCCCCCC,9.70873786407767,Cholesterol,CC(C)CCCC(C)C1CCC2C1(CCC3C2CC=C4C3(CCC(C4)O)C)C,37.378640776699,DMPE-PEG,CCCCCCCCCCCCCC(OCC(OC(CCCCCCCCCCCCC)=O)COP(OCCNC(OCCO)=O)(O)=O)=O,1.45631067961165,L-Tyr-UC18,C(CCCCCC)CCCCCCCCCCCNC(=O)N[C@@H](C(=O)OCC)CC1=CC=C(O)C=C1,2.9126213592233,92.86050957,94.57340625,69.73563624,68.47259682,3219765,4539182,2580144,2355958,3879473.5,2468051.0,7.70637411578213,17.0983968852186,,100
290,4-F51,SM102,OCCN(CCCCCCCC(OC(CCCCCCCC)CCCCCCCC)=O)CCCCCC(OCCCCCCCCCCC)=O,45.3300970873786,DOPE,CCCCCCCC/C=C/CCCCCCCC(=O)OCC(COP(=O)([O-])OCC[NH3+])OC(=O)CCCCCCC/C=C/CCCCCCCC,27.6504854368932,Cholesterol,CC(C)CCCC(C)C1CCC2C1(CCC3C2CC=C4C3(CCC(C4)O)C)C,20.8543689320388,DMPE-PEG,CCCCCCCCCCCCCC(OCC(OC(CCCCCCCCCCCCC)=O)COP(OCCNC(OCCO)=O)(O)=O)=O,3.25242718446602,L-Tyr-UC18,C(CCCCCC)CCCCCCCCCCCNC(=O)N[C@@H](C(=O)OCC)CC1=CC=C(O)C=C1,2.9126213592233,82.2515858825835,88.3330451655044,68.4582743988685,63.7451321364716,13632,11997,7124,6905,12814.5,7014.5,0.287394731825471,1.40191865694014,,100
434,6-F6,SM102,OCCN(CCCCCCCC(OC(CCCCCCCC)CCCCCCCC)=O)CCCCCC(OCCCCCCCCCCC)=O,48.5436893203884,DOPE,CCCCCCCC/C=C/CCCCCCCC(=O)OCC(COP(=O)([O-])OCC[NH3+])OC(=O)CCCCCCC/C=C/CCCCCCCC,9.70873786407767,Cholesterol,CC(C)CCCC(C)C1CCC2C1(CCC3C2CC=C4C3(CCC(C4)O)C)C,37.378640776699,DMG-PEG,CCCCCCCCCCCCCC(=O)OCC(COCCO)OC(=O)CCCCCCCCCCCCC,1.45631067961165,L-Phg-UC18,C(CCCCCC)CCCCCCCCCCCNC(=O)N[C@H](C(OCC)=O)C1=CC=CC=C1,2.9126213592233,89.9742413265717,76.6775869859919,40.4831133974502,47.5032869140573,3954675,4156544,1958436,1894196,4055609.5,1926316.0,1.3696286668998,3.07695354897759,,100
495,6-F68,ALC0315,OCCCCN(CCCCCCOC(C(CCCCCC)CCCCCCCC)=O)CCCCCCOC(C(CCCCCC)CCCCCCCC)=O,45.0581395348837,DOPE,CCCCCCCC/C=C/CCCCCCCC(=O)OCC(COP(=O)([O-])OCC[NH3+])OC(=O)CCCCCCC/C=C/CCCCCCCC,9.10852713178295,Cholesterol,CC(C)CCCC(C)C1CCC2C1(CCC3C2CC=C4C3(CCC(C4)O)C)C,41.3759689922481,DMG-PEG,CCCCCCCCCCCCCC(=O)OCC(COCCO)OC(=O)CCCCCCCCCCCCC,1.55038759689923,L-PyC3His,C1=CC2=CC=CC3=C2C2=C(C=C3)C(CCCC(NC(C(OC)=O)CC3N=CNC=3)=O)=CC=C12,2.90697674418605,88.0433833798883,93.2061394495993,73.075969760813,69.0282384776536,1374455,1333965,521066,703553,1354210.0,612309.5,0.457333191719365,0.978057540454263,,100
97,2-F50,SM102,OCCN(CCCCCCCC(OC(CCCCCCCC)CCCCCCCC)=O)CCCCCC(OCCCCCCCCCCC)=O,50.0,DOPE,CCCCCCCC/C=C/CCCCCCCC(=O)OCC(COP(=O)([O-])OCC[NH3+])OC(=O)CCCCCCC/C=C/CCCCCCCC,5.0,β-sitosterol,CCC(CCC(C)C1CCC2C1(CCC3C2CC=C4C3(CCC(C4)O)C)C)C(C)C,38.5,DMPE-PEG,CCCCCCCCCCCCCC(OCC(OC(CCCCCCCCCCCCC)=O)COP(OCCNC(OCCO)=O)(O)=O)=O,1.5,L-His-UC12,CCCCCCCCCCCCNC(=O)N[C@H](C(OCC)=O)CC1=CN=CN1,5.0,70.45039127,69.46258405,29.10712476,29.52104872,1081648,990782,72461,69608,1036215.0,71034.5,1.6008252735785,0.283031347431543,,100
478,6-F51,ALC0315,OCCCCN(CCCCCCOC(C(CCCCCC)CCCCCCCC)=O)CCCCCCOC(C(CCCCCC)CCCCCCCC)=O,45.0581395348837,DOPE,CCCCCCCC/C=C/CCCCCCCC(=O)OCC(COP(=O)([O-])OCC[NH3+])OC(=O)CCCCCCC/C=C/CCCCCCCC,9.10852713178295,Cholesterol,CC(C)CCCC(C)C1CCC2C1(CCC3C2CC=C4C3(CCC(C4)O)C)C,41.3759689922481,DMG-PEG,CCCCCCCCCCCCCC(=O)OCC(COCCO)OC(=O)CCCCCCCCCCCCC,1.55038759689923,L-His-UC18,C(CCCCCC)CCCCCCCCCCCNC(=O)N[C@H](C(OCC)=O)CC1=CN=CN1,2.90697674418605,96.8256796282274,68.0583984293412,49.9654987349536,71.0851780915475,3945269,4106756,2347739,2473794,4026012.5,2410766.5,1.3596333999358,3.85077865621803,,100
461,6-F33,SM102,OCCN(CCCCCCCC(OC(CCCCCCCC)CCCCCCCC)=O)CCCCCC(OCCCCCCCCCCC)=O,48.5436893203884,DOPE,CCCCCCCC/C=C/CCCCCCCC(=O)OCC(COP(=O)([O-])OCC[NH3+])OC(=O)CCCCCCC/C=C/CCCCCCCC,9.70873786407767,β-sitosterol,CCC(CCC(C)C1CCC2C1(CCC3C2CC=C4C3(CCC(C4)O)C)C)C(C)C,37.378640776699,DMG-PEG,CCCCCCCCCCCCCC(=O)OCC(COCCO)OC(=O)CCCCCCCCCCCCC,1.45631067961165,DDC-DOPE,CCCCCCCC/C=C\CCCCCCCC(=O)OC[C@]([H])(OC(=O)CCCCCCC/C=C\CCCCCCCC)COP(=O)(OCCNC(=O)CCSSCC(C(=O)O)NC(=O)C(NC(=O)C(N)CC(=O)O)CC(=O)O)O,2.9126213592233,78.4274807750893,98.6860283056519,37.8376787711141,30.0702528548877,2565750,2857923,727878,830235,2711836.5,779056.5,0.915820177052357,1.24440676531216,,100
317,4-F78,SM102,OCCN(CCCCCCCC(OC(CCCCCCCC)CCCCCCCC)=O)CCCCCC(OCCCCCCCCCCC)=O,49.8446601941748,DOPE,CCCCCCCC/C=C/CCCCCCCC(=O)OCC(COP(=O)([O-])OCC[NH3+])OC(=O)CCCCCCC/C=C/CCCCCCCC,24.5436893203883,Cholesterol,CC(C)CCCC(C)C1CCC2C1(CCC3C2CC=C4C3(CCC(C4)O)C)C,20.5339805825243,DMPE-PEG,CCCCCCCCCCCCCC(OCC(OC(CCCCCCCCCCCCC)=O)COP(OCCNC(OCCO)=O)(O)=O)=O,2.16504854368932,L-Tyr-UC18,C(CCCCCC)CCCCCCCCCCCNC(=O)N[C@@H](C(=O)OCC)CC1=CC=C(O)C=C1,2.9126213592233,76.9101065935516,43.8723855119099,21.3135068153655,37.3634590853775,2644,2387,3547,3198,2515.5,3372.5,0.056415891990087,0.674028180273808,,100
433,6-F5,SM102,OCCN(CCCCCCCC(OC(CCCCCCCC)CCCCCCCC)=O)CCCCCC(OCCCCCCCCCCC)=O,48.5436893203884,DOPE,CCCCCCCC/C=C/CCCCCCCC(=O)OCC(COP(=O)([O-])OCC[NH3+])OC(=O)CCCCCCC/C=C/CCCCCCCC,9.70873786407767,Cholesterol,CC(C)CCCC(C)C1CCC2C1(CCC3C2CC=C4C3(CCC(C4)O)C)C,37.378640776699,DMG-PEG,CCCCCCCCCCCCCC(=O)OCC(COCCO)OC(=O)CCCCCCCCCCCCC,1.45631067961165,L-Tyr-UC18,C(CCCCCC)CCCCCCCCCCCNC(=O)N[C@@H](C(=O)OCC)CC1=CC=C(O)C=C1,2.9126213592233,85.9447971518688,74.071405930323,40.4866908174516,46.976567893547,4084703,4344394,2040492,1773249,4214548.5,1906870.5,1.42330430078131,3.0458927571674,,100
140,2-F93,SM102,OCCN(CCCCCCCC(OC(CCCCCCCC)CCCCCCCC)=O)CCCCCC(OCCCCCCCCCCC)=O,50.0,DOPE,CCCCCCCC/C=C/CCCCCCCC(=O)OCC(COP(=O)([O-])OCC[NH3+])OC(=O)CCCCCCC/C=C/CCCCCCCC,5.0,β-sitosterol,CCC(CCC(C)C1CCC2C1(CCC3C2CC=C4C3(CCC(C4)O)C)C)C(C)C,38.5,DMPE-PEG,CCCCCCCCCCCCCC(OCC(OC(CCCCCCCCCCCCC)=O)COP(OCCNC(OCCO)=O)(O)=O)=O,1.5,L-Leu-UC18,C(CCCCCC)CCCCCCCCCCCNC(=O)N[C@@H](C(=O)OCC)CC(C)C,5.0,80.26603342,61.01326045,25.84414192,33.99927727,774298,831430,176366,232640,802864.0,204503.0,1.24032655621307,0.814826030221833,,100
207,3-F64,ALC0315,OCCCCN(CCCCCCOC(C(CCCCCC)CCCCCCCC)=O)CCCCCCOC(C(CCCCCC)CCCCCCCC)=O,44.6428571428571,DOPE,CCCCCCCC/C=C/CCCCCCCC(=O)OCC(COP(=O)([O-])OCC[NH3+])OC(=O)CCCCCCC/C=C/CCCCCCCC,8.92857142857143,Cholesterol,CC(C)CCCC(C)C1CCC2C1(CCC3C2CC=C4C3(CCC(C4)O)C)C,34.375,DMPE-PEG,CCCCCCCCCCCCCC(OCC(OC(CCCCCCCCCCCCC)=O)COP(OCCNC(OCCO)=O)(O)=O)=O,1.33928571428571,L-Arg-UC18,C(CCCCCC)CCCCCCCCCCCNC(=O)N[C@@H](C(=O)OCC)CCCNC(=N)N,10.7142857142857,79.02487349,79.55987384,37.1760122,36.92602212,2178108,2574663,447725,339391,2376385.5,393558.0,4.72056728994798,2.72652829352103,,100
318,4-F79,SM102,OCCN(CCCCCCCC(OC(CCCCCCCC)CCCCCCCC)=O)CCCCCC(OCCCCCCCCCCC)=O,48.5728155339806,DOPE,CCCCCCCC/C=C/CCCCCCCC(=O)OCC(COP(=O)([O-])OCC[NH3+])OC(=O)CCCCCCC/C=C/CCCCCCCC,5.96116504854369,Cholesterol,CC(C)CCCC(C)C1CCC2C1(CCC3C2CC=C4C3(CCC(C4)O)C)C,40.0679611650486,DMPE-PEG,CCCCCCCCCCCCCC(OCC(OC(CCCCCCCCCCCCC)=O)COP(OCCNC(OCCO)=O)(O)=O)=O,2.48543689320388,L-Tyr-UC18,C(CCCCCC)CCCCCCCCCCCNC(=O)N[C@@H](C(=O)OCC)CC1=CC=C(O)C=C1,2.9126213592233,82.0115090929212,91.3326371596112,51.1413471269538,45.9220185178354,3301,2923,1307,2913,3112.0,2110.0,0.069793780907633,0.421704806635355,,100
428,5-F96,SM102,OCCN(CCCCCCCC(OC(CCCCCCCC)CCCCCCCC)=O)CCCCCC(OCCCCCCCCCCC)=O,48.5436893203884,DSPC,CCCCCCCCCCCCCCCCCC(=O)OCC(COP(=O)([O-])OCC[N+](C)(C)C)OC(=O)CCCCCCCCCCCCCCCCC,9.70873786407767,Cholesterol,CC(C)CCCC(C)C1CCC2C1(CCC3C2CC=C4C3(CCC(C4)O)C)C,37.378640776699,DMG-PEG,CCCCCCCCCCCCCC(=O)OCC(COCCO)OC(=O)CCCCCCCCCCCCC,1.45631067961165,HA-DSSC,CCCCCCCCCCCCCCCCC(NC(CC(=O)O)C(=O)NC(CO)C(=O)NC(CO)C(=O)NC(C(=O)O)CS)=O,2.9126213592233,91.9964515547002,78.1985412998958,35.5724442265261,41.8491008600469,218694,329637,144808,270386,274165.5,207597.0,2.00046333116869,5.61809398806544,,100
374,5-F39,ALC0315,OCCCCN(CCCCCCOC(C(CCCCCC)CCCCCCCC)=O)CCCCCCOC(C(CCCCCC)CCCCCCCC)=O,45.0581395348837,DSPC,CCCCCCCCCCCCCCCCCC(=O)OCC(COP(=O)([O-])OCC[N+](C)(C)C)OC(=O)CCCCCCCCCCCCCCCCC,9.10852713178295,Cholesterol,CC(C)CCCC(C)C1CCC2C1(CCC3C2CC=C4C3(CCC(C4)O)C)C,41.3759689922481,DMPE-PEG,CCCCCCCCCCCCCC(OCC(OC(CCCCCCCCCCCCC)=O)COP(OCCNC(OCCO)=O)(O)=O)=O,1.55038759689923,SSC-DOPE,CCCCCCCC/C=C\CCCCCCCC(=O)OC[C@]([H])(OC(=O)CCCCCCC/C=C\CCCCCCCC)COP(=O)(OCCNC(=O)CCSSCC(C(=O)O)NC(=O)C(CO)NC(=O)C(CO)N)O,2.90697674418605,90.2955502352844,84.4999465673328,84.3428571428571,90.1276865076089,133195,113212,50376,57162,123203.5,53769.0,0.898960970733523,1.45512360797261,,100
116,2-F69,SM102,OCCN(CCCCCCCC(OC(CCCCCCCC)CCCCCCCC)=O)CCCCCC(OCCCCCCCCCCC)=O,50.0,DOPE,CCCCCCCC/C=C/CCCCCCCC(=O)OCC(COP(=O)([O-])OCC[NH3+])OC(=O)CCCCCCC/C=C/CCCCCCCC,5.0,β-sitosterol,CCC(CCC(C)C1CCC2C1(CCC3C2CC=C4C3(CCC(C4)O)C)C)C(C)C,38.5,DMPE-PEG,CCCCCCCCCCCCCC(OCC(OC(CCCCCCCCCCCCC)=O)COP(OCCNC(OCCO)=O)(O)=O)=O,1.5,L-Leu-UC18,C(CCCCCC)CCCCCCCCCCCNC(=O)N[C@@H](C(=O)OCC)CC(C)C,5.0,82.98983463,57.13353549,29.45483328,42.78488496,525014,483764,271485,268571,504389.0,270028.0,0.779219234343245,1.07590521062645,,100
378,5-F43,ALC0315,OCCCCN(CCCCCCOC(C(CCCCCC)CCCCCCCC)=O)CCCCCCOC(C(CCCCCC)CCCCCCCC)=O,45.4412195836998,DSPC,CCCCCCCCCCCCCCCCCC(=O)OCC(COP(=O)([O-])OCC[N+](C)(C)C)OC(=O)CCCCCCCCCCCCCCCCC,9.18596696960813,Cholesterol,CC(C)CCCC(C)C1CCC2C1(CCC3C2CC=C4C3(CCC(C4)O)C)C,41.7277435747093,DMPE-PEG,CCCCCCCCCCCCCC(OCC(OC(CCCCCCCCCCCCC)=O)COP(OCCNC(OCCO)=O)(O)=O)=O,1.56356884589075,DRDRC-DOPE,CCCCCCCC/C=C\CCCCCCCC(=O)OC[C@]([H])(OC(=O)CCCCCCC/C=C\CCCCCCCC)COP(=O)(OCCNC(=O)CCSSCC(C(=O)O)NC(=O)C(CCCNC(=N)N)NC(=O)C(CC(O)=O)NC(=O)C(CCCNC(=N)N)NC(=O)C(CC(O)=O)N)O,2.08150102609206,79.814805053327,66.2250288921909,35.3219592735278,42.5702387855147,21298,32891,17515,18429,27094.5,17972.0,0.197696477953463,0.486367265198977,,100
236,3-F93,ALC0315,OCCCCN(CCCCCCOC(C(CCCCCC)CCCCCCCC)=O)CCCCCCOC(C(CCCCCC)CCCCCCCC)=O,45.8715596330275,DOPE,CCCCCCCC/C=C/CCCCCCCC(=O)OCC(COP(=O)([O-])OCC[NH3+])OC(=O)CCCCCCC/C=C/CCCCCCCC,9.1743119266055,Cholesterol,CC(C)CCCC(C)C1CCC2C1(CCC3C2CC=C4C3(CCC(C4)O)C)C,35.3211009174312,DMPE-PEG,CCCCCCCCCCCCCC(OCC(OC(CCCCCCCCCCCCC)=O)COP(OCCNC(OCCO)=O)(O)=O)=O,1.37614678899083,L-His-UC18,C(CCCCCC)CCCCCCCCCCCNC(=O)N[C@H](C(OCC)=O)CC1=CN=CN1,8.25688073394496,83.10623081,84.251827,44.99720067,44.38536086,2530239,2345104,558549,523664,2437671.5,541106.5,4.84230876957397,3.74872873136396,,100
64,2-F17,SM102,OCCN(CCCCCCCC(OC(CCCCCCCC)CCCCCCCC)=O)CCCCCC(OCCCCCCCCCCC)=O,50.0,DOPC,CCCCCCCC/C=C\CCCCCCCC(=O)OCC(COP(=O)([O-])OCC[N+](C)(C)C)OC(=O)CCCCCCC/C=C\CCCCCCCC,5.0,β-sitosterol,CCC(CCC(C)C1CCC2C1(CCC3C2CC=C4C3(CCC(C4)O)C)C)C(C)C,38.5,DMG-PEG,CCCCCCCCCCCCCC(=O)OCC(COCCO)OC(=O)CCCCCCCCCCCCC,1.5,L-Glu-UC18,C(CCCCCC)CCCCCCCCCCCNC(=O)N[C@H](C(OCC)=O)CCC(=O)OCC,5.0,82.85781999,43.39137882,20.0660066,38.31695623,332453,226711,33386,53391,279582.0,43388.5,0.431919950625714,0.172878046836868,,100
417,5-F84,ALC0315,OCCCCN(CCCCCCOC(C(CCCCCC)CCCCCCCC)=O)CCCCCCOC(C(CCCCCC)CCCCCCCC)=O,45.0581395348837,DOPE,CCCCCCCC/C=C/CCCCCCCC(=O)OCC(COP(=O)([O-])OCC[NH3+])OC(=O)CCCCCCC/C=C/CCCCCCCC,9.10852713178295,Cholesterol,CC(C)CCCC(C)C1CCC2C1(CCC3C2CC=C4C3(CCC(C4)O)C)C,41.3759689922481,DSPE-PEG,CCCCCCCCCCCCCCCCCC(OCC(OC(CCCCCCCCCCCCCCCCC)=O)COP(OCCNC(OCCO)=O)(O)=O)=O,1.55038759689923,HA-DSSC,CCCCCCCCCCCCCCCCC(NC(CC(=O)O)C(=O)NC(CO)C(=O)NC(CO)C(=O)NC(C(=O)O)CS)=O,2.90697674418605,94.862637787363,82.4015074504748,54.1639504563233,62.3548691309927,152,417,119,298,284.5,208.5,0.002075869566804,0.005642531426329,,100
517,6-F91,ALC0315,OCCCCN(CCCCCCOC(C(CCCCCC)CCCCCCCC)=O)CCCCCCOC(C(CCCCCC)CCCCCCCC)=O,45.0581395348837,DOPE,CCCCCCCC/C=C/CCCCCCCC(=O)OCC(COP(=O)([O-])OCC[NH3+])OC(=O)CCCCCCC/C=C/CCCCCCCC,9.10852713178295,β-sitosterol,CCC(CCC(C)C1CCC2C1(CCC3C2CC=C4C3(CCC(C4)O)C)C)C(C)C,41.3759689922481,DMG-PEG,CCCCCCCCCCCCCC(=O)OCC(COCCO)OC(=O)CCCCCCCCCCCCC,1.55038759689923,L-PyHis,C1=CC2=CC=CC3=C2C2=C(C=C3)C(C(NC(C(OC)=O)CC3N=CNC=3)=O)=CC=C12,2.90697674418605,68.0994986687136,70.7734761788816,46.0725607608313,44.3318381347598,1395671,1602245,81337,333640,1498958.0,207488.5,0.506216352259455,0.331426659201832,,100
260,4-F21,SM102,OCCN(CCCCCCCC(OC(CCCCCCCC)CCCCCCCC)=O)CCCCCC(OCCCCCCCCCCC)=O,29.7547169811321,DOPE,CCCCCCCC/C=C/CCCCCCCC(=O)OCC(COP(=O)([O-])OCC[NH3+])OC(=O)CCCCCCC/C=C/CCCCCCCC,43.7264150943396,Cholesterol,CC(C)CCCC(C)C1CCC2C1(CCC3C2CC=C4C3(CCC(C4)O)C)C,17.1698113207547,DMPE-PEG,CCCCCCCCCCCCCC(OCC(OC(CCCCCCCCCCCCC)=O)COP(OCCNC(OCCO)=O)(O)=O)=O,3.68867924528302,L-Tyr-UC18,C(CCCCCC)CCCCCCCCCCCNC(=O)N[C@@H](C(=O)OCC)CC1=CC=C(O)C=C1,5.66037735849057,79.4874121703959,82.2267099116741,65.7424773709533,63.5523347766341,20784,5661,8463,1931,13222.5,5197.0,0.296545073281227,1.03867292894974,,100
163,3-F20,SM102,OCCN(CCCCCCCC(OC(CCCCCCCC)CCCCCCCC)=O)CCCCCC(OCCCCCCCCCCC)=O,47.1698113207547,DOPE,CCCCCCCC/C=C/CCCCCCCC(=O)OCC(COP(=O)([O-])OCC[NH3+])OC(=O)CCCCCCC/C=C/CCCCCCCC,9.43396226415094,Cholesterol,CC(C)CCCC(C)C1CCC2C1(CCC3C2CC=C4C3(CCC(C4)O)C)C,36.3207547169811,DMPE-PEG,CCCCCCCCCCCCCC(OCC(OC(CCCCCCCCCCCCC)=O)COP(OCCNC(OCCO)=O)(O)=O)=O,1.41509433962264,β-CD-UC18,[C@H]12OC3[C@H](O)[C@@H](O)[C@H](OC4[C@H](O)[C@@H](O)[C@H](OC5[C@H](O)[C@@H](O)[C@H](OC6[C@H](O)[C@@H](O)[C@H](OC7[C@H](O)[C@@H](O)[C@H](OC8[C@H](O)[C@@H](O)[C@H](OC([C@@H](O)[C@@H]1O)O[C@@H]2CNC(=O)NCCCCCCCCCCCCCCCCCC)CO8)CO7)CO6)CO5)CO4)CO3,5.66037735849057,82.50207814,90.53485205,52.62684419,47.95748723,2086713,1981335,510674,606828,2034024.0,558751.0,4.04048381938416,3.87096796541595,,100
291,4-F52,SM102,OCCN(CCCCCCCC(OC(CCCCCCCC)CCCCCCCC)=O)CCCCCC(OCCCCCCCCCCC)=O,49.0873786407767,DOPE,CCCCCCCC/C=C/CCCCCCCC(=O)OCC(COP(=O)([O-])OCC[NH3+])OC(=O)CCCCCCC/C=C/CCCCCCCC,13.0388349514563,Cholesterol,CC(C)CCCC(C)C1CCC2C1(CCC3C2CC=C4C3(CCC(C4)O)C)C,33.2233009708738,DMPE-PEG,CCCCCCCCCCCCCC(OCC(OC(CCCCCCCCCCCCC)=O)COP(OCCNC(OCCO)=O)(O)=O)=O,1.7378640776699,L-Tyr-UC18,C(CCCCCC)CCCCCCCCCCCNC(=O)N[C@@H](C(=O)OCC)CC1=CC=C(O)C=C1,2.9126213592233,86.5408989633504,44.0879271212263,21.8607877900254,42.910890824917,12309,9283,5067,5269,10796.0,5168.0,0.242125211657714,1.03287698610972,,100
127,2-F80,SM102,OCCN(CCCCCCCC(OC(CCCCCCCC)CCCCCCCC)=O)CCCCCC(OCCCCCCCCCCC)=O,50.0,DOPE,CCCCCCCC/C=C/CCCCCCCC(=O)OCC(COP(=O)([O-])OCC[NH3+])OC(=O)CCCCCCC/C=C/CCCCCCCC,5.0,β-sitosterol,CCC(CCC(C)C1CCC2C1(CCC3C2CC=C4C3(CCC(C4)O)C)C)C(C)C,38.5,DMPE-PEG,CCCCCCCCCCCCCC(OCC(OC(CCCCCCCCCCCCC)=O)COP(OCCNC(OCCO)=O)(O)=O)=O,1.5,L-Tyr-UC12,CCCCCCCCCCCCNC(=O)N[C@@H](C(=O)OCC)CC1=CC=C(O)C=C1,5.0,88.19491424,72.02124857,37.0107163,45.32213777,529956,522233,118668,142378,526094.5,130523.0,0.812751573650878,0.520058570987439,,100
422,5-F89,SM102,OCCN(CCCCCCCC(OC(CCCCCCCC)CCCCCCCC)=O)CCCCCC(OCCCCCCCCCCC)=O,48.5436893203884,DSPC,CCCCCCCCCCCCCCCCCC(=O)OCC(COP(=O)([O-])OCC[N+](C)(C)C)OC(=O)CCCCCCCCCCCCCCCCC,9.70873786407767,Cholesterol,CC(C)CCCC(C)C1CCC2C1(CCC3C2CC=C4C3(CCC(C4)O)C)C,37.378640776699,DMG-PEG,CCCCCCCCCCCCCC(=O)OCC(COCCO)OC(=O)CCCCCCCCCCCCC,1.45631067961165,4DC-DOPE,C(C)CCCCCC/C=C\CCCCCCCC(=O)OC[C@]([H])(OC(=O)CCCCCCC/C=C\CCCCCCCC)COP(=O)(OCCNC(=O)CCSSCC(C(=O)O)NC(=O)C(NC(=O)C(NC(=O)C(NC(=O)C(N)CC(=O)O)CC(=O)O)CC(=O)O)CC(=O)O)O,2.9126213592233,83.5000339052011,67.2223955779432,30.6161810983657,38.0297687665288,245991,164495,70834,46857,205243.0,58845.5,1.49756659929515,1.59250639351582,,100
375,5-F40,ALC0315,OCCCCN(CCCCCCOC(C(CCCCCC)CCCCCCCC)=O)CCCCCCOC(C(CCCCCC)CCCCCCCC)=O,45.0581395348837,DSPC,CCCCCCCCCCCCCCCCCC(=O)OCC(COP(=O)([O-])OCC[N+](C)(C)C)OC(=O)CCCCCCCCCCCCCCCCC,9.10852713178295,Cholesterol,CC(C)CCCC(C)C1CCC2C1(CCC3C2CC=C4C3(CCC(C4)O)C)C,41.3759689922481,DMPE-PEG,CCCCCCCCCCCCCC(OCC(OC(CCCCCCCCCCCCC)=O)COP(OCCNC(OCCO)=O)(O)=O)=O,1.55038759689923,DDSC-DOPE,CCCCCCCC/C=C\CCCCCCCC(=O)OC[C@]([H])(OC(=O)CCCCCCC/C=C\CCCCCCCC)COP(=O)(OCCNC(=O)CCSSCC(C(=O)O)NC(=O)C(CO)NC(=O)C(CC(O)=O)NC(=O)C(CC(O)=O)N)O,2.90697674418605,92.7331524862026,83.1745143636459,68.5496073204121,76.4275119265565,127758,111674,40290,56731,119716.0,48510.5,0.873514239224814,1.31281544727548,,100
285,4-F46,SM102,OCCN(CCCCCCCC(OC(CCCCCCCC)CCCCCCCC)=O)CCCCCC(OCCCCCCCCCCC)=O,30.6415094339623,DOPE,CCCCCCCC/C=C/CCCCCCCC(=O)OCC(COP(=O)([O-])OCC[NH3+])OC(=O)CCCCCCC/C=C/CCCCCCCC,49.0471698113208,Cholesterol,CC(C)CCCC(C)C1CCC2C1(CCC3C2CC=C4C3(CCC(C4)O)C)C,9.68867924528302,DMPE-PEG,CCCCCCCCCCCCCC(OCC(OC(CCCCCCCCCCCCC)=O)COP(OCCNC(OCCO)=O)(O)=O)=O,4.9622641509434,L-Tyr-UC18,C(CCCCCC)CCCCCCCCCCCNC(=O)N[C@@H](C(=O)OCC)CC1=CC=C(O)C=C1,5.66037735849057,78.6525087265848,67.8297848372198,40.7978317946981,47.3074155986038,35335,56413,6711,9103,45874.0,7907.0,1.02883030377788,1.58029379434396,,100
85,2-F38,SM102,OCCN(CCCCCCCC(OC(CCCCCCCC)CCCCCCCC)=O)CCCCCC(OCCCCCCCCCCC)=O,50.0,DOPC,CCCCCCCC/C=C\CCCCCCCC(=O)OCC(COP(=O)([O-])OCC[N+](C)(C)C)OC(=O)CCCCCCC/C=C\CCCCCCCC,5.0,β-sitosterol,CCC(CCC(C)C1CCC2C1(CCC3C2CC=C4C3(CCC(C4)O)C)C)C(C)C,38.5,DMPE-PEG,CCCCCCCCCCCCCC(OCC(OC(CCCCCCCCCCCCC)=O)COP(OCCNC(OCCO)=O)(O)=O)=O,1.5,L-Asp-UC12,CCCCCCCCCCCCNC(=O)N[C@H](C(OCC)=O)CC(=O)OCC,5.0,66.34819533,59.94160758,29.80740741,32.9932374,229686,246963,11071,10616,238324.5,10843.5,0.368182165779263,0.043205068183403,,100
34,1-F35,SM102,OCCN(CCCCCCCC(OC(CCCCCCCC)CCCCCCCC)=O)CCCCCC(OCCCCCCCCCCC)=O,50.0,DSPC,CCCCCCCCCCCCCCCCCC(=O)OCC(COP(=O)([O-])OCC[N+](C)(C)C)OC(=O)CCCCCCCCCCCCCCCCC,5.0,β-sitosterol,CCC(CCC(C)C1CCC2C1(CCC3C2CC=C4C3(CCC(C4)O)C)C)C(C)C,38.5,DMPE-PEG,CCCCCCCCCCCCCC(OCC(OC(CCCCCCCCCCCCC)=O)COP(OCCNC(OCCO)=O)(O)=O)=O,1.5,L-Phg-UC18,C(CCCCCC)CCCCCCCCCCCNC(=O)N[C@H](C(OCC)=O)C1=CC=CC=C1,5.0,74.10160007,69.47577969,33.58200947,35.81795909,462853,426643,128593,130090,444748.0,129341.5,7.02292824658919,7.97961009315812,,100
377,5-F42,ALC0315,OCCCCN(CCCCCCOC(C(CCCCCC)CCCCCCCC)=O)CCCCCCOC(C(CCCCCC)CCCCCCCC)=O,45.0581395348837,DSPC,CCCCCCCCCCCCCCCCCC(=O)OCC(COP(=O)([O-])OCC[N+](C)(C)C)OC(=O)CCCCCCCCCCCCCCCCC,9.10852713178295,Cholesterol,CC(C)CCCC(C)C1CCC2C1(CCC3C2CC=C4C3(CCC(C4)O)C)C,41.3759689922481,DMPE-PEG,CCCCCCCCCCCCCC(OCC(OC(CCCCCCCCCCCCC)=O)COP(OCCNC(OCCO)=O)(O)=O)=O,1.55038759689923,4RC-DOPE,CCCCCCCC/C=C\CCCCCCCC(=O)OC[C@]([H])(OC(=O)CCCCCCC/C=C\CCCCCCCC)COP(=O)(OCCNC(=O)CCSSCC(C(=O)O)NC(=O)C(CCCNC(=N)N)NC(=O)C(CCCNC(N)=N)NC(=O)C(CCCNC(=N)N)NC(=O)C(CCCNC(N)=N)N)O,2.90697674418605,92.3310365888573,74.4768929700436,61.3643410852713,76.0750481934609,20855,23709,15322,14726,22282.0,15024.0,0.162581812609904,0.406587012705844,,100
505,6-F79,ALC0315,OCCCCN(CCCCCCOC(C(CCCCCC)CCCCCCCC)=O)CCCCCCOC(C(CCCCCC)CCCCCCCC)=O,45.0581395348837,DOPE,CCCCCCCC/C=C/CCCCCCCC(=O)OCC(COP(=O)([O-])OCC[NH3+])OC(=O)CCCCCCC/C=C/CCCCCCCC,9.10852713178295,β-sitosterol,CCC(CCC(C)C1CCC2C1(CCC3C2CC=C4C3(CCC(C4)O)C)C)C(C)C,41.3759689922481,DMG-PEG,CCCCCCCCCCCCCC(=O)OCC(COCCO)OC(=O)CCCCCCCCCCCCC,1.55038759689923,L-Met-UC18,C(CCCCCC)CCCCCCCCCCCNC(=O)N[C@@H](C(=O)OCC)CCSC,2.90697674418605,72.8660449775988,77.1079390382339,63.93951532145,60.4220480714505,1658197,1640754,838034,791609,1649475.5,814821.5,0.557047943138727,1.30153510961247,,100
222,3-F79,ALC0315,OCCCCN(CCCCCCOC(C(CCCCCC)CCCCCCCC)=O)CCCCCCOC(C(CCCCCC)CCCCCCCC)=O,48.5436893203884,DOPE,CCCCCCCC/C=C/CCCCCCCC(=O)OCC(COP(=O)([O-])OCC[NH3+])OC(=O)CCCCCCC/C=C/CCCCCCCC,9.70873786407767,Cholesterol,CC(C)CCCC(C)C1CCC2C1(CCC3C2CC=C4C3(CCC(C4)O)C)C,37.378640776699,DMPE-PEG,CCCCCCCCCCCCCC(OCC(OC(CCCCCCCCCCCCC)=O)COP(OCCNC(OCCO)=O)(O)=O)=O,1.45631067961165,L-Met-UC18,C(CCCCCC)CCCCCCCCCCCNC(=O)N[C@@H](C(=O)OCC)CCSC,2.9126213592233,91.39646827,83.70884295,51.94171167,56.71191757,2224379,3416519,1254741,1391587,2820449.0,1323164.0,5.60267654063976,9.16674056420773,,100
103,2-F56,SM102,OCCN(CCCCCCCC(OC(CCCCCCCC)CCCCCCCC)=O)CCCCCC(OCCCCCCCCCCC)=O,50.0,DOPE,CCCCCCCC/C=C/CCCCCCCC(=O)OCC(COP(=O)([O-])OCC[NH3+])OC(=O)CCCCCCC/C=C/CCCCCCCC,5.0,β-sitosterol,CCC(CCC(C)C1CCC2C1(CCC3C2CC=C4C3(CCC(C4)O)C)C)C(C)C,38.5,DMPE-PEG,CCCCCCCCCCCCCC(OCC(OC(CCCCCCCCCCCCC)=O)COP(OCCNC(OCCO)=O)(O)=O)=O,1.5,L-Tyr-UC12,CCCCCCCCCCCCNC(=O)N[C@@H](C(=O)OCC)CC1=CC=C(O)C=C1,5.0,72.23213954,39.36729728,25.82056893,47.37625051,370890,349441,94109,85410,360165.5,89759.5,0.556411589362282,0.357639629050413,,100
402,5-F69,ALC0315,OCCCCN(CCCCCCOC(C(CCCCCC)CCCCCCCC)=O)CCCCCCOC(C(CCCCCC)CCCCCCCC)=O,45.0581395348837,DOPE,CCCCCCCC/C=C/CCCCCCCC(=O)OCC(COP(=O)([O-])OCC[NH3+])OC(=O)CCCCCCC/C=C/CCCCCCCC,9.10852713178295,Cholesterol,CC(C)CCCC(C)C1CCC2C1(CCC3C2CC=C4C3(CCC(C4)O)C)C,41.3759689922481,DMG-PEG,CCCCCCCCCCCCCC(=O)OCC(COCCO)OC(=O)CCCCCCCCCCCCC,1.55038759689923,DOPE-D-OMe,CCCCCCCC/C=C\CCCCCCCC(=O)OC[C@]([H])(OC(=O)CCCCCCC/C=C\CCCCCCCC)COP(=O)(OCCNC(=O)CCSSCC(C(=O)O)NC(=O)C(CO)NC(=O)C(CO)NC(=O)C(CC(=O)OC)N)O,2.90697674418605,83.6061081253901,85.0095493518631,76.1904761904762,74.9326309699618,161458,115232,105195,62986,138345.0,84090.5,1.00944174066588,2.2756992273656,,100
135,2-F88,SM102,OCCN(CCCCCCCC(OC(CCCCCCCC)CCCCCCCC)=O)CCCCCC(OCCCCCCCCCCC)=O,50.0,DOPE,CCCCCCCC/C=C/CCCCCCCC(=O)OCC(COP(=O)([O-])OCC[NH3+])OC(=O)CCCCCCC/C=C/CCCCCCCC,5.0,β-sitosterol,CCC(CCC(C)C1CCC2C1(CCC3C2CC=C4C3(CCC(C4)O)C)C)C(C)C,38.5,DMPE-PEG,CCCCCCCCCCCCCC(OCC(OC(CCCCCCCCCCCCC)=O)COP(OCCNC(OCCO)=O)(O)=O)=O,1.5,L-Glu-UC12,CCCCCCCCCCCCNC(=O)N[C@H](C(OCC)=O)CCC(=O)OCC,5.0,59.97393513,53.6828215,36.92752029,41.25507275,384029,360083,69485,59540,372056.0,64512.5,0.574780955676691,0.257044954228965,,100
480,6-F53,ALC0315,OCCCCN(CCCCCCOC(C(CCCCCC)CCCCCCCC)=O)CCCCCCOC(C(CCCCCC)CCCCCCCC)=O,45.0581395348837,DOPE,CCCCCCCC/C=C/CCCCCCCC(=O)OCC(COP(=O)([O-])OCC[NH3+])OC(=O)CCCCCCC/C=C/CCCCCCCC,9.10852713178295,Cholesterol,CC(C)CCCC(C)C1CCC2C1(CCC3C2CC=C4C3(CCC(C4)O)C)C,41.3759689922481,DMG-PEG,CCCCCCCCCCCCCC(=O)OCC(COCCO)OC(=O)CCCCCCCCCCCCC,1.55038759689923,L-Tyr-UC18,C(CCCCCC)CCCCCCCCCCCNC(=O)N[C@@H](C(=O)OCC)CC1=CC=C(O)C=C1,2.90697674418605,96.8086791257523,46.1291120455108,15.2556237218814,32.0161545771302,538663,311591,185102,191361,425127.0,188231.5,0.143570559806883,0.300666963236756,,100
380,5-F45,ALC0315,OCCCCN(CCCCCCOC(C(CCCCCC)CCCCCCCC)=O)CCCCCCOC(C(CCCCCC)CCCCCCCC)=O,45.0581395348837,DSPC,CCCCCCCCCCCCCCCCCC(=O)OCC(COP(=O)([O-])OCC[N+](C)(C)C)OC(=O)CCCCCCCCCCCCCCCCC,9.10852713178295,Cholesterol,CC(C)CCCC(C)C1CCC2C1(CCC3C2CC=C4C3(CCC(C4)O)C)C,41.3759689922481,DMPE-PEG,CCCCCCCCCCCCCC(OCC(OC(CCCCCCCCCCCCC)=O)COP(OCCNC(OCCO)=O)(O)=O)=O,1.55038759689923,DOPE-D-OMe,CCCCCCCC/C=C\CCCCCCCC(=O)OC[C@]([H])(OC(=O)CCCCCCC/C=C\CCCCCCCC)COP(=O)(OCCNC(=O)CCSSCC(C(=O)O)NC(=O)C(CO)NC(=O)C(CO)NC(=O)C(CC(=O)OC)N)O,2.90697674418605,82.1749063055261,86.6535348352176,95.1212864540747,90.2050079882938,61284,77442,52397,79340,69363.0,65868.5,0.506110863839009,1.7825663369552,,100
240,4-F1-SM102-LNP,SM102,OCCN(CCCCCCCC(OC(CCCCCCCC)CCCCCCCC)=O)CCCCCC(OCCCCCCCCCCC)=O,50.0,DSPC,CCCCCCCCCCCCCCCCCC(=O)OCC(COP(=O)([O-])OCC[N+](C)(C)C)OC(=O)CCCCCCCCCCCCCCCCC,10.0,Cholesterol,CC(C)CCCC(C)C1CCC2C1(CCC3C2CC=C4C3(CCC(C4)O)C)C,38.5,DMG-PEG,CCCCCCCCCCCCCC(=O)OCC(COCCO)OC(=O)CCCCCCCCCCCCC,1.5,,,0.0,79.595332405524,77.7845420186186,51.5551445864156,52.7553259822289,45606,43571,5324,4683,44588.5,5003.5,1.0,1.0,,100
446,6-F18,SM102,OCCN(CCCCCCCC(OC(CCCCCCCC)CCCCCCCC)=O)CCCCCC(OCCCCCCCCCCC)=O,48.5436893203884,DOPE,CCCCCCCC/C=C/CCCCCCCC(=O)OCC(COP(=O)([O-])OCC[NH3+])OC(=O)CCCCCCC/C=C/CCCCCCCC,9.70873786407767,Cholesterol,CC(C)CCCC(C)C1CCC2C1(CCC3C2CC=C4C3(CCC(C4)O)C)C,37.378640776699,DMG-PEG,CCCCCCCCCCCCCC(=O)OCC(COCCO)OC(=O)CCCCCCCCCCCCC,1.45631067961165,8RC-DOPE,CCCCCCCC/C=C\CCCCCCCC(=O)OC[C@]([H])(OC(=O)CCCCCCC/C=C\CCCCCCCC)COP(=O)(OCCNC(=O)CCSSCC(C(=O)O)NC(=O)C(CCCNC(=N)N)NC(=O)C(CCCNC(N)=N)NC(=O)C(CCCNC(=N)N)NC(=O)C(CCCNC(N)=N)NC(=O)C(CCCNC(=N)N)NC(=O)C(CCCNC(N)=N)NC(=O)C(CCCNC(=N)N)NC(=O)C(CCCNC(N)=N)N)O,2.9126213592233,87.2428847913822,96.230196970281,42.9320722269991,38.9224791082172,451969,461685,1038994,1118330,456827.0,1078662.0,0.154276035455049,1.7229742519126,,100
205,3-F62,ALC0315,OCCCCN(CCCCCCOC(C(CCCCCC)CCCCCCCC)=O)CCCCCCOC(C(CCCCCC)CCCCCCCC)=O,47.1698113207547,DOPE,CCCCCCCC/C=C/CCCCCCCC(=O)OCC(COP(=O)([O-])OCC[NH3+])OC(=O)CCCCCCC/C=C/CCCCCCCC,9.43396226415094,Cholesterol,CC(C)CCCC(C)C1CCC2C1(CCC3C2CC=C4C3(CCC(C4)O)C)C,36.3207547169811,DMPE-PEG,CCCCCCCCCCCCCC(OCC(OC(CCCCCCCCCCCCC)=O)COP(OCCNC(OCCO)=O)(O)=O)=O,1.41509433962264,L-Arg-UC18,C(CCCCCC)CCCCCCCCCCCNC(=O)N[C@@H](C(=O)OCC)CCCNC(=N)N,5.66037735849057,90.93239835,90.19394419,41.67492189,42.01613127,2540654,2525856,1293466,1122605,2533255.0,1208035.5,5.03218046486867,8.36914246522197,,100
347,5-F12,ALC0315,OCCCCN(CCCCCCOC(C(CCCCCC)CCCCCCCC)=O)CCCCCCOC(C(CCCCCC)CCCCCCCC)=O,46.4071856287425,DOPC,CCCCCCCC/C=C\CCCCCCCC(=O)OCC(COP(=O)([O-])OCC[N+](C)(C)C)OC(=O)CCCCCCC/C=C\CCCCCCCC,9.3812375249501,β-sitosterol,CCC(CCC(C)C1CCC2C1(CCC3C2CC=C4C3(CCC(C4)O)C)C)C(C)C,42.6147704590819,DMG-PEG,CCCCCCCCCCCCCC(=O)OCC(COCCO)OC(=O)CCCCCCCCCCCCC,1.59680638722555,,,,0.0,0.0,0.0,38.608288503686,9212,12444,2973,3510,10828.0,3241.5,0.079007084953776,0.087723096491347,,100
504,6-F77,ALC0315,OCCCCN(CCCCCCOC(C(CCCCCC)CCCCCCCC)=O)CCCCCCOC(C(CCCCCC)CCCCCCCC)=O,45.0581395348837,DOPE,CCCCCCCC/C=C/CCCCCCCC(=O)OCC(COP(=O)([O-])OCC[NH3+])OC(=O)CCCCCCC/C=C/CCCCCCCC,9.10852713178295,β-sitosterol,CCC(CCC(C)C1CCC2C1(CCC3C2CC=C4C3(CCC(C4)O)C)C)C(C)C,41.3759689922481,DMG-PEG,CCCCCCCCCCCCCC(=O)OCC(COCCO)OC(=O)CCCCCCCCCCCCC,1.55038759689923,L-Tyr-UC18,C(CCCCCC)CCCCCCCCCCCNC(=O)N[C@@H](C(=O)OCC)CC1=CC=C(O)C=C1,2.90697674418605,51.1019228453294,81.0320074318048,75.3731343283582,47.5332182569949,1897469,1991466,1123389,1138201,1944467.5,1130795.0,0.656670330280809,1.80624761898677,,100
333,4-F94,SM102,OCCN(CCCCCCCC(OC(CCCCCCCC)CCCCCCCC)=O)CCCCCC(OCCCCCCCCCCC)=O,33.2621359223301,DOPE,CCCCCCCC/C=C/CCCCCCCC(=O)OCC(COP(=O)([O-])OCC[NH3+])OC(=O)CCCCCCC/C=C/CCCCCCCC,31.4757281553398,Cholesterol,CC(C)CCCC(C)C1CCC2C1(CCC3C2CC=C4C3(CCC(C4)O)C)C,26.6990291262136,DMPE-PEG,CCCCCCCCCCCCCC(OCC(OC(CCCCCCCCCCCCC)=O)COP(OCCNC(OCCO)=O)(O)=O)=O,5.6504854368932,L-Tyr-UC18,C(CCCCCC)CCCCCCCCCCCNC(=O)N[C@@H](C(=O)OCC)CC1=CC=C(O)C=C1,2.9126213592233,79.1106413794453,77.0927990063086,58.3498268184068,59.877086880786,7835,8696,25208,10255,8265.5,17731.5,0.185372910055283,3.54381932647147,,100
436,6-F8,SM102,OCCN(CCCCCCCC(OC(CCCCCCCC)CCCCCCCC)=O)CCCCCC(OCCCCCCCCCCC)=O,48.5436893203884,DOPE,CCCCCCCC/C=C/CCCCCCCC(=O)OCC(COP(=O)([O-])OCC[NH3+])OC(=O)CCCCCCC/C=C/CCCCCCCC,9.70873786407767,Cholesterol,CC(C)CCCC(C)C1CCC2C1(CCC3C2CC=C4C3(CCC(C4)O)C)C,37.378640776699,DMG-PEG,CCCCCCCCCCCCCC(=O)OCC(COCCO)OC(=O)CCCCCCCCCCCCC,1.45631067961165,DC-DOPE,CCCCCCCC/C=C\CCCCCCCC(=O)OC[C@]([H])(OC(=O)CCCCCCC/C=C\CCCCCCCC)COP(=O)(OCCNC(=O)CCSSCC(C(=O)O)NC(=O)C(CC(=O)O)N)O,2.9126213592233,87.47779149092,96.5518225672937,52.4418604651163,47.513325105448,2402366,2243335,1465115,1243633,2322850.5,1354374.0,0.784454872620881,2.16337604315334,,100
165,3-F22,SM102,OCCN(CCCCCCCC(OC(CCCCCCCC)CCCCCCCC)=O)CCCCCC(OCCCCCCCCCCC)=O,44.6428571428571,DOPE,CCCCCCCC/C=C/CCCCCCCC(=O)OCC(COP(=O)([O-])OCC[NH3+])OC(=O)CCCCCCC/C=C/CCCCCCCC,8.92857142857143,Cholesterol,CC(C)CCCC(C)C1CCC2C1(CCC3C2CC=C4C3(CCC(C4)O)C)C,34.375,DMPE-PEG,CCCCCCCCCCCCCC(OCC(OC(CCCCCCCCCCCCC)=O)COP(OCCNC(OCCO)=O)(O)=O)=O,1.33928571428571,β-CD-UC18,[C@H]12OC3[C@H](O)[C@@H](O)[C@H](OC4[C@H](O)[C@@H](O)[C@H](OC5[C@H](O)[C@@H](O)[C@H](OC6[C@H](O)[C@@H](O)[C@H](OC7[C@H](O)[C@@H](O)[C@H](OC8[C@H](O)[C@@H](O)[C@H](OC([C@@H](O)[C@@H]1O)O[C@@H]2CNC(=O)NCCCCCCCCCCCCCCCCCC)CO8)CO7)CO6)CO5)CO4)CO3,10.7142857142857,73.09119773,77.97790887,72.93806868,68.3671937,146588,331779,265237,456313,239183.5,360775.0,0.47512569252559,2.49941112896968,,100
416,5-F83,ALC0315,OCCCCN(CCCCCCOC(C(CCCCCC)CCCCCCCC)=O)CCCCCCOC(C(CCCCCC)CCCCCCCC)=O,45.0581395348837,DOPE,CCCCCCCC/C=C/CCCCCCCC(=O)OCC(COP(=O)([O-])OCC[NH3+])OC(=O)CCCCCCC/C=C/CCCCCCCC,9.10852713178295,Cholesterol,CC(C)CCCC(C)C1CCC2C1(CCC3C2CC=C4C3(CCC(C4)O)C)C,41.3759689922481,DSPE-PEG,CCCCCCCCCCCCCCCCCC(OCC(OC(CCCCCCCCCCCCCCCCC)=O)COP(OCCNC(OCCO)=O)(O)=O)=O,1.55038759689923,DOPE-C-Ome,CCCCCCCC/C=C\CCCCCCCC(=O)OC[C@]([H])(OC(=O)CCCCCCC/C=C\CCCCCCCC)COP(=O)(OCCNC(=O)CCSSCC(C(=O)OC)NC(=O)C(CO)NC(=O)C(CO)NC(=O)C(CC(=O)O)N)O,2.90697674418605,89.3328823605206,81.6120497586335,63.4003425583701,69.3982734183739,164,683,121,258,423.5,189.5,0.003090090550233,0.005128343910261,,100
281,4-F42,SM102,OCCN(CCCCCCCC(OC(CCCCCCCC)CCCCCCCC)=O)CCCCCC(OCCCCCCCCCCC)=O,61.0660377358491,DOPE,CCCCCCCC/C=C/CCCCCCCC(=O)OCC(COP(=O)([O-])OCC[NH3+])OC(=O)CCCCCCC/C=C/CCCCCCCC,18.7830188679245,Cholesterol,CC(C)CCCC(C)C1CCC2C1(CCC3C2CC=C4C3(CCC(C4)O)C)C,12.1509433962264,DMPE-PEG,CCCCCCCCCCCCCC(OCC(OC(CCCCCCCCCCCCC)=O)COP(OCCNC(OCCO)=O)(O)=O)=O,2.33962264150943,L-Tyr-UC18,C(CCCCCC)CCCCCCCCCCCNC(=O)N[C@@H](C(=O)OCC)CC1=CC=C(O)C=C1,5.66037735849057,79.0594581603087,76.3841141996529,39.4021280189157,40.7821825804815,2544,2686,3551,3673,2615.0,3612.0,0.058647409085302,0.72189467372839,,100
182,3-F39,SM102,OCCN(CCCCCCCC(OC(CCCCCCCC)CCCCCCCC)=O)CCCCCC(OCCCCCCCCCCC)=O,45.8715596330275,DOPE,CCCCCCCC/C=C/CCCCCCCC(=O)OCC(COP(=O)([O-])OCC[NH3+])OC(=O)CCCCCCC/C=C/CCCCCCCC,9.1743119266055,Cholesterol,CC(C)CCCC(C)C1CCC2C1(CCC3C2CC=C4C3(CCC(C4)O)C)C,35.3211009174312,DMPE-PEG,CCCCCCCCCCCCCC(OCC(OC(CCCCCCCCCCCCC)=O)COP(OCCNC(OCCO)=O)(O)=O)=O,1.37614678899083,L-Tyr-UC18,C(CCCCCC)CCCCCCCCCCCNC(=O)N[C@@H](C(=O)OCC)CC1=CC=C(O)C=C1,8.25688073394496,84.80242384,82.36144081,24.05969699,24.77276504,3181164,3315749,245570,311725,3248456.5,278647.5,6.45289137503948,1.93044047553068,,100
119,2-F72,SM102,OCCN(CCCCCCCC(OC(CCCCCCCC)CCCCCCCC)=O)CCCCCC(OCCCCCCCCCCC)=O,50.0,DOPE,CCCCCCCC/C=C/CCCCCCCC(=O)OCC(COP(=O)([O-])OCC[NH3+])OC(=O)CCCCCCC/C=C/CCCCCCCC,5.0,β-sitosterol,CCC(CCC(C)C1CCC2C1(CCC3C2CC=C4C3(CCC(C4)O)C)C)C(C)C,38.5,DMPE-PEG,CCCCCCCCCCCCCC(OCC(OC(CCCCCCCCCCCCC)=O)COP(OCCNC(OCCO)=O)(O)=O)=O,1.5,β-CD-UC18,[C@H]12OC3[C@H](O)[C@@H](O)[C@H](OC4[C@H](O)[C@@H](O)[C@H](OC5[C@H](O)[C@@H](O)[C@H](OC6[C@H](O)[C@@H](O)[C@H](OC7[C@H](O)[C@@H](O)[C@H](OC8[C@H](O)[C@@H](O)[C@H](OC([C@@H](O)[C@@H]1O)O[C@@H]2CNC(=O)NCCCCCCCCCCCCCCCCCC)CO8)CO7)CO6)CO5)CO4)CO3,5.0,77.99519884,58.75765268,31.87202592,42.30708487,276916,320137,126043,176714,298526.5,151378.5,0.461186883062812,0.603155661364066,,100
261,4-F22,SM102,OCCN(CCCCCCCC(OC(CCCCCCCC)CCCCCCCC)=O)CCCCCC(OCCCCCCCCCCC)=O,55.7830188679245,DOPE,CCCCCCCC/C=C/CCCCCCCC(=O)OCC(COP(=O)([O-])OCC[NH3+])OC(=O)CCCCCCC/C=C/CCCCCCCC,25.4716981132075,Cholesterol,CC(C)CCCC(C)C1CCC2C1(CCC3C2CC=C4C3(CCC(C4)O)C)C,11.9622641509434,DMPE-PEG,CCCCCCCCCCCCCC(OCC(OC(CCCCCCCCCCCCC)=O)COP(OCCNC(OCCO)=O)(O)=O)=O,1.12264150943396,L-Tyr-UC18,C(CCCCCC)CCCCCCCCCCCNC(=O)N[C@@H](C(=O)OCC)CC1=CC=C(O)C=C1,5.66037735849057,79.5701731488732,30.2915242796271,13.0854747585201,34.3730966675368,6583,3544,713,248,5063.5,480.5,0.113560671473586,0.096032777056061,,100
233,3-F90,ALC0315,OCCCCN(CCCCCCOC(C(CCCCCC)CCCCCCCC)=O)CCCCCCOC(C(CCCCCC)CCCCCCCC)=O,42.3728813559322,DOPE,CCCCCCCC/C=C/CCCCCCCC(=O)OCC(COP(=O)([O-])OCC[NH3+])OC(=O)CCCCCCC/C=C/CCCCCCCC,8.47457627118644,Cholesterol,CC(C)CCCC(C)C1CCC2C1(CCC3C2CC=C4C3(CCC(C4)O)C)C,32.6271186440678,DMPE-PEG,CCCCCCCCCCCCCC(OCC(OC(CCCCCCCCCCCCC)=O)COP(OCCNC(OCCO)=O)(O)=O)=O,1.27118644067797,L-Tyr-UC18,C(CCCCCC)CCCCCCCCCCCNC(=O)N[C@@H](C(=O)OCC)CC1=CC=C(O)C=C1,15.2542372881356,88.99996049,88.09725457,55.41620422,55.9840373,4013958,638168,786175,1484195,2326063.0,1135185.0,4.62060423788912,7.86444188882115,,100
124,2-F77,SM102,OCCN(CCCCCCCC(OC(CCCCCCCC)CCCCCCCC)=O)CCCCCC(OCCCCCCCCCCC)=O,50.0,DOPE,CCCCCCCC/C=C/CCCCCCCC(=O)OCC(COP(=O)([O-])OCC[NH3+])OC(=O)CCCCCCC/C=C/CCCCCCCC,5.0,β-sitosterol,CCC(CCC(C)C1CCC2C1(CCC3C2CC=C4C3(CCC(C4)O)C)C)C(C)C,38.5,DMPE-PEG,CCCCCCCCCCCCCC(OCC(OC(CCCCCCCCCCCCC)=O)COP(OCCNC(OCCO)=O)(O)=O)=O,1.5,L-Arg-Uc18,C(CCCCCC)CCCCCCCCCCCNC(=O)N[C@@H](C(=O)OCC)CCCNC(=N)N,5.0,81.53953149,58.85319118,25.49407115,35.32135769,1027726,1179846,130193,158251,1103786.0,144222.0,1.70521419340785,0.574641153091413,,100
429,6-F1-SM102,SM102,OCCN(CCCCCCCC(OC(CCCCCCCC)CCCCCCCC)=O)CCCCCC(OCCCCCCCCCCC)=O,50.0,DSPC,CCCCCCCCCCCCCCCCCC(=O)OCC(COP(=O)([O-])OCC[N+](C)(C)C)OC(=O)CCCCCCCCCCCCCCCCC,10.0,Cholesterol,CC(C)CCCC(C)C1CCC2C1(CCC3C2CC=C4C3(CCC(C4)O)C)C,38.5,DMG-PEG,CCCCCCCCCCCCCC(=O)OCC(COCCO)OC(=O)CCCCCCCCCCCCC,1.5,,,,88.5424572694982,79.8940227942352,59.9691410937768,66.4607304411184,3049071,2873132,592627,659466,2961101.5,626046.5,1.0,1.0,,100
372,5-F37,ALC0315,OCCCCN(CCCCCCOC(C(CCCCCC)CCCCCCCC)=O)CCCCCCOC(C(CCCCCC)CCCCCCCC)=O,45.6867753979171,DSPC,CCCCCCCCCCCCCCCCCC(=O)OCC(COP(=O)([O-])OCC[N+](C)(C)C)OC(=O)CCCCCCCCCCCCCCCCC,9.23560620947141,Cholesterol,CC(C)CCCC(C)C1CCC2C1(CCC3C2CC=C4C3(CCC(C4)O)C)C,41.9532324621733,DMPE-PEG,CCCCCCCCCCCCCC(OCC(OC(CCCCCCCCCCCCC)=O)COP(OCCNC(OCCO)=O)(O)=O)=O,1.5720180782079,RC-DOPE,CCCCCCCC/C=C\CCCCCCCC(=O)OC[C@]([H])(OC(=O)CCCCCCC/C=C\CCCCCCCC)COP(=O)(OCCNC(=O)CCSSCC(C(=O)O)NC(=O)C(CCCNC(=N)N)N)O,1.5523678522303,88.9538192468387,71.2515947710001,60.1310759148007,75.0704440403648,18234,14486,11909,12343,16360.0,12126.0,0.119371620783504,0.328159885254996,,100
508,6-F82,ALC0315,OCCCCN(CCCCCCOC(C(CCCCCC)CCCCCCCC)=O)CCCCCCOC(C(CCCCCC)CCCCCCCC)=O,45.0581395348837,DOPE,CCCCCCCC/C=C/CCCCCCCC(=O)OCC(COP(=O)([O-])OCC[NH3+])OC(=O)CCCCCCC/C=C/CCCCCCCC,9.10852713178295,β-sitosterol,CCC(CCC(C)C1CCC2C1(CCC3C2CC=C4C3(CCC(C4)O)C)C)C(C)C,41.3759689922481,DMG-PEG,CCCCCCCCCCCCCC(=O)OCC(COCCO)OC(=O)CCCCCCCCCCCCC,1.55038759689923,DRC-DOPE,CCCCCCCC/C=C\CCCCCCCC(=O)OC[C@]([H])(OC(=O)CCCCCCC/C=C\CCCCCCCC)COP(=O)(OCCNC(=O)CCSSCC(C(=O)O)NC(=O)C(CCCNC(=N)N)NC(=O)C(N)CC(=O)O)O,2.90697674418605,82.6924617479773,88.8737185569157,62.008557358521,57.6957996208177,2811367,2550123,1249677,1234478,2680745.0,1242077.5,0.905320199256932,1.98400198707285,,100
411,5-F78,ALC0315,OCCCCN(CCCCCCOC(C(CCCCCC)CCCCCCCC)=O)CCCCCCOC(C(CCCCCC)CCCCCCCC)=O,45.0581395348837,DOPE,CCCCCCCC/C=C/CCCCCCCC(=O)OCC(COP(=O)([O-])OCC[NH3+])OC(=O)CCCCCCC/C=C/CCCCCCCC,9.10852713178295,Cholesterol,CC(C)CCCC(C)C1CCC2C1(CCC3C2CC=C4C3(CCC(C4)O)C)C,41.3759689922481,DSPE-PEG,CCCCCCCCCCCCCCCCCC(OCC(OC(CCCCCCCCCCCCCCCCC)=O)COP(OCCNC(OCCO)=O)(O)=O)=O,1.55038759689923,4RC-DOPE,CCCCCCCC/C=C\CCCCCCCC(=O)OC[C@]([H])(OC(=O)CCCCCCC/C=C\CCCCCCCC)COP(=O)(OCCNC(=O)CCSSCC(C(=O)O)NC(=O)C(CCCNC(=N)N)NC(=O)C(CCCNC(N)=N)NC(=O)C(CCCNC(=N)N)NC(=O)C(CCCNC(N)=N)N)O,2.90697674418605,89.0259513557547,83.0149217713068,44.9673202614379,48.2233600993056,826,1336,561,711,1081.0,636.0,0.00788757469847,0.017211750537867,,100
325,4-F86,SM102,OCCN(CCCCCCCC(OC(CCCCCCCC)CCCCCCCC)=O)CCCCCC(OCCCCCCCCCCC)=O,28.504854368932,DOPE,CCCCCCCC/C=C/CCCCCCCC(=O)OCC(COP(=O)([O-])OCC[NH3+])OC(=O)CCCCCCC/C=C/CCCCCCCC,23.631067961165,Cholesterol,CC(C)CCCC(C)C1CCC2C1(CCC3C2CC=C4C3(CCC(C4)O)C)C,40.4757281553398,DMPE-PEG,CCCCCCCCCCCCCC(OCC(OC(CCCCCCCCCCCCC)=O)COP(OCCNC(OCCO)=O)(O)=O)=O,4.47572815533981,L-Tyr-UC18,C(CCCCCC)CCCCCCCCCCCNC(=O)N[C@@H](C(=O)OCC)CC1=CC=C(O)C=C1,2.9126213592233,64.3750121517314,8.6178684411476,9.54394442766536,71.2927497909902,2354,2663,2250,2190,2508.5,2220.0,0.05625890083766,0.443689417407815,,100
94,2-F47,SM102,OCCN(CCCCCCCC(OC(CCCCCCCC)CCCCCCCC)=O)CCCCCC(OCCCCCCCCCCC)=O,50.0,DOPC,CCCCCCCC/C=C\CCCCCCCC(=O)OCC(COP(=O)([O-])OCC[N+](C)(C)C)OC(=O)CCCCCCC/C=C\CCCCCCCC,5.0,β-sitosterol,CCC(CCC(C)C1CCC2C1(CCC3C2CC=C4C3(CCC(C4)O)C)C)C(C)C,38.5,DMPE-PEG,CCCCCCCCCCCCCC(OCC(OC(CCCCCCCCCCCCC)=O)COP(OCCNC(OCCO)=O)(O)=O)=O,1.5,β-CD-UC12,[C@H]12OC3[C@H](O)[C@@H](O)[C@H](OC4[C@H](O)[C@@H](O)[C@H](OC5[C@H](O)[C@@H](O)[C@H](OC6[C@H](O)[C@@H](O)[C@H](OC7[C@H](O)[C@@H](O)[C@H](OC8[C@H](O)[C@@H](O)[C@H](OC([C@@H](O)[C@@H]1O)O[C@@H]2CNC(=O)NCCCCCCCCCCCC)CO8)CO7)CO6)CO5)CO4)CO3,5.0,74.72562944,79.34081581,51.14740821,48.17220788,259037,367600,34850,41801,313318.5,38325.5,0.484038711541239,0.152704923748145,,100
114,2-F67,SM102,OCCN(CCCCCCCC(OC(CCCCCCCC)CCCCCCCC)=O)CCCCCC(OCCCCCCCCCCC)=O,50.0,DOPE,CCCCCCCC/C=C/CCCCCCCC(=O)OCC(COP(=O)([O-])OCC[NH3+])OC(=O)CCCCCCC/C=C/CCCCCCCC,5.0,β-sitosterol,CCC(CCC(C)C1CCC2C1(CCC3C2CC=C4C3(CCC(C4)O)C)C)C(C)C,38.5,DMPE-PEG,CCCCCCCCCCCCCC(OCC(OC(CCCCCCCCCCCCC)=O)COP(OCCNC(OCCO)=O)(O)=O)=O,1.5,L-Val-UC18,C(CCCCCC)CCCCCCCCCCCNC(=O)N[C@@H](C(=O)OCC)C(C)C,5.0,75.63729599,77.31936633,39.13515863,38.28377956,618554,846,275172,206842,309700.0,241007.0,0.478448572185561,0.960273331274716,,100
234,3-F91,ALC0315,OCCCCN(CCCCCCOC(C(CCCCCC)CCCCCCCC)=O)CCCCCCOC(C(CCCCCC)CCCCCCCC)=O,48.5436893203884,DOPE,CCCCCCCC/C=C/CCCCCCCC(=O)OCC(COP(=O)([O-])OCC[NH3+])OC(=O)CCCCCCC/C=C/CCCCCCCC,9.70873786407767,Cholesterol,CC(C)CCCC(C)C1CCC2C1(CCC3C2CC=C4C3(CCC(C4)O)C)C,37.378640776699,DMPE-PEG,CCCCCCCCCCCCCC(OCC(OC(CCCCCCCCCCCCC)=O)COP(OCCNC(OCCO)=O)(O)=O)=O,1.45631067961165,L-His-UC18,C(CCCCCC)CCCCCCCCCCCNC(=O)N[C@H](C(OCC)=O)CC1=CN=CN1,2.9126213592233,89.30939442,87.84331122,66.30031298,67.40684885,2799268,3730458,2099456,827669,3264863.0,1463562.5,6.4854820415128,10.1394065565593,,100
266,4-F27,SM102,OCCN(CCCCCCCC(OC(CCCCCCCC)CCCCCCCC)=O)CCCCCC(OCCCCCCCCCCC)=O,34.0188679245283,DOPE,CCCCCCCC/C=C/CCCCCCCC(=O)OCC(COP(=O)([O-])OCC[NH3+])OC(=O)CCCCCCC/C=C/CCCCCCCC,31.2924528301887,Cholesterol,CC(C)CCCC(C)C1CCC2C1(CCC3C2CC=C4C3(CCC(C4)O)C)C,24.4433962264151,DMPE-PEG,CCCCCCCCCCCCCC(OCC(OC(CCCCCCCCCCCCC)=O)COP(OCCNC(OCCO)=O)(O)=O)=O,4.58490566037736,L-Tyr-UC18,C(CCCCCC)CCCCCCCCCCCNC(=O)N[C@@H](C(=O)OCC)CC1=CC=C(O)C=C1,5.66037735849057,83.0792200726279,82.4634208950116,58.7115443192202,59.1499753267622,37002,35967,14807,11876,36484.5,13341.5,0.818249100104287,2.66643349655241,,100
241,4-F2,SM102,OCCN(CCCCCCCC(OC(CCCCCCCC)CCCCCCCC)=O)CCCCCC(OCCCCCCCCCCC)=O,50.0,DOPE,CCCCCCCC/C=C/CCCCCCCC(=O)OCC(COP(=O)([O-])OCC[NH3+])OC(=O)CCCCCCC/C=C/CCCCCCCC,10.0,Cholesterol,CC(C)CCCC(C)C1CCC2C1(CCC3C2CC=C4C3(CCC(C4)O)C)C,38.5,DMPE-PEG,CCCCCCCCCCCCCC(OCC(OC(CCCCCCCCCCCCC)=O)COP(OCCNC(OCCO)=O)(O)=O)=O,1.5,,,0.0,81.4527100047042,59.3825134526581,24.2878326699446,33.3146860259621,14052,12902,2287,2006,13477.0,2146.5,0.30225282303733,0.428999700209853,,100
122,2-F75,SM102,OCCN(CCCCCCCC(OC(CCCCCCCC)CCCCCCCC)=O)CCCCCC(OCCCCCCCCCCC)=O,50.0,DOPE,CCCCCCCC/C=C/CCCCCCCC(=O)OCC(COP(=O)([O-])OCC[NH3+])OC(=O)CCCCCCC/C=C/CCCCCCCC,5.0,β-sitosterol,CCC(CCC(C)C1CCC2C1(CCC3C2CC=C4C3(CCC(C4)O)C)C)C(C)C,38.5,DMPE-PEG,CCCCCCCCCCCCCC(OCC(OC(CCCCCCCCCCCCC)=O)COP(OCCNC(OCCO)=O)(O)=O)=O,1.5,L-His-UC18,C(CCCCCC)CCCCCCCCCCCNC(=O)N[C@H](C(OCC)=O)CC1=CN=CN1,5.0,78.44243792,76.0081505,33.9399069,35.02688886,940319,1042906,201271,234596,991612.5,217933.5,1.53191987338184,0.868338795310337,,100
502,6-F75,ALC0315,OCCCCN(CCCCCCOC(C(CCCCCC)CCCCCCCC)=O)CCCCCCOC(C(CCCCCC)CCCCCCCC)=O,45.0581395348837,DOPE,CCCCCCCC/C=C/CCCCCCCC(=O)OCC(COP(=O)([O-])OCC[NH3+])OC(=O)CCCCCCC/C=C/CCCCCCCC,9.10852713178295,β-sitosterol,CCC(CCC(C)C1CCC2C1(CCC3C2CC=C4C3(CCC(C4)O)C)C)C(C)C,41.3759689922481,DMG-PEG,CCCCCCCCCCCCCC(=O)OCC(COCCO)OC(=O)CCCCCCCCCCCCC,1.55038759689923,L-His-UC18,C(CCCCCC)CCCCCCCCCCCNC(=O)N[C@H](C(OCC)=O)CC1=CN=CN1,2.90697674418605,50.3823547357074,84.3427545984747,64.507013825815,38.5334255323476,1829972,1969170,837457,837933,1899571.0,837695.0,0.641508236039866,1.3380715330251,,100
158,3-F15,SM102,OCCN(CCCCCCCC(OC(CCCCCCCC)CCCCCCCC)=O)CCCCCC(OCCCCCCCCCCC)=O,45.8715596330275,DOPE,CCCCCCCC/C=C/CCCCCCCC(=O)OCC(COP(=O)([O-])OCC[NH3+])OC(=O)CCCCCCC/C=C/CCCCCCCC,9.1743119266055,Cholesterol,CC(C)CCCC(C)C1CCC2C1(CCC3C2CC=C4C3(CCC(C4)O)C)C,35.3211009174312,DMPE-PEG,CCCCCCCCCCCCCC(OCC(OC(CCCCCCCCCCCCC)=O)COP(OCCNC(OCCO)=O)(O)=O)=O,1.37614678899083,L-Arg-UC18,C(CCCCCC)CCCCCCCCCCCNC(=O)N[C@@H](C(=O)OCC)CCCNC(=N)N,8.25688073394496,82.21742164,76.32688049,34.875561,37.56708888,3260807,3035030,960856,1083194,3147918.5,1022025.0,6.25317782090578,7.08048135010808,,100
